[SHIELD-GH] Detection mode = LIGHTWEIGHT (rule-based S1-S6 + HMAC + threshold FlowMod)
Solution at controller cleared
flow id 0source is 0destination is 3
Poisson flow size is 3
flow id 1source is 3destination is 0
Poisson flow size is 3
flow id 2source is 3destination is 0
Poisson flow size is 3
flow id 3source is 3destination is 0
Poisson flow size is 0
flow id 0source is 0destination is 3
Poisson flow size is 3
flow id 1source is 3destination is 0
Poisson flow size is 3
flow id 2source is 3destination is 0
Poisson flow size is 1
flow id 3source is 3destination is 0
Poisson flow size is 0
flow id 0source is 0destination is 3
Poisson flow size is 3
flow id 1source is 3destination is 0
Poisson flow size is 0
flow id 2source is 3destination is 0
Poisson flow size is 0
flow id 3source is 3destination is 0
Poisson flow size is 0
flow id 0source is 0destination is 3
Poisson flow size is 3
flow id 1source is 3destination is 0
Poisson flow size is 1
flow id 2source is 3destination is 0
Poisson flow size is 1
flow id 3source is 3destination is 0
Poisson flow size is 3
flow id 0source is 0destination is 3
Poisson flow size is 3
flow id 1source is 3destination is 0
Poisson flow size is 1
flow id 2source is 3destination is 0
Poisson flow size is 1
flow id 3source is 3destination is 0
Poisson flow size is 3
flow id 0source is 0destination is 3
Poisson flow size is 3
flow id 1source is 3destination is 0
Poisson flow size is 0
flow id 2source is 3destination is 0
Poisson flow size is 3
flow id 3source is 3destination is 0
Poisson flow size is 2
flow id 0source is 0destination is 3
Poisson flow size is 3
flow id 1source is 3destination is 0
Poisson flow size is 1
flow id 2source is 3destination is 0
Poisson flow size is 0
flow id 3source is 3destination is 0
Poisson flow size is 1
flow id 0source is 0destination is 3
Poisson flow size is 3
flow id 1source is 3destination is 0
Poisson flow size is 1
flow id 2source is 3destination is 0
Poisson flow size is 3
flow id 3source is 3destination is 0
Poisson flow size is 2
flow id 0source is 0destination is 3
Poisson flow size is 3
flow id 1source is 3destination is 0
Poisson flow size is 0
flow id 2source is 3destination is 0
Poisson flow size is 2
flow id 3source is 3destination is 0
Poisson flow size is 0
flow id 0source is 0destination is 3
Poisson flow size is 3
flow id 1source is 3destination is 0
Poisson flow size is 1
flow id 2source is 3destination is 0
Poisson flow size is 3
flow id 3source is 3destination is 0
Poisson flow size is 2
flow id 0source is 0destination is 3
Poisson flow size is 3
flow id 1source is 3destination is 0
Poisson flow size is 3
flow id 2source is 3destination is 0
Poisson flow size is 1
flow id 3source is 3destination is 0
Poisson flow size is 2
flow id 0source is 0destination is 3
Poisson flow size is 3
flow id 1source is 3destination is 0
Poisson flow size is 3
flow id 2source is 3destination is 0
Poisson flow size is 2
flow id 3source is 3destination is 0
Poisson flow size is 2
flow id 0source is 0destination is 3
Poisson flow size is 3
flow id 1source is 3destination is 0
Poisson flow size is 0
flow id 2source is 3destination is 0
Poisson flow size is 1
flow id 3source is 3destination is 0
Poisson flow size is 0
flow id 0source is 0destination is 3
Poisson flow size is 3
flow id 1source is 3destination is 0
Poisson flow size is 0
flow id 2source is 3destination is 0
Poisson flow size is 1
flow id 3source is 3destination is 0
Poisson flow size is 1
flow id 0source is 0destination is 3
Poisson flow size is 3
flow id 1source is 3destination is 0
Poisson flow size is 3
flow id 2source is 3destination is 0
Poisson flow size is 2
flow id 3source is 3destination is 0
Poisson flow size is 2
flow id 0source is 0destination is 3
Poisson flow size is 3
flow id 1source is 3destination is 0
Poisson flow size is 3
flow id 2source is 3destination is 0
Poisson flow size is 0
flow id 3source is 3destination is 0
Poisson flow size is 0
flow id 0source is 0destination is 3
Poisson flow size is 3
flow id 1source is 3destination is 0
Poisson flow size is 1
flow id 2source is 3destination is 0
Poisson flow size is 3
flow id 3source is 3destination is 0
Poisson flow size is 2
flow id 0source is 0destination is 3
Poisson flow size is 3
flow id 1source is 3destination is 0
Poisson flow size is 2
flow id 2source is 3destination is 0
Poisson flow size is 2
flow id 3source is 3destination is 0
Poisson flow size is 0
flow id 0source is 0destination is 3
Poisson flow size is 3
flow id 1source is 3destination is 0
Poisson flow size is 3
flow id 2source is 3destination is 0
Poisson flow size is 0
flow id 3source is 3destination is 0
Poisson flow size is 2
flow id 0source is 0destination is 3
Poisson flow size is 3
flow id 1source is 3destination is 0
Poisson flow size is 3
flow id 2source is 3destination is 0
Poisson flow size is 3
flow id 3source is 3destination is 0
Poisson flow size is 2
flow id 0source is 0destination is 3
Poisson flow size is 3
flow id 1source is 3destination is 0
Poisson flow size is 1
flow id 2source is 3destination is 0
Poisson flow size is 1
flow id 3source is 3destination is 0
Poisson flow size is 2
flow id 0source is 0destination is 3
Poisson flow size is 3
flow id 1source is 3destination is 0
Poisson flow size is 1
flow id 2source is 3destination is 0
Poisson flow size is 2
flow id 3source is 3destination is 0
Poisson flow size is 3
flow id 0source is 0destination is 3
Poisson flow size is 3
flow id 1source is 3destination is 0
Poisson flow size is 0
flow id 2source is 3destination is 0
Poisson flow size is 0
flow id 3source is 3destination is 0
Poisson flow size is 1
flow id 0source is 0destination is 3
Poisson flow size is 3
flow id 1source is 3destination is 0
Poisson flow size is 2
flow id 2source is 3destination is 0
Poisson flow size is 0
flow id 3source is 3destination is 0
Poisson flow size is 0
[SHIELD-GH] Initialised — 4 vehicles (lightweight mode — compile with -DUSE_LIBOQS for PQC)
current time is 0
Attack state: DP-FR (Fixed Rate) ACTIVE
Solution at nodes cleared at 1
sent all flow data from node 4
current time is 1


At controller: updated flow source 0to destination 3flow size 3packet size 750QoS 1
At controller: updated flow source 3to destination 0flow size 3packet size 750QoS 1
At controller: updated flow source 3to destination 0flow size 3packet size 750QoS 1
At controller: updated flow source 3to destination 0flow size 0packet size 750QoS 1




link lifetime optimization beginning at 1.0345
finished writing link lifetime status at1.0345
Set parameter Username
Academic license - for non-commercial use only - expires 2027-05-08
delay is 1167
reading lifetime from csv at1.0346
link lifetime conversion finished at+1.0346e+09ns
updating flows - path finding at1.0348
Routing stable: Number of stable paths from source: 0to destination 3is 1 at timestamp 1.0348
Routing stable: Number of stable paths from source: 3to destination 0is 1 at timestamp 1.03481
Routing stable: Number of stable paths from source: 3to destination 0is 1 at timestamp 1.03482
Routing stable: Number of stable paths from source: 3to destination 0is 1 at timestamp 1.03482
Number of connected flows 3at timestamp 1.0352
DEBUG matrix values:
  [0][1] = 634.96
  [1][0] = 634.96
  [1][2] = 634.96
  [2][1] = 634.96
  [2][3] = 634.96
  [3][2] = 634.96
DEBUG threshold: 0.4
DEBUG max lifetime in matrix: 634.96
DEBUG matrix size: 5
Proposed RL started at 1.0359
1
1
1
1
Proposed RL learning finished at 1.0359
Transmitting delta values at1.036





Initialized flow counters at 1.0995
Forcing exactly 1 attackers out of 4 vehicles
Node 0 forced as ATTACKER
Attackers declared at t=1.1
flow id 0sub flow load is 0 next hop 0packets 0
flow id 0sub flow load is 0 next hop 2packets 0
flow id 0sub flow load is 0 next hop 3packets 0
flow id 0sub flow load is 0 next hop 4packets 0
flow id 0sub flow load is 1 next hop 1packets 3
scheduled in channel 1
Flow id 0 scheduled 3total packets from 0
flow id 1sub flow load is 0 next hop 0packets 0
flow id 1sub flow load is 0 next hop 1packets 0
flow id 1sub flow load is 0 next hop 2packets 0
flow id 1sub flow load is 0 next hop 3packets 0
flow id 1sub flow load is 0 next hop 4packets 0
Flow id 1 scheduled 0total packets from 3
flow id 2sub flow load is 0 next hop 0packets 0
flow id 2sub flow load is 0 next hop 1packets 0
flow id 2sub flow load is 0 next hop 3packets 0
flow id 2sub flow load is 0 next hop 4packets 0
flow id 2sub flow load is 1 next hop 2packets 3
scheduled in channel 1
Flow id 2 scheduled 3total packets from 3
flow id 3sub flow load is 0 next hop 0packets 0
flow id 3sub flow load is 0 next hop 1packets 0
flow id 3sub flow load is 0 next hop 2packets 0
flow id 3sub flow load is 0 next hop 3packets 0
flow id 3sub flow load is 0 next hop 4packets 0
Flow id 3 scheduled 0total packets from 3
DP-FR FORWARD: node=0 flow=0 t=1.1
ATTACK PLACE 1: packet FORWARDED node=0 flow=0 packetID=1 t=1.1
ATTACK PLACE 2: retransmit FORWARDED node=1 flow=0 packetID=1 t=1.10258
ATTACK PLACE 2: retransmit FORWARDED node=2 flow=0 packetID=1 t=1.10506
Flow ID 0received  Packet ID: 1Totally received 1packets at destination 3 at 1.10562
DP-FR FORWARD: node=0 flow=0 t=1.12683
ATTACK PLACE 1: packet FORWARDED node=0 flow=0 packetID=2 t=1.12683
ATTACK PLACE 2: retransmit FORWARDED node=1 flow=0 packetID=2 t=1.12873
ATTACK PLACE 2: retransmit FORWARDED node=2 flow=0 packetID=2 t=1.13003
Flow ID 0received  Packet ID: 2Totally received 2packets at destination 3 at 1.13059
DP-FR FORWARD: node=0 flow=0 t=1.15367
ATTACK PLACE 1: packet FORWARDED node=0 flow=0 packetID=3 t=1.15367
ATTACK PLACE 1: packet FORWARDED node=3 flow=2 packetID=1 t=1.15367
ATTACK PLACE 1: packet FORWARDED node=3 flow=2 packetID=1 t=1.1553
ATTACK PLACE 2: retransmit FORWARDED node=1 flow=0 packetID=3 t=1.15704
ATTACK PLACE 2: retransmit FORWARDED node=2 flow=2 packetID=1 t=1.1584
ATTACK PLACE 2: retransmit FORWARDED node=2 flow=2 packetID=1 t=1.15995
ATTACK PLACE 2: retransmit FORWARDED node=1 flow=2 packetID=1 t=1.16141
Flow ID 2received  Packet ID: 1Totally received 1packets at destination 0 at 1.16212
ATTACK PLACE 2: retransmit FORWARDED node=2 flow=0 packetID=3 t=1.16271
Flow ID 0received  Packet ID: 3Totally received 3packets at destination 3 at 1.16365
ATTACK PLACE 1: packet FORWARDED node=3 flow=2 packetID=2 t=1.1805
ATTACK PLACE 2: retransmit FORWARDED node=2 flow=2 packetID=2 t=1.18257
ATTACK PLACE 2: retransmit FORWARDED node=1 flow=2 packetID=2 t=1.18411
Flow ID 2received  Packet ID: 2Totally received 2packets at destination 0 at 1.18466
[NETANIM] Vehicle index=0 ActualNodeID=2 colored RED (attacker)
[NETANIM] Vehicle index=1 ActualNodeID=3 colored GREEN (benign)
[NETANIM] Vehicle index=2 ActualNodeID=4 colored GREEN (benign)
[NETANIM] Vehicle index=3 ActualNodeID=5 colored GREEN (benign)
ATTACK PLACE 1: packet FORWARDED node=3 flow=2 packetID=3 t=1.20733
ATTACK PLACE 2: retransmit FORWARDED node=2 flow=2 packetID=3 t=1.20877
ATTACK PLACE 2: retransmit FORWARDED node=1 flow=2 packetID=3 t=1.21041
Flow ID 2received  Packet ID: 3Totally received 3packets at destination 0 at 1.21098
average_latency 5.66515 ms
=== SHIELD-GH DETECTION METRICS (node-level) ===
  Node TP=0 TN=3 FP=0 FN=1
  M1a Detection Accuracy: 75%
  M1b MCC: 0
  M2  False Positive Rate: 0%
================================================
average packet delivery ratio is 100
average jitter is 26.7215
average load balance is 100
TP=6 TN=0 FP=0 FN=0
M1a Detection Accuracy: 100%
M1b MCC: 0
M2 False Positive Rate: 0%
M4a Detection Latency: 0 ms
M4b Mitigation Response Time: 0 ms
=== Per Node PDR ===
Node 0 | LocalPDR=100.00% (Fwd=3/Rcv=3) | E2E_PDR=100.00% (3/3) | RelayPDR=0.00% (Fwd=0/Rcv=0) [DP-ATTACKER]
Node 1 | LocalPDR=85.71% (Fwd=6/Rcv=7) | E2E_PDR=0.00% (0/0) | RelayPDR=100.00% (Fwd=6/Rcv=6)
Node 2 | LocalPDR=100.00% (Fwd=6/Rcv=6) | E2E_PDR=0.00% (0/0) | RelayPDR=100.00% (Fwd=6/Rcv=6)
Node 3 | LocalPDR=100.00% (Fwd=4/Rcv=4) | E2E_PDR=100.00% (3/3) | RelayPDR=0.00% (Fwd=0/Rcv=0)
Node 4 | LocalPDR=0.00% (Fwd=0/Rcv=0) | E2E_PDR=0.00% (0/0) | RelayPDR=0.00% (Fwd=0/Rcv=0)
====================
written to file successfully
Solution at nodes cleared at 2.00
sent all flow data from node 4
current time is 2.00


At controller: updated flow source 0to destination 3flow size 3packet size 750QoS 1
At controller: updated flow source 3to destination 0flow size 3packet size 750QoS 1
At controller: updated flow source 3to destination 0flow size 1packet size 750QoS 1
At controller: updated flow source 3to destination 0flow size 0packet size 750QoS 1




link lifetime optimization beginning at 2.03
finished writing link lifetime status at2.03
Set parameter Username
Academic license - for non-commercial use only - expires 2027-05-08
delay is 1003
reading lifetime from csv at2.03
link lifetime conversion finished at+2034600000.00ns
updating flows - path finding at2.03
Routing stable: Number of stable paths from source: 0to destination 3is 1 at timestamp 2.03
Routing stable: Number of stable paths from source: 3to destination 0is 1 at timestamp 2.03
Routing stable: Number of stable paths from source: 3to destination 0is 1 at timestamp 2.03
Routing stable: Number of stable paths from source: 3to destination 0is 1 at timestamp 2.03
Number of connected flows 3at timestamp 2.04
DEBUG matrix values:
  [0][1] = 634.96
  [1][0] = 634.96
  [1][2] = 634.96
  [2][1] = 634.96
  [2][3] = 634.96
  [3][2] = 634.96
DEBUG threshold: 0.40
DEBUG max lifetime in matrix: 634.96
DEBUG matrix size: 5
Proposed RL started at 2.04
1
1
1
1
Proposed RL learning finished at 2.04
Transmitting delta values at2.04





Initialized flow counters at 2.10
flow id 0sub flow load is 0.00 next hop 0packets 0
flow id 0sub flow load is 0.00 next hop 2packets 0
flow id 0sub flow load is 0.00 next hop 3packets 0
flow id 0sub flow load is 0.00 next hop 4packets 0
flow id 0sub flow load is 1.00 next hop 1packets 3
scheduled in channel 1
Flow id 0 scheduled 3total packets from 0
flow id 1sub flow load is 0.00 next hop 0packets 0
flow id 1sub flow load is 0.00 next hop 1packets 0
flow id 1sub flow load is 0.00 next hop 2packets 0
flow id 1sub flow load is 0.00 next hop 3packets 0
flow id 1sub flow load is 0.00 next hop 4packets 0
Flow id 1 scheduled 0total packets from 3
flow id 2sub flow load is 0.00 next hop 0packets 0
flow id 2sub flow load is 0.00 next hop 1packets 0
flow id 2sub flow load is 0.00 next hop 3packets 0
flow id 2sub flow load is 0.00 next hop 4packets 0
flow id 2sub flow load is 1.00 next hop 2packets 1
scheduled in channel 1
Flow id 2 scheduled 1total packets from 3
flow id 3sub flow load is 0.00 next hop 0packets 0
flow id 3sub flow load is 0.00 next hop 1packets 0
flow id 3sub flow load is 0.00 next hop 2packets 0
flow id 3sub flow load is 0.00 next hop 3packets 0
flow id 3sub flow load is 0.00 next hop 4packets 0
Flow id 3 scheduled 0total packets from 3
DP-FR DROP: node=0 flow=0 t=2.10
ATTACK PLACE 1: packet DROPPED node=0 flow=0 packetID=1 t=2.10
DP-FR DROP: node=0 flow=0 t=2.10
ATTACK PLACE 1: packet DROPPED node=0 flow=0 packetID=1 t=2.10
DP-FR DROP: node=0 flow=0 t=2.11
ATTACK PLACE 1: packet DROPPED node=0 flow=0 packetID=1 t=2.11
DP-FR DROP: node=0 flow=0 t=2.11
ATTACK PLACE 1: packet DROPPED node=0 flow=0 packetID=1 t=2.11
Intial transmission packet dropped for flow id 0packet ID: 1
DP-FR FORWARD: node=0 flow=0 t=2.13
ATTACK PLACE 1: packet FORWARDED node=0 flow=0 packetID=2 t=2.13
ATTACK PLACE 2: retransmit FORWARDED node=1 flow=0 packetID=2 t=2.13
ATTACK PLACE 2: retransmit FORWARDED node=2 flow=0 packetID=2 t=2.13
Flow ID 0received  Packet ID: 2Totally received 1packets at destination 3 at 2.13
ATTACK PLACE 1: packet FORWARDED node=3 flow=2 packetID=1 t=2.15
DP-FR DROP: node=0 flow=0 t=2.16
ATTACK PLACE 1: packet DROPPED node=0 flow=0 packetID=3 t=2.16
ATTACK PLACE 2: retransmit FORWARDED node=2 flow=2 packetID=1 t=2.16
DP-FR FORWARD: node=0 flow=0 t=2.16
ATTACK PLACE 1: packet FORWARDED node=0 flow=0 packetID=3 t=2.16
ATTACK PLACE 2: retransmit FORWARDED node=1 flow=0 packetID=3 t=2.16
ATTACK PLACE 2: retransmit FORWARDED node=1 flow=2 packetID=1 t=2.16
Flow ID 2received  Packet ID: 1Totally received 1packets at destination 0 at 2.16
ATTACK PLACE 2: retransmit FORWARDED node=2 flow=0 packetID=3 t=2.16
Flow ID 0received  Packet ID: 3Totally received 2packets at destination 3 at 2.16
average_latency 5.80 ms
[LW-DP-Det] Node 0 SUSPECTED — S1:1 S2:0 S3:0 corrPDR=0.50
=== SHIELD-GH DETECTION METRICS (node-level) ===
  Node TP=1 TN=3 FP=0 FN=0
  M1a Detection Accuracy: 100.00%
  M1b MCC: 1.00
  M2  False Positive Rate: 0.00%
================================================
average packet delivery ratio is 87.50
average jitter is 43.02
average load balance is 100.00
TP=3.00 TN=0.00 FP=1.00 FN=0.00
M1a Detection Accuracy: 75.00%
M1b MCC: 0.00
M2 False Positive Rate: 100.00%
M4a Detection Latency: 0.00 ms
M4b Mitigation Response Time: 0.00 ms
=== Per Node PDR ===
Node 0 | LocalPDR=28.57% (Fwd=2/Rcv=7) | E2E_PDR=66.67% (2/3) | RelayPDR=0.00% (Fwd=0/Rcv=0) [DP-ATTACKER]
Node 1 | LocalPDR=100.00% (Fwd=3/Rcv=3) | E2E_PDR=0.00% (0/0) | RelayPDR=75.00% (Fwd=3/Rcv=4)
Node 2 | LocalPDR=100.00% (Fwd=3/Rcv=3) | E2E_PDR=0.00% (0/0) | RelayPDR=75.00% (Fwd=3/Rcv=4)
Node 3 | LocalPDR=100.00% (Fwd=1/Rcv=1) | E2E_PDR=100.00% (1/1) | RelayPDR=0.00% (Fwd=0/Rcv=0)
Node 4 | LocalPDR=0.00% (Fwd=0/Rcv=0) | E2E_PDR=0.00% (0/0) | RelayPDR=0.00% (Fwd=0/Rcv=0)
====================
written to file successfully
Solution at nodes cleared at 3.00
sent all flow data from node 4
current time is 3.00


At controller: updated flow source 0to destination 3flow size 3packet size 750QoS 1
At controller: updated flow source 3to destination 0flow size 0packet size 750QoS 1
At controller: updated flow source 3to destination 0flow size 0packet size 750QoS 1
At controller: updated flow source 3to destination 0flow size 0packet size 750QoS 1




link lifetime optimization beginning at 3.03
finished writing link lifetime status at3.03
Set parameter Username
Academic license - for non-commercial use only - expires 2027-05-08
delay is 1041
reading lifetime from csv at3.03
link lifetime conversion finished at+3034600000.00ns
updating flows - path finding at3.03
Routing stable: Number of stable paths from source: 0to destination 3is 1 at timestamp 3.03
Routing stable: Number of stable paths from source: 3to destination 0is 1 at timestamp 3.03
Routing stable: Number of stable paths from source: 3to destination 0is 1 at timestamp 3.03
Routing stable: Number of stable paths from source: 3to destination 0is 1 at timestamp 3.03
Number of connected flows 3at timestamp 3.04
DEBUG matrix values:
  [0][1] = 634.96
  [1][0] = 634.96
  [1][2] = 634.96
  [2][1] = 634.96
  [2][3] = 634.96
  [3][2] = 634.96
DEBUG threshold: 0.40
DEBUG max lifetime in matrix: 634.96
DEBUG matrix size: 5
Proposed RL started at 3.04
1
1
1
1
Proposed RL learning finished at 3.04
Transmitting delta values at3.04





Initialized flow counters at 3.10
flow id 0sub flow load is 0.00 next hop 0packets 0
flow id 0sub flow load is 0.00 next hop 2packets 0
flow id 0sub flow load is 0.00 next hop 3packets 0
flow id 0sub flow load is 0.00 next hop 4packets 0
flow id 0sub flow load is 1.00 next hop 1packets 3
scheduled in channel 1
Flow id 0 scheduled 3total packets from 0
flow id 1sub flow load is 0.00 next hop 0packets 0
flow id 1sub flow load is 0.00 next hop 1packets 0
flow id 1sub flow load is 0.00 next hop 2packets 0
flow id 1sub flow load is 0.00 next hop 3packets 0
flow id 1sub flow load is 0.00 next hop 4packets 0
Flow id 1 scheduled 0total packets from 3
flow id 2sub flow load is 0.00 next hop 0packets 0
flow id 2sub flow load is 0.00 next hop 1packets 0
flow id 2sub flow load is 0.00 next hop 2packets 0
flow id 2sub flow load is 0.00 next hop 3packets 0
flow id 2sub flow load is 0.00 next hop 4packets 0
Flow id 2 scheduled 0total packets from 3
flow id 3sub flow load is 0.00 next hop 0packets 0
flow id 3sub flow load is 0.00 next hop 1packets 0
flow id 3sub flow load is 0.00 next hop 2packets 0
flow id 3sub flow load is 0.00 next hop 3packets 0
flow id 3sub flow load is 0.00 next hop 4packets 0
Flow id 3 scheduled 0total packets from 3
DP-FR DROP: node=0 flow=0 t=3.10
ATTACK PLACE 1: packet DROPPED node=0 flow=0 packetID=1 t=3.10
DP-FR DROP: node=0 flow=0 t=3.10
ATTACK PLACE 1: packet DROPPED node=0 flow=0 packetID=1 t=3.10
DP-FR FORWARD: node=0 flow=0 t=3.10
ATTACK PLACE 1: packet FORWARDED node=0 flow=0 packetID=1 t=3.10
ATTACK PLACE 2: retransmit FORWARDED node=1 flow=0 packetID=1 t=3.11
ATTACK PLACE 2: retransmit FORWARDED node=2 flow=0 packetID=1 t=3.11
Flow ID 0received  Packet ID: 1Totally received 1packets at destination 3 at 3.11
DP-FR FORWARD: node=0 flow=0 t=3.13
ATTACK PLACE 1: packet FORWARDED node=0 flow=0 packetID=2 t=3.13
ATTACK PLACE 2: retransmit FORWARDED node=1 flow=0 packetID=2 t=3.13
ATTACK PLACE 2: retransmit FORWARDED node=2 flow=0 packetID=2 t=3.13
Flow ID 0received  Packet ID: 2Totally received 2packets at destination 3 at 3.13
DP-FR DROP: node=0 flow=0 t=3.15
ATTACK PLACE 1: packet DROPPED node=0 flow=0 packetID=3 t=3.15
DP-FR DROP: node=0 flow=0 t=3.16
ATTACK PLACE 1: packet DROPPED node=0 flow=0 packetID=3 t=3.16
DP-FR DROP: node=0 flow=0 t=3.16
ATTACK PLACE 1: packet DROPPED node=0 flow=0 packetID=3 t=3.16
DP-FR FORWARD: node=0 flow=0 t=3.16
ATTACK PLACE 1: packet FORWARDED node=0 flow=0 packetID=3 t=3.16
ATTACK PLACE 2: retransmit FORWARDED node=1 flow=0 packetID=3 t=3.16
ATTACK PLACE 2: retransmit FORWARDED node=2 flow=0 packetID=3 t=3.17
Flow ID 0received  Packet ID: 3Totally received 3packets at destination 3 at 3.17
average_latency 5.27 ms
[LW-DP-Det] Node 0 SUSPECTED — S1:1 S2:0 S3:0 corrPDR=0.45
[SHIELD-GH] Node 0 RATE-LIMITED | Λ=2
=== SHIELD-GH DETECTION METRICS (node-level) ===
  Node TP=1 TN=3 FP=0 FN=0
  M1a Detection Accuracy: 100.00%
  M1b MCC: 1.00
  M2  False Positive Rate: 0.00%
================================================
average packet delivery ratio is 91.67
average jitter is 38.23
average load balance is 100.00
TP=3.00 TN=0.00 FP=0.00 FN=0.00
M1a Detection Accuracy: 100.00%
M1b MCC: 0.00
M2 False Positive Rate: 0.00%
M4a Detection Latency: 0.00 ms
M4b Mitigation Response Time: 0.00 ms
=== Per Node PDR ===
Node 0 | LocalPDR=37.50% (Fwd=3/Rcv=8) | E2E_PDR=100.00% (3/3) | RelayPDR=0.00% (Fwd=0/Rcv=0) [DP-ATTACKER]
Node 1 | LocalPDR=100.00% (Fwd=3/Rcv=3) | E2E_PDR=0.00% (0/0) | RelayPDR=100.00% (Fwd=3/Rcv=3)
Node 2 | LocalPDR=100.00% (Fwd=3/Rcv=3) | E2E_PDR=0.00% (0/0) | RelayPDR=100.00% (Fwd=3/Rcv=3)
Node 3 | LocalPDR=0.00% (Fwd=0/Rcv=0) | E2E_PDR=0.00% (0/0) | RelayPDR=0.00% (Fwd=0/Rcv=0)
Node 4 | LocalPDR=0.00% (Fwd=0/Rcv=0) | E2E_PDR=0.00% (0/0) | RelayPDR=0.00% (Fwd=0/Rcv=0)
====================
written to file successfully
Solution at nodes cleared at 4.00
sent all flow data from node 4
current time is 4.00


At controller: updated flow source 0to destination 3flow size 3packet size 750QoS 1
At controller: updated flow source 3to destination 0flow size 1packet size 750QoS 1
At controller: updated flow source 3to destination 0flow size 1packet size 750QoS 1
At controller: updated flow source 3to destination 0flow size 3packet size 750QoS 1




link lifetime optimization beginning at 4.03
finished writing link lifetime status at4.03
Set parameter Username
Academic license - for non-commercial use only - expires 2027-05-08
delay is 1069
reading lifetime from csv at4.03
link lifetime conversion finished at+4034600000.00ns
updating flows - path finding at4.03
Routing stable: Number of stable paths from source: 0to destination 3is 1 at timestamp 4.03
Routing stable: Number of stable paths from source: 3to destination 0is 1 at timestamp 4.03
Routing stable: Number of stable paths from source: 3to destination 0is 1 at timestamp 4.03
Routing stable: Number of stable paths from source: 3to destination 0is 1 at timestamp 4.03
Number of connected flows 3at timestamp 4.04
DEBUG matrix values:
  [0][1] = 634.96
  [1][0] = 634.96
  [1][2] = 634.96
  [2][1] = 634.96
  [2][3] = 634.96
  [3][2] = 634.96
DEBUG threshold: 0.40
DEBUG max lifetime in matrix: 634.96
DEBUG matrix size: 5
Proposed RL started at 4.04
1
1
1
1
Proposed RL learning finished at 4.04
Transmitting delta values at4.04





Initialized flow counters at 4.10
flow id 0sub flow load is 0.00 next hop 0packets 0
flow id 0sub flow load is 0.00 next hop 2packets 0
flow id 0sub flow load is 0.00 next hop 3packets 0
flow id 0sub flow load is 0.00 next hop 4packets 0
flow id 0sub flow load is 1.00 next hop 1packets 3
scheduled in channel 1
Flow id 0 scheduled 3total packets from 0
flow id 1sub flow load is 0.00 next hop 0packets 0
flow id 1sub flow load is 0.00 next hop 1packets 0
flow id 1sub flow load is 0.00 next hop 2packets 0
flow id 1sub flow load is 0.00 next hop 3packets 0
flow id 1sub flow load is 0.00 next hop 4packets 0
Flow id 1 scheduled 0total packets from 3
flow id 2sub flow load is 0.00 next hop 0packets 0
flow id 2sub flow load is 0.00 next hop 1packets 0
flow id 2sub flow load is 0.00 next hop 3packets 0
flow id 2sub flow load is 0.00 next hop 4packets 0
flow id 2sub flow load is 1.00 next hop 2packets 1
scheduled in channel 1
Flow id 2 scheduled 1total packets from 3
flow id 3sub flow load is 0.00 next hop 0packets 0
flow id 3sub flow load is 0.00 next hop 1packets 0
flow id 3sub flow load is 0.00 next hop 3packets 0
flow id 3sub flow load is 0.00 next hop 4packets 0
flow id 3sub flow load is 1.00 next hop 2packets 3
scheduled in channel 1
Flow id 3 scheduled 3total packets from 3
DP-FR FORWARD: node=0 flow=0 t=4.10
ATTACK PLACE 1: packet FORWARDED node=0 flow=0 packetID=1 t=4.10
ATTACK PLACE 2: retransmit FORWARDED node=1 flow=0 packetID=1 t=4.10
ATTACK PLACE 2: retransmit FORWARDED node=2 flow=0 packetID=1 t=4.10
Flow ID 0received  Packet ID: 1Totally received 1packets at destination 3 at 4.10
DP-FR DROP: node=0 flow=0 t=4.13
ATTACK PLACE 1: packet DROPPED node=0 flow=0 packetID=2 t=4.13
DP-FR DROP: node=0 flow=0 t=4.13
ATTACK PLACE 1: packet DROPPED node=0 flow=0 packetID=2 t=4.13
DP-FR FORWARD: node=0 flow=0 t=4.13
ATTACK PLACE 1: packet FORWARDED node=0 flow=0 packetID=2 t=4.13
ATTACK PLACE 2: retransmit FORWARDED node=1 flow=0 packetID=2 t=4.13
ATTACK PLACE 2: retransmit FORWARDED node=2 flow=0 packetID=2 t=4.13
Flow ID 0received  Packet ID: 2Totally received 2packets at destination 3 at 4.13
DP-FR DROP: node=0 flow=0 t=4.15
ATTACK PLACE 1: packet DROPPED node=0 flow=0 packetID=3 t=4.15
ATTACK PLACE 1: packet FORWARDED node=3 flow=2 packetID=1 t=4.15
DP-FR DROP: node=0 flow=0 t=4.16
ATTACK PLACE 1: packet DROPPED node=0 flow=0 packetID=3 t=4.16
ATTACK PLACE 2: retransmit FORWARDED node=2 flow=2 packetID=1 t=4.16
ATTACK PLACE 2: retransmit FORWARDED node=1 flow=2 packetID=1 t=4.16
Flow ID 2received  Packet ID: 1Totally received 1packets at destination 0 at 4.16
DP-FR FORWARD: node=0 flow=0 t=4.16
ATTACK PLACE 1: packet FORWARDED node=0 flow=0 packetID=3 t=4.16
ATTACK PLACE 2: retransmit FORWARDED node=1 flow=0 packetID=3 t=4.16
ATTACK PLACE 2: retransmit FORWARDED node=2 flow=0 packetID=3 t=4.16
Flow ID 0received  Packet ID: 3Totally received 3packets at destination 3 at 4.16
ATTACK PLACE 1: packet FORWARDED node=3 flow=3 packetID=1 t=4.18
ATTACK PLACE 2: retransmit FORWARDED node=2 flow=3 packetID=1 t=4.18
ATTACK PLACE 2: retransmit FORWARDED node=1 flow=3 packetID=1 t=4.19
Flow ID 3received  Packet ID: 1Totally received 1packets at destination 0 at 4.19
ATTACK PLACE 1: packet FORWARDED node=3 flow=3 packetID=2 t=4.21
ATTACK PLACE 2: retransmit FORWARDED node=2 flow=3 packetID=2 t=4.21
ATTACK PLACE 2: retransmit FORWARDED node=1 flow=3 packetID=2 t=4.21
Flow ID 3received  Packet ID: 2Totally received 2packets at destination 0 at 4.21
ATTACK PLACE 1: packet FORWARDED node=3 flow=3 packetID=3 t=4.23
ATTACK PLACE 2: retransmit FORWARDED node=2 flow=3 packetID=3 t=4.24
ATTACK PLACE 2: retransmit FORWARDED node=1 flow=3 packetID=3 t=4.24
Flow ID 3received  Packet ID: 3Totally received 3packets at destination 0 at 4.24
average_latency 5.05 ms
[LW-DP-Det] Node 0 SUSPECTED — S1:1 S2:0 S3:0 corrPDR=0.44
[SHIELD-GH][ROUTE-GATE] node 0 full isolation WITHHELD — no alternate route excludes it | APPLY_GRADUATED_LEVEL2 (rate-limit + per-batch ZKP) | t=5.00
[SHIELD-GH] Node 0 RATE-LIMITED | Λ=3
=== SHIELD-GH DETECTION METRICS (node-level) ===
  Node TP=1 TN=3 FP=0 FN=0
  M1a Detection Accuracy: 100.00%
  M1b MCC: 1.00
  M2  False Positive Rate: 0.00%
================================================
average packet delivery ratio is 93.75
average jitter is 35.71
average load balance is 100.00
TP=7.00 TN=0.00 FP=0.00 FN=0.00
M1a Detection Accuracy: 100.00%
M1b MCC: 0.00
M2 False Positive Rate: 0.00%
M4a Detection Latency: 0.00 ms
M4b Mitigation Response Time: 0.00 ms
=== Per Node PDR ===
Node 0 | LocalPDR=42.86% (Fwd=3/Rcv=7) | E2E_PDR=100.00% (3/3) | RelayPDR=0.00% (Fwd=0/Rcv=0) [DP-ATTACKER]
Node 1 | LocalPDR=100.00% (Fwd=7/Rcv=7) | E2E_PDR=0.00% (0/0) | RelayPDR=100.00% (Fwd=7/Rcv=7)
Node 2 | LocalPDR=100.00% (Fwd=7/Rcv=7) | E2E_PDR=0.00% (0/0) | RelayPDR=100.00% (Fwd=7/Rcv=7)
Node 3 | LocalPDR=100.00% (Fwd=4/Rcv=4) | E2E_PDR=100.00% (4/4) | RelayPDR=0.00% (Fwd=0/Rcv=0)
Node 4 | LocalPDR=0.00% (Fwd=0/Rcv=0) | E2E_PDR=0.00% (0/0) | RelayPDR=0.00% (Fwd=0/Rcv=0)
====================
written to file successfully
Solution at nodes cleared at 5.00
sent all flow data from node 4
current time is 5.00


At controller: updated flow source 0to destination 3flow size 3packet size 750QoS 1
At controller: updated flow source 3to destination 0flow size 1packet size 750QoS 1
At controller: updated flow source 3to destination 0flow size 1packet size 750QoS 1
At controller: updated flow source 3to destination 0flow size 3packet size 750QoS 1




link lifetime optimization beginning at 5.03
finished writing link lifetime status at5.03
Set parameter Username
Academic license - for non-commercial use only - expires 2027-05-08
delay is 1213
reading lifetime from csv at5.03
link lifetime conversion finished at+5034600000.00ns
updating flows - path finding at5.03
Routing stable: Number of stable paths from source: 0to destination 3is 1 at timestamp 5.03
Routing stable: Number of stable paths from source: 3to destination 0is 1 at timestamp 5.03
Routing stable: Number of stable paths from source: 3to destination 0is 1 at timestamp 5.03
Routing stable: Number of stable paths from source: 3to destination 0is 1 at timestamp 5.03
Number of connected flows 3at timestamp 5.04
DEBUG matrix values:
  [0][1] = 634.96
  [1][0] = 634.96
  [1][2] = 634.96
  [2][1] = 634.96
  [2][3] = 634.96
  [3][2] = 634.96
DEBUG threshold: 0.40
DEBUG max lifetime in matrix: 634.96
DEBUG matrix size: 5
Proposed RL started at 5.04
1
1
1
1
Proposed RL learning finished at 5.04
Transmitting delta values at5.04





Initialized flow counters at 5.10
flow id 0sub flow load is 0.00 next hop 0packets 0
flow id 0sub flow load is 0.00 next hop 2packets 0
flow id 0sub flow load is 0.00 next hop 3packets 0
flow id 0sub flow load is 0.00 next hop 4packets 0
flow id 0sub flow load is 1.00 next hop 1packets 3
scheduled in channel 1
Flow id 0 scheduled 3total packets from 0
flow id 1sub flow load is 0.00 next hop 0packets 0
flow id 1sub flow load is 0.00 next hop 1packets 0
flow id 1sub flow load is 0.00 next hop 2packets 0
flow id 1sub flow load is 0.00 next hop 3packets 0
flow id 1sub flow load is 0.00 next hop 4packets 0
Flow id 1 scheduled 0total packets from 3
flow id 2sub flow load is 0.00 next hop 0packets 0
flow id 2sub flow load is 0.00 next hop 1packets 0
flow id 2sub flow load is 0.00 next hop 3packets 0
flow id 2sub flow load is 0.00 next hop 4packets 0
flow id 2sub flow load is 1.00 next hop 2packets 1
scheduled in channel 1
Flow id 2 scheduled 1total packets from 3
flow id 3sub flow load is 0.00 next hop 0packets 0
flow id 3sub flow load is 0.00 next hop 1packets 0
flow id 3sub flow load is 0.00 next hop 3packets 0
flow id 3sub flow load is 0.00 next hop 4packets 0
flow id 3sub flow load is 1.00 next hop 2packets 3
scheduled in channel 1
Flow id 3 scheduled 3total packets from 3
DP-FR DROP: node=0 flow=0 t=5.10
ATTACK PLACE 1: packet DROPPED node=0 flow=0 packetID=1 t=5.10
DP-FR DROP: node=0 flow=0 t=5.10
ATTACK PLACE 1: packet DROPPED node=0 flow=0 packetID=1 t=5.10
DP-FR FORWARD: node=0 flow=0 t=5.10
ATTACK PLACE 1: packet FORWARDED node=0 flow=0 packetID=1 t=5.10
ATTACK PLACE 2: retransmit FORWARDED node=1 flow=0 packetID=1 t=5.11
ATTACK PLACE 2: retransmit FORWARDED node=2 flow=0 packetID=1 t=5.11
Flow ID 0received  Packet ID: 1Totally received 1packets at destination 3 at 5.11
DP-FR FORWARD: node=0 flow=0 t=5.13
ATTACK PLACE 1: packet FORWARDED node=0 flow=0 packetID=2 t=5.13
ATTACK PLACE 2: retransmit FORWARDED node=1 flow=0 packetID=2 t=5.13
ATTACK PLACE 2: retransmit FORWARDED node=2 flow=0 packetID=2 t=5.13
Flow ID 0received  Packet ID: 2Totally received 2packets at destination 3 at 5.13
DP-FR DROP: node=0 flow=0 t=5.15
ATTACK PLACE 1: packet DROPPED node=0 flow=0 packetID=3 t=5.15
ATTACK PLACE 1: packet FORWARDED node=3 flow=2 packetID=1 t=5.15
DP-FR FORWARD: node=0 flow=0 t=5.16
ATTACK PLACE 1: packet FORWARDED node=0 flow=0 packetID=3 t=5.16
ATTACK PLACE 2: retransmit FORWARDED node=2 flow=2 packetID=1 t=5.16
ATTACK PLACE 2: retransmit FORWARDED node=1 flow=0 packetID=3 t=5.16
ATTACK PLACE 2: retransmit FORWARDED node=1 flow=2 packetID=1 t=5.16
Flow ID 2received  Packet ID: 1Totally received 1packets at destination 0 at 5.16
ATTACK PLACE 2: retransmit FORWARDED node=2 flow=0 packetID=3 t=5.16
Flow ID 0received  Packet ID: 3Totally received 3packets at destination 3 at 5.16
ATTACK PLACE 1: packet FORWARDED node=3 flow=3 packetID=1 t=5.18
ATTACK PLACE 2: retransmit FORWARDED node=2 flow=3 packetID=1 t=5.18
ATTACK PLACE 2: retransmit FORWARDED node=1 flow=3 packetID=1 t=5.18
Flow ID 3received  Packet ID: 1Totally received 1packets at destination 0 at 5.18
ATTACK PLACE 1: packet FORWARDED node=3 flow=3 packetID=2 t=5.21
ATTACK PLACE 2: retransmit FORWARDED node=2 flow=3 packetID=2 t=5.21
ATTACK PLACE 2: retransmit FORWARDED node=1 flow=3 packetID=2 t=5.21
Flow ID 3received  Packet ID: 2Totally received 2packets at destination 0 at 5.21
ATTACK PLACE 1: packet FORWARDED node=3 flow=3 packetID=3 t=5.24
ATTACK PLACE 2: retransmit FORWARDED node=2 flow=3 packetID=3 t=5.24
ATTACK PLACE 2: retransmit FORWARDED node=1 flow=3 packetID=3 t=5.24
Flow ID 3received  Packet ID: 3Totally received 3packets at destination 0 at 5.24
average_latency 4.97 ms
[LW-DP-Det] Node 0 SUSPECTED — S1:1 S2:0 S3:0 corrPDR=0.46
[SHIELD-GH][ROUTE-GATE] node 0 full isolation WITHHELD — no alternate route excludes it | APPLY_GRADUATED_LEVEL2 (rate-limit + per-batch ZKP) | t=6.00
[SHIELD-GH] Node 0 RATE-LIMITED | Λ=4
=== SHIELD-GH DETECTION METRICS (node-level) ===
  Node TP=1 TN=3 FP=0 FN=0
  M1a Detection Accuracy: 100.00%
  M1b MCC: 1.00
  M2  False Positive Rate: 0.00%
================================================
average packet delivery ratio is 95.00
average jitter is 33.93
average load balance is 100.00
TP=7.00 TN=0.00 FP=0.00 FN=0.00
M1a Detection Accuracy: 100.00%
M1b MCC: 0.00
M2 False Positive Rate: 0.00%
M4a Detection Latency: 0.00 ms
M4b Mitigation Response Time: 0.00 ms
=== Per Node PDR ===
Node 0 | LocalPDR=50.00% (Fwd=3/Rcv=6) | E2E_PDR=100.00% (3/3) | RelayPDR=0.00% (Fwd=0/Rcv=0) [DP-ATTACKER]
Node 1 | LocalPDR=100.00% (Fwd=7/Rcv=7) | E2E_PDR=0.00% (0/0) | RelayPDR=100.00% (Fwd=7/Rcv=7)
Node 2 | LocalPDR=100.00% (Fwd=7/Rcv=7) | E2E_PDR=0.00% (0/0) | RelayPDR=100.00% (Fwd=7/Rcv=7)
Node 3 | LocalPDR=100.00% (Fwd=4/Rcv=4) | E2E_PDR=100.00% (4/4) | RelayPDR=0.00% (Fwd=0/Rcv=0)
Node 4 | LocalPDR=0.00% (Fwd=0/Rcv=0) | E2E_PDR=0.00% (0/0) | RelayPDR=0.00% (Fwd=0/Rcv=0)
====================
written to file successfully
Solution at nodes cleared at 6.00
sent all flow data from node 4
current time is 6.00


At controller: updated flow source 0to destination 3flow size 3packet size 750QoS 1
At controller: updated flow source 3to destination 0flow size 0packet size 750QoS 1
At controller: updated flow source 3to destination 0flow size 3packet size 750QoS 1
At controller: updated flow source 3to destination 0flow size 2packet size 750QoS 1




link lifetime optimization beginning at 6.03
finished writing link lifetime status at6.03
Set parameter Username
Academic license - for non-commercial use only - expires 2027-05-08
delay is 1132
reading lifetime from csv at6.03
link lifetime conversion finished at+6034600000.00ns
updating flows - path finding at6.03
Routing stable: Number of stable paths from source: 0to destination 3is 1 at timestamp 6.03
Routing stable: Number of stable paths from source: 3to destination 0is 1 at timestamp 6.03
Routing stable: Number of stable paths from source: 3to destination 0is 1 at timestamp 6.03
Routing stable: Number of stable paths from source: 3to destination 0is 1 at timestamp 6.03
Number of connected flows 3at timestamp 6.04
DEBUG matrix values:
  [0][1] = 634.96
  [1][0] = 634.96
  [1][2] = 634.96
  [2][1] = 634.96
  [2][3] = 634.96
  [3][2] = 634.96
DEBUG threshold: 0.40
DEBUG max lifetime in matrix: 634.96
DEBUG matrix size: 5
Proposed RL started at 6.04
1
1
1
1
Proposed RL learning finished at 6.04
Transmitting delta values at6.04





Initialized flow counters at 6.10
flow id 0sub flow load is 0.00 next hop 0packets 0
flow id 0sub flow load is 0.00 next hop 2packets 0
flow id 0sub flow load is 0.00 next hop 3packets 0
flow id 0sub flow load is 0.00 next hop 4packets 0
flow id 0sub flow load is 1.00 next hop 1packets 3
scheduled in channel 1
Flow id 0 scheduled 3total packets from 0
flow id 1sub flow load is 0.00 next hop 0packets 0
flow id 1sub flow load is 0.00 next hop 1packets 0
flow id 1sub flow load is 0.00 next hop 2packets 0
flow id 1sub flow load is 0.00 next hop 3packets 0
flow id 1sub flow load is 0.00 next hop 4packets 0
Flow id 1 scheduled 0total packets from 3
flow id 2sub flow load is 0.00 next hop 0packets 0
flow id 2sub flow load is 0.00 next hop 1packets 0
flow id 2sub flow load is 0.00 next hop 3packets 0
flow id 2sub flow load is 0.00 next hop 4packets 0
flow id 2sub flow load is 1.00 next hop 2packets 3
scheduled in channel 1
Flow id 2 scheduled 3total packets from 3
flow id 3sub flow load is 0.00 next hop 0packets 0
flow id 3sub flow load is 0.00 next hop 1packets 0
flow id 3sub flow load is 0.00 next hop 3packets 0
flow id 3sub flow load is 0.00 next hop 4packets 0
flow id 3sub flow load is 1.00 next hop 2packets 2
scheduled in channel 1
Flow id 3 scheduled 2total packets from 3
DP-FR FORWARD: node=0 flow=0 t=6.10
ATTACK PLACE 1: packet FORWARDED node=0 flow=0 packetID=1 t=6.10
ATTACK PLACE 2: retransmit FORWARDED node=1 flow=0 packetID=1 t=6.10
ATTACK PLACE 2: retransmit FORWARDED node=2 flow=0 packetID=1 t=6.10
Flow ID 0received  Packet ID: 1Totally received 1packets at destination 3 at 6.10
DP-FR DROP: node=0 flow=0 t=6.13
ATTACK PLACE 1: packet DROPPED node=0 flow=0 packetID=2 t=6.13
DP-FR DROP: node=0 flow=0 t=6.13
ATTACK PLACE 1: packet DROPPED node=0 flow=0 packetID=2 t=6.13
DP-FR FORWARD: node=0 flow=0 t=6.13
ATTACK PLACE 1: packet FORWARDED node=0 flow=0 packetID=2 t=6.13
ATTACK PLACE 2: retransmit FORWARDED node=1 flow=0 packetID=2 t=6.13
ATTACK PLACE 2: retransmit FORWARDED node=2 flow=0 packetID=2 t=6.13
Flow ID 0received  Packet ID: 2Totally received 2packets at destination 3 at 6.13
DP-FR FORWARD: node=0 flow=0 t=6.15
ATTACK PLACE 1: packet FORWARDED node=0 flow=0 packetID=3 t=6.15
ATTACK PLACE 1: packet FORWARDED node=3 flow=2 packetID=1 t=6.15
ATTACK PLACE 1: packet FORWARDED node=3 flow=2 packetID=1 t=6.16
DP-FR FORWARD: node=0 flow=0 t=6.16
ATTACK PLACE 1: packet FORWARDED node=0 flow=0 packetID=3 t=6.16
DP-FR FORWARD: node=0 flow=0 t=6.16
ATTACK PLACE 1: packet FORWARDED node=0 flow=0 packetID=3 t=6.16
DP-FR FORWARD: node=0 flow=0 t=6.16
ATTACK PLACE 1: packet FORWARDED node=0 flow=0 packetID=3 t=6.16
ATTACK PLACE 2: retransmit FORWARDED node=1 flow=0 packetID=3 t=6.16
ATTACK PLACE 2: retransmit FORWARDED node=2 flow=0 packetID=3 t=6.16
Flow ID 0received  Packet ID: 3Totally received 3packets at destination 3 at 6.16
ATTACK PLACE 1: packet FORWARDED node=3 flow=2 packetID=1 t=6.17
ATTACK PLACE 2: retransmit FORWARDED node=2 flow=2 packetID=1 t=6.17
ATTACK PLACE 2: retransmit FORWARDED node=1 flow=2 packetID=1 t=6.17
Flow ID 2received  Packet ID: 1Totally received 1packets at destination 0 at 6.17
ATTACK PLACE 1: packet FORWARDED node=3 flow=2 packetID=2 t=6.18
ATTACK PLACE 1: packet FORWARDED node=3 flow=3 packetID=1 t=6.18
ATTACK PLACE 2: retransmit FORWARDED node=2 flow=2 packetID=2 t=6.18
ATTACK PLACE 2: retransmit FORWARDED node=2 flow=3 packetID=1 t=6.18
ATTACK PLACE 2: retransmit FORWARDED node=1 flow=3 packetID=1 t=6.19
Flow ID 3received  Packet ID: 1Totally received 1packets at destination 0 at 6.19
ATTACK PLACE 2: retransmit FORWARDED node=1 flow=2 packetID=2 t=6.19
Flow ID 2received  Packet ID: 2Totally received 2packets at destination 0 at 6.19
ATTACK PLACE 1: packet FORWARDED node=3 flow=2 packetID=3 t=6.21
ATTACK PLACE 1: packet FORWARDED node=3 flow=3 packetID=2 t=6.21
ATTACK PLACE 2: retransmit FORWARDED node=2 flow=2 packetID=3 t=6.21
ATTACK PLACE 2: retransmit FORWARDED node=1 flow=2 packetID=3 t=6.21
Flow ID 2received  Packet ID: 3Totally received 3packets at destination 0 at 6.21
ATTACK PLACE 2: retransmit FORWARDED node=2 flow=3 packetID=2 t=6.21
ATTACK PLACE 2: retransmit FORWARDED node=1 flow=3 packetID=2 t=6.21
Flow ID 3received  Packet ID: 2Totally received 2packets at destination 0 at 6.21
average_latency 4.92 ms
[LW-DP-Det] Node 0 SUSPECTED — S1:1 S2:0 S3:0 corrPDR=0.52
[SHIELD-GH][ROUTE-GATE] node 0 full isolation WITHHELD — no alternate route excludes it | APPLY_GRADUATED_LEVEL2 (rate-limit + per-batch ZKP) | t=7.00
[SHIELD-GH] Node 0 RATE-LIMITED | Λ=5
=== SHIELD-GH DETECTION METRICS (node-level) ===
  Node TP=1 TN=3 FP=0 FN=0
  M1a Detection Accuracy: 100.00%
  M1b MCC: 1.00
  M2  False Positive Rate: 0.00%
================================================
average packet delivery ratio is 95.83
average jitter is 32.66
average load balance is 100.00
TP=8.00 TN=0.00 FP=0.00 FN=0.00
M1a Detection Accuracy: 100.00%
M1b MCC: 0.00
M2 False Positive Rate: 0.00%
M4a Detection Latency: 0.00 ms
M4b Mitigation Response Time: 0.00 ms
=== Per Node PDR ===
Node 0 | LocalPDR=75.00% (Fwd=6/Rcv=8) | E2E_PDR=100.00% (3/3) | RelayPDR=0.00% (Fwd=0/Rcv=0) [DP-ATTACKER]
Node 1 | LocalPDR=88.89% (Fwd=8/Rcv=9) | E2E_PDR=0.00% (0/0) | RelayPDR=100.00% (Fwd=8/Rcv=8)
Node 2 | LocalPDR=100.00% (Fwd=8/Rcv=8) | E2E_PDR=0.00% (0/0) | RelayPDR=100.00% (Fwd=8/Rcv=8)
Node 3 | LocalPDR=100.00% (Fwd=7/Rcv=7) | E2E_PDR=100.00% (5/5) | RelayPDR=0.00% (Fwd=0/Rcv=0)
Node 4 | LocalPDR=0.00% (Fwd=0/Rcv=0) | E2E_PDR=0.00% (0/0) | RelayPDR=0.00% (Fwd=0/Rcv=0)
====================
written to file successfully
Solution at nodes cleared at 7.00
sent all flow data from node 4
current time is 7.00


At controller: updated flow source 0to destination 3flow size 3packet size 750QoS 1
At controller: updated flow source 3to destination 0flow size 1packet size 750QoS 1
At controller: updated flow source 3to destination 0flow size 0packet size 750QoS 1
At controller: updated flow source 3to destination 0flow size 1packet size 750QoS 1




link lifetime optimization beginning at 7.03
finished writing link lifetime status at7.03
Set parameter Username
Academic license - for non-commercial use only - expires 2027-05-08
delay is 1167
reading lifetime from csv at7.03
link lifetime conversion finished at+7034600000.00ns
updating flows - path finding at7.03
Routing stable: Number of stable paths from source: 0to destination 3is 1 at timestamp 7.03
Routing stable: Number of stable paths from source: 3to destination 0is 1 at timestamp 7.03
Routing stable: Number of stable paths from source: 3to destination 0is 1 at timestamp 7.03
Routing stable: Number of stable paths from source: 3to destination 0is 1 at timestamp 7.03
Number of connected flows 3at timestamp 7.04
DEBUG matrix values:
  [0][1] = 634.96
  [1][0] = 634.96
  [1][2] = 634.96
  [2][1] = 634.96
  [2][3] = 634.96
  [3][2] = 634.96
DEBUG threshold: 0.40
DEBUG max lifetime in matrix: 634.96
DEBUG matrix size: 5
Proposed RL started at 7.04
1
1
1
1
Proposed RL learning finished at 7.04
Transmitting delta values at7.04





Initialized flow counters at 7.10
flow id 0sub flow load is 0.00 next hop 0packets 0
flow id 0sub flow load is 0.00 next hop 2packets 0
flow id 0sub flow load is 0.00 next hop 3packets 0
flow id 0sub flow load is 0.00 next hop 4packets 0
flow id 0sub flow load is 1.00 next hop 1packets 3
scheduled in channel 1
Flow id 0 scheduled 3total packets from 0
flow id 1sub flow load is 0.00 next hop 0packets 0
flow id 1sub flow load is 0.00 next hop 1packets 0
flow id 1sub flow load is 0.00 next hop 2packets 0
flow id 1sub flow load is 0.00 next hop 3packets 0
flow id 1sub flow load is 0.00 next hop 4packets 0
Flow id 1 scheduled 0total packets from 3
flow id 2sub flow load is 0.00 next hop 0packets 0
flow id 2sub flow load is 0.00 next hop 1packets 0
flow id 2sub flow load is 0.00 next hop 2packets 0
flow id 2sub flow load is 0.00 next hop 3packets 0
flow id 2sub flow load is 0.00 next hop 4packets 0
Flow id 2 scheduled 0total packets from 3
flow id 3sub flow load is 0.00 next hop 0packets 0
flow id 3sub flow load is 0.00 next hop 1packets 0
flow id 3sub flow load is 0.00 next hop 3packets 0
flow id 3sub flow load is 0.00 next hop 4packets 0
flow id 3sub flow load is 1.00 next hop 2packets 1
scheduled in channel 1
Flow id 3 scheduled 1total packets from 3
DP-FR DROP: node=0 flow=0 t=7.10
ATTACK PLACE 1: packet DROPPED node=0 flow=0 packetID=1 t=7.10
DP-FR DROP: node=0 flow=0 t=7.10
ATTACK PLACE 1: packet DROPPED node=0 flow=0 packetID=1 t=7.10
DP-FR FORWARD: node=0 flow=0 t=7.10
ATTACK PLACE 1: packet FORWARDED node=0 flow=0 packetID=1 t=7.10
ATTACK PLACE 2: retransmit FORWARDED node=1 flow=0 packetID=1 t=7.11
ATTACK PLACE 2: retransmit FORWARDED node=2 flow=0 packetID=1 t=7.11
Flow ID 0received  Packet ID: 1Totally received 1packets at destination 3 at 7.11
DP-FR DROP: node=0 flow=0 t=7.13
ATTACK PLACE 1: packet DROPPED node=0 flow=0 packetID=2 t=7.13
DP-FR DROP: node=0 flow=0 t=7.13
ATTACK PLACE 1: packet DROPPED node=0 flow=0 packetID=2 t=7.13
DP-FR DROP: node=0 flow=0 t=7.13
ATTACK PLACE 1: packet DROPPED node=0 flow=0 packetID=2 t=7.13
DP-FR DROP: node=0 flow=0 t=7.13
ATTACK PLACE 1: packet DROPPED node=0 flow=0 packetID=2 t=7.13
Intial transmission packet dropped for flow id 0packet ID: 2
DP-FR FORWARD: node=0 flow=0 t=7.15
ATTACK PLACE 1: packet FORWARDED node=0 flow=0 packetID=3 t=7.15
ATTACK PLACE 2: retransmit FORWARDED node=1 flow=0 packetID=3 t=7.16
ATTACK PLACE 2: retransmit FORWARDED node=2 flow=0 packetID=3 t=7.16
Flow ID 0received  Packet ID: 3Totally received 2packets at destination 3 at 7.16
ATTACK PLACE 1: packet FORWARDED node=3 flow=3 packetID=1 t=7.18
ATTACK PLACE 2: retransmit FORWARDED node=2 flow=3 packetID=1 t=7.18
ATTACK PLACE 2: retransmit FORWARDED node=1 flow=3 packetID=1 t=7.18
Flow ID 3received  Packet ID: 1Totally received 1packets at destination 0 at 7.18
average_latency 4.81 ms
[LW-DP-Det] Node 0 SUSPECTED — S1:1 S2:1 S3:0 corrPDR=0.47
[SHIELD-GH][ROUTE-GATE] node 0 full isolation WITHHELD — no alternate route excludes it | APPLY_GRADUATED_LEVEL2 (rate-limit + per-batch ZKP) | t=8.00
[SHIELD-GH] Node 0 RATE-LIMITED | Λ=6
=== SHIELD-GH DETECTION METRICS (node-level) ===
  Node TP=1 TN=3 FP=0 FN=0
  M1a Detection Accuracy: 100.00%
  M1b MCC: 1.00
  M2  False Positive Rate: 0.00%
================================================
average packet delivery ratio is 92.86
average jitter is 27.99
average load balance is 100.00
TP=3.00 TN=0.00 FP=1.00 FN=0.00
M1a Detection Accuracy: 75.00%
M1b MCC: 0.00
M2 False Positive Rate: 100.00%
M4a Detection Latency: 0.00 ms
M4b Mitigation Response Time: 0.00 ms
=== Per Node PDR ===
Node 0 | LocalPDR=25.00% (Fwd=2/Rcv=8) | E2E_PDR=66.67% (2/3) | RelayPDR=0.00% (Fwd=0/Rcv=0) [DP-ATTACKER]
Node 1 | LocalPDR=100.00% (Fwd=3/Rcv=3) | E2E_PDR=0.00% (0/0) | RelayPDR=75.00% (Fwd=3/Rcv=4)
Node 2 | LocalPDR=100.00% (Fwd=3/Rcv=3) | E2E_PDR=0.00% (0/0) | RelayPDR=75.00% (Fwd=3/Rcv=4)
Node 3 | LocalPDR=100.00% (Fwd=1/Rcv=1) | E2E_PDR=100.00% (1/1) | RelayPDR=0.00% (Fwd=0/Rcv=0)
Node 4 | LocalPDR=0.00% (Fwd=0/Rcv=0) | E2E_PDR=0.00% (0/0) | RelayPDR=0.00% (Fwd=0/Rcv=0)
====================
written to file successfully
Solution at nodes cleared at 8.00
sent all flow data from node 4
current time is 8.00


At controller: updated flow source 0to destination 3flow size 3packet size 750QoS 1
At controller: updated flow source 3to destination 0flow size 1packet size 750QoS 1
At controller: updated flow source 3to destination 0flow size 3packet size 750QoS 1
At controller: updated flow source 3to destination 0flow size 2packet size 750QoS 1




link lifetime optimization beginning at 8.03
finished writing link lifetime status at8.03
Set parameter Username
Academic license - for non-commercial use only - expires 2027-05-08
delay is 1141
reading lifetime from csv at8.03
link lifetime conversion finished at+8034600000.00ns
updating flows - path finding at8.03
Routing stable: Number of stable paths from source: 0to destination 3is 1 at timestamp 8.03
Routing stable: Number of stable paths from source: 3to destination 0is 1 at timestamp 8.03
Routing stable: Number of stable paths from source: 3to destination 0is 1 at timestamp 8.03
Routing stable: Number of stable paths from source: 3to destination 0is 1 at timestamp 8.03
Number of connected flows 3at timestamp 8.04
DEBUG matrix values:
  [0][1] = 634.96
  [1][0] = 634.96
  [1][2] = 634.96
  [2][1] = 634.96
  [2][3] = 634.96
  [3][2] = 634.96
DEBUG threshold: 0.40
DEBUG max lifetime in matrix: 634.96
DEBUG matrix size: 5
Proposed RL started at 8.04
1
1
1
1
Proposed RL learning finished at 8.04
Transmitting delta values at8.04





Initialized flow counters at 8.10
flow id 0sub flow load is 0.00 next hop 0packets 0
flow id 0sub flow load is 0.00 next hop 2packets 0
flow id 0sub flow load is 0.00 next hop 3packets 0
flow id 0sub flow load is 0.00 next hop 4packets 0
flow id 0sub flow load is 1.00 next hop 1packets 3
scheduled in channel 1
Flow id 0 scheduled 3total packets from 0
flow id 1sub flow load is 0.00 next hop 0packets 0
flow id 1sub flow load is 0.00 next hop 1packets 0
flow id 1sub flow load is 0.00 next hop 2packets 0
flow id 1sub flow load is 0.00 next hop 3packets 0
flow id 1sub flow load is 0.00 next hop 4packets 0
Flow id 1 scheduled 0total packets from 3
flow id 2sub flow load is 0.00 next hop 0packets 0
flow id 2sub flow load is 0.00 next hop 1packets 0
flow id 2sub flow load is 0.00 next hop 3packets 0
flow id 2sub flow load is 0.00 next hop 4packets 0
flow id 2sub flow load is 1.00 next hop 2packets 3
scheduled in channel 1
Flow id 2 scheduled 3total packets from 3
flow id 3sub flow load is 0.00 next hop 0packets 0
flow id 3sub flow load is 0.00 next hop 1packets 0
flow id 3sub flow load is 0.00 next hop 3packets 0
flow id 3sub flow load is 0.00 next hop 4packets 0
flow id 3sub flow load is 1.00 next hop 2packets 2
scheduled in channel 1
Flow id 3 scheduled 2total packets from 3
DP-FR DROP: node=0 flow=0 t=8.10
ATTACK PLACE 1: packet DROPPED node=0 flow=0 packetID=1 t=8.10
DP-FR DROP: node=0 flow=0 t=8.10
ATTACK PLACE 1: packet DROPPED node=0 flow=0 packetID=1 t=8.10
DP-FR DROP: node=0 flow=0 t=8.10
ATTACK PLACE 1: packet DROPPED node=0 flow=0 packetID=1 t=8.10
DP-FR DROP: node=0 flow=0 t=8.11
ATTACK PLACE 1: packet DROPPED node=0 flow=0 packetID=1 t=8.11
Intial transmission packet dropped for flow id 0packet ID: 1
DP-FR DROP: node=0 flow=0 t=8.13
ATTACK PLACE 1: packet DROPPED node=0 flow=0 packetID=2 t=8.13
DP-FR FORWARD: node=0 flow=0 t=8.13
ATTACK PLACE 1: packet FORWARDED node=0 flow=0 packetID=2 t=8.13
ATTACK PLACE 2: retransmit FORWARDED node=1 flow=0 packetID=2 t=8.13
ATTACK PLACE 2: retransmit FORWARDED node=2 flow=0 packetID=2 t=8.13
Flow ID 0received  Packet ID: 2Totally received 1packets at destination 3 at 8.13
DP-FR FORWARD: node=0 flow=0 t=8.15
ATTACK PLACE 1: packet FORWARDED node=0 flow=0 packetID=3 t=8.15
ATTACK PLACE 2: retransmit FORWARDED node=1 flow=0 packetID=3 t=8.16
ATTACK PLACE 1: packet FORWARDED node=3 flow=2 packetID=1 t=8.16
ATTACK PLACE 2: retransmit FORWARDED node=2 flow=2 packetID=1 t=8.16
ATTACK PLACE 2: retransmit FORWARDED node=1 flow=2 packetID=1 t=8.16
Flow ID 2received  Packet ID: 1Totally received 1packets at destination 0 at 8.16
ATTACK PLACE 2: retransmit FORWARDED node=2 flow=0 packetID=3 t=8.16
Flow ID 0received  Packet ID: 3Totally received 2packets at destination 3 at 8.16
ATTACK PLACE 1: packet FORWARDED node=3 flow=2 packetID=2 t=8.18
ATTACK PLACE 1: packet FORWARDED node=3 flow=3 packetID=1 t=8.18
ATTACK PLACE 2: retransmit FORWARDED node=2 flow=3 packetID=1 t=8.18
ATTACK PLACE 2: retransmit FORWARDED node=2 flow=2 packetID=2 t=8.18
ATTACK PLACE 2: retransmit FORWARDED node=1 flow=2 packetID=2 t=8.19
Flow ID 2received  Packet ID: 2Totally received 2packets at destination 0 at 8.19
ATTACK PLACE 2: retransmit FORWARDED node=1 flow=3 packetID=1 t=8.19
Flow ID 3received  Packet ID: 1Totally received 1packets at destination 0 at 8.19
ATTACK PLACE 1: packet FORWARDED node=3 flow=3 packetID=2 t=8.21
ATTACK PLACE 1: packet FORWARDED node=3 flow=2 packetID=3 t=8.21
ATTACK PLACE 2: retransmit FORWARDED node=2 flow=3 packetID=2 t=8.21
ATTACK PLACE 2: retransmit FORWARDED node=1 flow=3 packetID=2 t=8.21
Flow ID 3received  Packet ID: 2Totally received 2packets at destination 0 at 8.21
ATTACK PLACE 2: retransmit FORWARDED node=2 flow=2 packetID=3 t=8.21
ATTACK PLACE 2: retransmit FORWARDED node=1 flow=2 packetID=3 t=8.22
Flow ID 2received  Packet ID: 3Totally received 3packets at destination 0 at 8.22
average_latency 4.95 ms
[LW-DP-Det] Node 0 SUSPECTED — S1:1 S2:1 S3:0 corrPDR=0.45
[SHIELD-GH][ROUTE-GATE] node 0 full isolation WITHHELD — no alternate route excludes it | APPLY_GRADUATED_LEVEL2 (rate-limit + per-batch ZKP) | t=9.00
[SHIELD-GH] Node 0 RATE-LIMITED | Λ=6
=== SHIELD-GH DETECTION METRICS (node-level) ===
  Node TP=1 TN=3 FP=0 FN=0
  M1a Detection Accuracy: 100.00%
  M1b MCC: 1.00
  M2  False Positive Rate: 0.00%
================================================
average packet delivery ratio is 92.19
average jitter is 28.81
average load balance is 100.00
TP=7.00 TN=0.00 FP=1.00 FN=0.00
M1a Detection Accuracy: 87.50%
M1b MCC: 0.00
M2 False Positive Rate: 100.00%
M4a Detection Latency: 0.00 ms
M4b Mitigation Response Time: 0.00 ms
=== Per Node PDR ===
Node 0 | LocalPDR=28.57% (Fwd=2/Rcv=7) | E2E_PDR=66.67% (2/3) | RelayPDR=0.00% (Fwd=0/Rcv=0) [DP-ATTACKER]
Node 1 | LocalPDR=100.00% (Fwd=7/Rcv=7) | E2E_PDR=0.00% (0/0) | RelayPDR=87.50% (Fwd=7/Rcv=8)
Node 2 | LocalPDR=100.00% (Fwd=7/Rcv=7) | E2E_PDR=0.00% (0/0) | RelayPDR=87.50% (Fwd=7/Rcv=8)
Node 3 | LocalPDR=100.00% (Fwd=5/Rcv=5) | E2E_PDR=100.00% (5/5) | RelayPDR=0.00% (Fwd=0/Rcv=0)
Node 4 | LocalPDR=0.00% (Fwd=0/Rcv=0) | E2E_PDR=0.00% (0/0) | RelayPDR=0.00% (Fwd=0/Rcv=0)
====================
written to file successfully
Solution at nodes cleared at 9.00
sent all flow data from node 4
current time is 9.00


At controller: updated flow source 0to destination 3flow size 3packet size 750QoS 1
At controller: updated flow source 3to destination 0flow size 0packet size 750QoS 1
At controller: updated flow source 3to destination 0flow size 2packet size 750QoS 1
At controller: updated flow source 3to destination 0flow size 0packet size 750QoS 1




link lifetime optimization beginning at 9.03
finished writing link lifetime status at9.03
Set parameter Username
Academic license - for non-commercial use only - expires 2027-05-08
delay is 1041
reading lifetime from csv at9.03
link lifetime conversion finished at+9034600000.00ns
updating flows - path finding at9.03
Routing stable: Number of stable paths from source: 0to destination 3is 1 at timestamp 9.03
Routing stable: Number of stable paths from source: 3to destination 0is 1 at timestamp 9.03
Routing stable: Number of stable paths from source: 3to destination 0is 1 at timestamp 9.03
Routing stable: Number of stable paths from source: 3to destination 0is 1 at timestamp 9.03
Number of connected flows 3at timestamp 9.04
DEBUG matrix values:
  [0][1] = 634.96
  [1][0] = 634.96
  [1][2] = 634.96
  [2][1] = 634.96
  [2][3] = 634.96
  [3][2] = 634.96
DEBUG threshold: 0.40
DEBUG max lifetime in matrix: 634.96
DEBUG matrix size: 5
Proposed RL started at 9.04
1
1
1
1
Proposed RL learning finished at 9.04
Transmitting delta values at9.04





Initialized flow counters at 9.10
flow id 0sub flow load is 0.00 next hop 0packets 0
flow id 0sub flow load is 0.00 next hop 2packets 0
flow id 0sub flow load is 0.00 next hop 3packets 0
flow id 0sub flow load is 0.00 next hop 4packets 0
flow id 0sub flow load is 1.00 next hop 1packets 3
scheduled in channel 1
Flow id 0 scheduled 3total packets from 0
flow id 1sub flow load is 0.00 next hop 0packets 0
flow id 1sub flow load is 0.00 next hop 1packets 0
flow id 1sub flow load is 0.00 next hop 2packets 0
flow id 1sub flow load is 0.00 next hop 3packets 0
flow id 1sub flow load is 0.00 next hop 4packets 0
Flow id 1 scheduled 0total packets from 3
flow id 2sub flow load is 0.00 next hop 0packets 0
flow id 2sub flow load is 0.00 next hop 1packets 0
flow id 2sub flow load is 0.00 next hop 3packets 0
flow id 2sub flow load is 0.00 next hop 4packets 0
flow id 2sub flow load is 1.00 next hop 2packets 2
scheduled in channel 1
Flow id 2 scheduled 2total packets from 3
flow id 3sub flow load is 0.00 next hop 0packets 0
flow id 3sub flow load is 0.00 next hop 1packets 0
flow id 3sub flow load is 0.00 next hop 2packets 0
flow id 3sub flow load is 0.00 next hop 3packets 0
flow id 3sub flow load is 0.00 next hop 4packets 0
Flow id 3 scheduled 0total packets from 3
DP-FR FORWARD: node=0 flow=0 t=9.10
ATTACK PLACE 1: packet FORWARDED node=0 flow=0 packetID=1 t=9.10
ATTACK PLACE 2: retransmit FORWARDED node=1 flow=0 packetID=1 t=9.10
ATTACK PLACE 2: retransmit FORWARDED node=2 flow=0 packetID=1 t=9.10
Flow ID 0received  Packet ID: 1Totally received 1packets at destination 3 at 9.10
DP-FR DROP: node=0 flow=0 t=9.13
ATTACK PLACE 1: packet DROPPED node=0 flow=0 packetID=2 t=9.13
DP-FR DROP: node=0 flow=0 t=9.13
ATTACK PLACE 1: packet DROPPED node=0 flow=0 packetID=2 t=9.13
DP-FR FORWARD: node=0 flow=0 t=9.13
ATTACK PLACE 1: packet FORWARDED node=0 flow=0 packetID=2 t=9.13
ATTACK PLACE 2: retransmit FORWARDED node=1 flow=0 packetID=2 t=9.13
ATTACK PLACE 2: retransmit FORWARDED node=2 flow=0 packetID=2 t=9.13
Flow ID 0received  Packet ID: 2Totally received 2packets at destination 3 at 9.14
DP-FR FORWARD: node=0 flow=0 t=9.15
ATTACK PLACE 1: packet FORWARDED node=0 flow=0 packetID=3 t=9.15
ATTACK PLACE 1: packet FORWARDED node=3 flow=2 packetID=1 t=9.15
DP-FR FORWARD: node=0 flow=0 t=9.16
ATTACK PLACE 1: packet FORWARDED node=0 flow=0 packetID=3 t=9.16
DP-FR FORWARD: node=0 flow=0 t=9.16
ATTACK PLACE 1: packet FORWARDED node=0 flow=0 packetID=3 t=9.16
ATTACK PLACE 2: retransmit FORWARDED node=1 flow=0 packetID=3 t=9.16
ATTACK PLACE 2: retransmit FORWARDED node=2 flow=0 packetID=3 t=9.16
Flow ID 0received  Packet ID: 3Totally received 3packets at destination 3 at 9.16
ATTACK PLACE 1: packet FORWARDED node=3 flow=2 packetID=1 t=9.16
ATTACK PLACE 2: retransmit FORWARDED node=2 flow=2 packetID=1 t=9.16
ATTACK PLACE 2: retransmit FORWARDED node=1 flow=2 packetID=1 t=9.17
Flow ID 2received  Packet ID: 1Totally received 1packets at destination 0 at 9.17
ATTACK PLACE 1: packet FORWARDED node=3 flow=2 packetID=2 t=9.18
ATTACK PLACE 2: retransmit FORWARDED node=2 flow=2 packetID=2 t=9.18
ATTACK PLACE 2: retransmit FORWARDED node=1 flow=2 packetID=2 t=9.18
Flow ID 2received  Packet ID: 2Totally received 2packets at destination 0 at 9.18
average_latency 4.83 ms
[LW-DP-Det] Node 0 SUSPECTED — S1:1 S2:1 S3:0 corrPDR=0.48
[SHIELD-GH][ROUTE-GATE] node 0 full isolation WITHHELD — no alternate route excludes it | APPLY_GRADUATED_LEVEL2 (rate-limit + per-batch ZKP) | t=10.00
[SHIELD-GH] Node 0 RATE-LIMITED | Λ=7
=== SHIELD-GH DETECTION METRICS (node-level) ===
  Node TP=1 TN=3 FP=0 FN=0
  M1a Detection Accuracy: 100.00%
  M1b MCC: 1.00
  M2  False Positive Rate: 0.00%
================================================
average packet delivery ratio is 93.06
average jitter is 28.39
average load balance is 100.00
TP=5.00 TN=0.00 FP=0.00 FN=0.00
M1a Detection Accuracy: 100.00%
M1b MCC: 0.00
M2 False Positive Rate: 0.00%
M4a Detection Latency: 0.00 ms
M4b Mitigation Response Time: 0.00 ms
=== Per Node PDR ===
Node 0 | LocalPDR=71.43% (Fwd=5/Rcv=7) | E2E_PDR=100.00% (3/3) | RelayPDR=0.00% (Fwd=0/Rcv=0) [DP-ATTACKER]
Node 1 | LocalPDR=83.33% (Fwd=5/Rcv=6) | E2E_PDR=0.00% (0/0) | RelayPDR=100.00% (Fwd=5/Rcv=5)
Node 2 | LocalPDR=100.00% (Fwd=5/Rcv=5) | E2E_PDR=0.00% (0/0) | RelayPDR=100.00% (Fwd=5/Rcv=5)
Node 3 | LocalPDR=100.00% (Fwd=3/Rcv=3) | E2E_PDR=100.00% (2/2) | RelayPDR=0.00% (Fwd=0/Rcv=0)
Node 4 | LocalPDR=0.00% (Fwd=0/Rcv=0) | E2E_PDR=0.00% (0/0) | RelayPDR=0.00% (Fwd=0/Rcv=0)
====================
written to file successfully
Solution at nodes cleared at 10.00
sent all flow data from node 4
current time is 10.00


At controller: updated flow source 0to destination 3flow size 3packet size 750QoS 1
At controller: updated flow source 3to destination 0flow size 1packet size 750QoS 1
At controller: updated flow source 3to destination 0flow size 3packet size 750QoS 1
At controller: updated flow source 3to destination 0flow size 2packet size 750QoS 1




link lifetime optimization beginning at 10.03
finished writing link lifetime status at10.03
Set parameter Username
Academic license - for non-commercial use only - expires 2027-05-08
delay is 1095
reading lifetime from csv at10.03
link lifetime conversion finished at+10034600000.00ns
updating flows - path finding at10.03
Routing stable: Number of stable paths from source: 0to destination 3is 1 at timestamp 10.03
Routing stable: Number of stable paths from source: 3to destination 0is 1 at timestamp 10.03
Routing stable: Number of stable paths from source: 3to destination 0is 1 at timestamp 10.03
Routing stable: Number of stable paths from source: 3to destination 0is 1 at timestamp 10.03
Number of connected flows 3at timestamp 10.04
DEBUG matrix values:
  [0][1] = 634.96
  [1][0] = 634.96
  [1][2] = 634.96
  [2][1] = 634.96
  [2][3] = 634.96
  [3][2] = 634.96
DEBUG threshold: 0.40
DEBUG max lifetime in matrix: 634.96
DEBUG matrix size: 5
Proposed RL started at 10.04
1
1
1
1
Proposed RL learning finished at 10.04
Transmitting delta values at10.04





Initialized flow counters at 10.10
flow id 0sub flow load is 0.00 next hop 0packets 0
flow id 0sub flow load is 0.00 next hop 2packets 0
flow id 0sub flow load is 0.00 next hop 3packets 0
flow id 0sub flow load is 0.00 next hop 4packets 0
flow id 0sub flow load is 1.00 next hop 1packets 3
scheduled in channel 1
Flow id 0 scheduled 3total packets from 0
flow id 1sub flow load is 0.00 next hop 0packets 0
flow id 1sub flow load is 0.00 next hop 1packets 0
flow id 1sub flow load is 0.00 next hop 2packets 0
flow id 1sub flow load is 0.00 next hop 3packets 0
flow id 1sub flow load is 0.00 next hop 4packets 0
Flow id 1 scheduled 0total packets from 3
flow id 2sub flow load is 0.00 next hop 0packets 0
flow id 2sub flow load is 0.00 next hop 1packets 0
flow id 2sub flow load is 0.00 next hop 3packets 0
flow id 2sub flow load is 0.00 next hop 4packets 0
flow id 2sub flow load is 1.00 next hop 2packets 3
scheduled in channel 1
Flow id 2 scheduled 3total packets from 3
flow id 3sub flow load is 0.00 next hop 0packets 0
flow id 3sub flow load is 0.00 next hop 1packets 0
flow id 3sub flow load is 0.00 next hop 3packets 0
flow id 3sub flow load is 0.00 next hop 4packets 0
flow id 3sub flow load is 1.00 next hop 2packets 2
scheduled in channel 1
Flow id 3 scheduled 2total packets from 3
DP-FR DROP: node=0 flow=0 t=10.10
ATTACK PLACE 1: packet DROPPED node=0 flow=0 packetID=1 t=10.10
DP-FR FORWARD: node=0 flow=0 t=10.10
ATTACK PLACE 1: packet FORWARDED node=0 flow=0 packetID=1 t=10.10
ATTACK PLACE 2: retransmit FORWARDED node=1 flow=0 packetID=1 t=10.10
ATTACK PLACE 2: retransmit FORWARDED node=2 flow=0 packetID=1 t=10.11
Flow ID 0received  Packet ID: 1Totally received 1packets at destination 3 at 10.11
DP-FR DROP: node=0 flow=0 t=10.13
ATTACK PLACE 1: packet DROPPED node=0 flow=0 packetID=2 t=10.13
DP-FR DROP: node=0 flow=0 t=10.13
ATTACK PLACE 1: packet DROPPED node=0 flow=0 packetID=2 t=10.13
DP-FR DROP: node=0 flow=0 t=10.13
ATTACK PLACE 1: packet DROPPED node=0 flow=0 packetID=2 t=10.13
DP-FR DROP: node=0 flow=0 t=10.13
ATTACK PLACE 1: packet DROPPED node=0 flow=0 packetID=2 t=10.13
Intial transmission packet dropped for flow id 0packet ID: 2
DP-FR DROP: node=0 flow=0 t=10.15
ATTACK PLACE 1: packet DROPPED node=0 flow=0 packetID=3 t=10.15
ATTACK PLACE 1: packet FORWARDED node=3 flow=2 packetID=1 t=10.15
ATTACK PLACE 2: retransmit FORWARDED node=2 flow=2 packetID=1 t=10.16
DP-FR DROP: node=0 flow=0 t=10.16
ATTACK PLACE 1: packet DROPPED node=0 flow=0 packetID=3 t=10.16
DP-FR FORWARD: node=0 flow=0 t=10.16
ATTACK PLACE 1: packet FORWARDED node=0 flow=0 packetID=3 t=10.16
ATTACK PLACE 2: retransmit FORWARDED node=1 flow=0 packetID=3 t=10.16
ATTACK PLACE 2: retransmit FORWARDED node=1 flow=2 packetID=1 t=10.16
Flow ID 2received  Packet ID: 1Totally received 1packets at destination 0 at 10.16
ATTACK PLACE 2: retransmit FORWARDED node=2 flow=0 packetID=3 t=10.16
Flow ID 0received  Packet ID: 3Totally received 2packets at destination 3 at 10.16
ATTACK PLACE 1: packet FORWARDED node=3 flow=2 packetID=2 t=10.18
ATTACK PLACE 1: packet FORWARDED node=3 flow=3 packetID=1 t=10.18
ATTACK PLACE 2: retransmit FORWARDED node=2 flow=2 packetID=2 t=10.18
ATTACK PLACE 2: retransmit FORWARDED node=2 flow=3 packetID=1 t=10.18
ATTACK PLACE 2: retransmit FORWARDED node=1 flow=2 packetID=2 t=10.19
Flow ID 2received  Packet ID: 2Totally received 2packets at destination 0 at 10.19
ATTACK PLACE 2: retransmit FORWARDED node=1 flow=3 packetID=1 t=10.19
Flow ID 3received  Packet ID: 1Totally received 1packets at destination 0 at 10.19
ATTACK PLACE 1: packet FORWARDED node=3 flow=2 packetID=3 t=10.21
ATTACK PLACE 2: retransmit FORWARDED node=2 flow=2 packetID=3 t=10.21
ATTACK PLACE 1: packet FORWARDED node=3 flow=3 packetID=2 t=10.21
ATTACK PLACE 2: retransmit FORWARDED node=1 flow=2 packetID=3 t=10.21
Flow ID 2received  Packet ID: 3Totally received 3packets at destination 0 at 10.21
ATTACK PLACE 2: retransmit FORWARDED node=2 flow=3 packetID=2 t=10.21
ATTACK PLACE 2: retransmit FORWARDED node=1 flow=3 packetID=2 t=10.22
Flow ID 3received  Packet ID: 2Totally received 2packets at destination 0 at 10.22
average_latency 4.92 ms
[LW-DP-Det] Node 0 SUSPECTED — S1:1 S2:1 S3:0 corrPDR=0.45
[SHIELD-GH][ROUTE-GATE] node 0 full isolation WITHHELD — no alternate route excludes it | APPLY_GRADUATED_LEVEL2 (rate-limit + per-batch ZKP) | t=11.00
[SHIELD-GH] Node 0 RATE-LIMITED | Λ=8
=== SHIELD-GH DETECTION METRICS (node-level) ===
  Node TP=1 TN=3 FP=0 FN=0
  M1a Detection Accuracy: 100.00%
  M1b MCC: 1.00
  M2  False Positive Rate: 0.00%
================================================
average packet delivery ratio is 92.50
average jitter is 30.14
average load balance is 100.00
TP=7.00 TN=0.00 FP=1.00 FN=0.00
M1a Detection Accuracy: 87.50%
M1b MCC: 0.00
M2 False Positive Rate: 100.00%
M4a Detection Latency: 0.00 ms
M4b Mitigation Response Time: 0.00 ms
=== Per Node PDR ===
Node 0 | LocalPDR=22.22% (Fwd=2/Rcv=9) | E2E_PDR=66.67% (2/3) | RelayPDR=0.00% (Fwd=0/Rcv=0) [DP-ATTACKER]
Node 1 | LocalPDR=100.00% (Fwd=7/Rcv=7) | E2E_PDR=0.00% (0/0) | RelayPDR=87.50% (Fwd=7/Rcv=8)
Node 2 | LocalPDR=100.00% (Fwd=7/Rcv=7) | E2E_PDR=0.00% (0/0) | RelayPDR=87.50% (Fwd=7/Rcv=8)
Node 3 | LocalPDR=100.00% (Fwd=5/Rcv=5) | E2E_PDR=100.00% (5/5) | RelayPDR=0.00% (Fwd=0/Rcv=0)
Node 4 | LocalPDR=0.00% (Fwd=0/Rcv=0) | E2E_PDR=0.00% (0/0) | RelayPDR=0.00% (Fwd=0/Rcv=0)
====================
written to file successfully
Solution at nodes cleared at 11.00
sent all flow data from node 4
current time is 11.00


At controller: updated flow source 0to destination 3flow size 3packet size 750QoS 1
At controller: updated flow source 3to destination 0flow size 3packet size 750QoS 1
At controller: updated flow source 3to destination 0flow size 1packet size 750QoS 1
At controller: updated flow source 3to destination 0flow size 2packet size 750QoS 1




link lifetime optimization beginning at 11.03
finished writing link lifetime status at11.03
Set parameter Username
Academic license - for non-commercial use only - expires 2027-05-08
delay is 1033
reading lifetime from csv at11.03
link lifetime conversion finished at+11034600000.00ns
updating flows - path finding at11.03
Routing stable: Number of stable paths from source: 0to destination 3is 1 at timestamp 11.03
Routing stable: Number of stable paths from source: 3to destination 0is 1 at timestamp 11.03
Routing stable: Number of stable paths from source: 3to destination 0is 1 at timestamp 11.03
Routing stable: Number of stable paths from source: 3to destination 0is 1 at timestamp 11.03
Number of connected flows 3at timestamp 11.04
DEBUG matrix values:
  [0][1] = 634.96
  [1][0] = 634.96
  [1][2] = 634.96
  [2][1] = 634.96
  [2][3] = 634.96
  [3][2] = 634.96
DEBUG threshold: 0.40
DEBUG max lifetime in matrix: 634.96
DEBUG matrix size: 5
Proposed RL started at 11.04
1
1
1
1
Proposed RL learning finished at 11.04
Transmitting delta values at11.04





Initialized flow counters at 11.10
flow id 0sub flow load is 0.00 next hop 0packets 0
flow id 0sub flow load is 0.00 next hop 2packets 0
flow id 0sub flow load is 0.00 next hop 3packets 0
flow id 0sub flow load is 0.00 next hop 4packets 0
flow id 0sub flow load is 1.00 next hop 1packets 3
scheduled in channel 1
Flow id 0 scheduled 3total packets from 0
flow id 1sub flow load is 0.00 next hop 0packets 0
flow id 1sub flow load is 0.00 next hop 1packets 0
flow id 1sub flow load is 0.00 next hop 2packets 0
flow id 1sub flow load is 0.00 next hop 3packets 0
flow id 1sub flow load is 0.00 next hop 4packets 0
Flow id 1 scheduled 0total packets from 3
flow id 2sub flow load is 0.00 next hop 0packets 0
flow id 2sub flow load is 0.00 next hop 1packets 0
flow id 2sub flow load is 0.00 next hop 3packets 0
flow id 2sub flow load is 0.00 next hop 4packets 0
flow id 2sub flow load is 1.00 next hop 2packets 1
scheduled in channel 1
Flow id 2 scheduled 1total packets from 3
flow id 3sub flow load is 0.00 next hop 0packets 0
flow id 3sub flow load is 0.00 next hop 1packets 0
flow id 3sub flow load is 0.00 next hop 3packets 0
flow id 3sub flow load is 0.00 next hop 4packets 0
flow id 3sub flow load is 1.00 next hop 2packets 2
scheduled in channel 1
Flow id 3 scheduled 2total packets from 3
DP-FR DROP: node=0 flow=0 t=11.10
ATTACK PLACE 1: packet DROPPED node=0 flow=0 packetID=1 t=11.10
DP-FR FORWARD: node=0 flow=0 t=11.10
ATTACK PLACE 1: packet FORWARDED node=0 flow=0 packetID=1 t=11.10
ATTACK PLACE 2: retransmit FORWARDED node=1 flow=0 packetID=1 t=11.10
ATTACK PLACE 2: retransmit FORWARDED node=2 flow=0 packetID=1 t=11.11
Flow ID 0received  Packet ID: 1Totally received 1packets at destination 3 at 11.11
DP-FR DROP: node=0 flow=0 t=11.13
ATTACK PLACE 1: packet DROPPED node=0 flow=0 packetID=2 t=11.13
DP-FR FORWARD: node=0 flow=0 t=11.13
ATTACK PLACE 1: packet FORWARDED node=0 flow=0 packetID=2 t=11.13
ATTACK PLACE 2: retransmit FORWARDED node=1 flow=0 packetID=2 t=11.13
ATTACK PLACE 2: retransmit FORWARDED node=2 flow=0 packetID=2 t=11.13
Flow ID 0received  Packet ID: 2Totally received 2packets at destination 3 at 11.13
DP-FR FORWARD: node=0 flow=0 t=11.15
ATTACK PLACE 1: packet FORWARDED node=0 flow=0 packetID=3 t=11.15
ATTACK PLACE 1: packet FORWARDED node=3 flow=2 packetID=1 t=11.15
DP-FR FORWARD: node=0 flow=0 t=11.16
ATTACK PLACE 1: packet FORWARDED node=0 flow=0 packetID=3 t=11.16
ATTACK PLACE 2: retransmit FORWARDED node=1 flow=0 packetID=3 t=11.16
ATTACK PLACE 1: packet FORWARDED node=3 flow=2 packetID=1 t=11.16
ATTACK PLACE 2: retransmit FORWARDED node=2 flow=2 packetID=1 t=11.16
ATTACK PLACE 2: retransmit FORWARDED node=1 flow=2 packetID=1 t=11.16
Flow ID 2received  Packet ID: 1Totally received 1packets at destination 0 at 11.16
ATTACK PLACE 2: retransmit FORWARDED node=2 flow=0 packetID=3 t=11.16
Flow ID 0received  Packet ID: 3Totally received 3packets at destination 3 at 11.16
ATTACK PLACE 1: packet FORWARDED node=3 flow=3 packetID=1 t=11.18
ATTACK PLACE 2: retransmit FORWARDED node=2 flow=3 packetID=1 t=11.18
ATTACK PLACE 2: retransmit FORWARDED node=1 flow=3 packetID=1 t=11.18
Flow ID 3received  Packet ID: 1Totally received 1packets at destination 0 at 11.19
ATTACK PLACE 1: packet FORWARDED node=3 flow=3 packetID=2 t=11.21
ATTACK PLACE 2: retransmit FORWARDED node=2 flow=3 packetID=2 t=11.21
ATTACK PLACE 2: retransmit FORWARDED node=1 flow=3 packetID=2 t=11.21
Flow ID 3received  Packet ID: 2Totally received 2packets at destination 0 at 11.21
average_latency 4.89 ms
[LW-DP-Det] Node 0 SUSPECTED — S1:1 S2:1 S3:0 corrPDR=0.46
[SHIELD-GH][ROUTE-GATE] node 0 full isolation WITHHELD — no alternate route excludes it | APPLY_GRADUATED_LEVEL2 (rate-limit + per-batch ZKP) | t=12.00
[SHIELD-GH] Node 0 RATE-LIMITED | Λ=9
=== SHIELD-GH DETECTION METRICS (node-level) ===
  Node TP=1 TN=3 FP=0 FN=0
  M1a Detection Accuracy: 100.00%
  M1b MCC: 1.00
  M2  False Positive Rate: 0.00%
================================================
average packet delivery ratio is 93.18
average jitter is 29.90
average load balance is 100.00
TP=6.00 TN=0.00 FP=0.00 FN=0.00
M1a Detection Accuracy: 100.00%
M1b MCC: 0.00
M2 False Positive Rate: 0.00%
M4a Detection Latency: 0.00 ms
M4b Mitigation Response Time: 0.00 ms
=== Per Node PDR ===
Node 0 | LocalPDR=66.67% (Fwd=4/Rcv=6) | E2E_PDR=100.00% (3/3) | RelayPDR=0.00% (Fwd=0/Rcv=0) [DP-ATTACKER]
Node 1 | LocalPDR=100.00% (Fwd=6/Rcv=6) | E2E_PDR=0.00% (0/0) | RelayPDR=100.00% (Fwd=6/Rcv=6)
Node 2 | LocalPDR=100.00% (Fwd=6/Rcv=6) | E2E_PDR=0.00% (0/0) | RelayPDR=100.00% (Fwd=6/Rcv=6)
Node 3 | LocalPDR=100.00% (Fwd=4/Rcv=4) | E2E_PDR=100.00% (3/3) | RelayPDR=0.00% (Fwd=0/Rcv=0)
Node 4 | LocalPDR=0.00% (Fwd=0/Rcv=0) | E2E_PDR=0.00% (0/0) | RelayPDR=0.00% (Fwd=0/Rcv=0)
====================
written to file successfully
Solution at nodes cleared at 12.00
sent all flow data from node 4
current time is 12.00


At controller: updated flow source 0to destination 3flow size 3packet size 750QoS 1
At controller: updated flow source 3to destination 0flow size 3packet size 750QoS 1
At controller: updated flow source 3to destination 0flow size 2packet size 750QoS 1
At controller: updated flow source 3to destination 0flow size 2packet size 750QoS 1




link lifetime optimization beginning at 12.03
finished writing link lifetime status at12.03
Set parameter Username
Academic license - for non-commercial use only - expires 2027-05-08
delay is 1104
reading lifetime from csv at12.03
link lifetime conversion finished at+12034600000.00ns
updating flows - path finding at12.03
Routing stable: Number of stable paths from source: 0to destination 3is 1 at timestamp 12.03
Routing stable: Number of stable paths from source: 3to destination 0is 1 at timestamp 12.03
Routing stable: Number of stable paths from source: 3to destination 0is 1 at timestamp 12.03
Routing stable: Number of stable paths from source: 3to destination 0is 1 at timestamp 12.03
Number of connected flows 3at timestamp 12.04
DEBUG matrix values:
  [0][1] = 634.96
  [1][0] = 634.96
  [1][2] = 634.96
  [2][1] = 634.96
  [2][3] = 634.96
  [3][2] = 634.96
DEBUG threshold: 0.40
DEBUG max lifetime in matrix: 634.96
DEBUG matrix size: 5
Proposed RL started at 12.04
1
1
1
1
Proposed RL learning finished at 12.04
Transmitting delta values at12.04





Initialized flow counters at 12.10
flow id 0sub flow load is 0.00 next hop 0packets 0
flow id 0sub flow load is 0.00 next hop 2packets 0
flow id 0sub flow load is 0.00 next hop 3packets 0
flow id 0sub flow load is 0.00 next hop 4packets 0
flow id 0sub flow load is 1.00 next hop 1packets 3
scheduled in channel 1
Flow id 0 scheduled 3total packets from 0
flow id 1sub flow load is 0.00 next hop 0packets 0
flow id 1sub flow load is 0.00 next hop 1packets 0
flow id 1sub flow load is 0.00 next hop 2packets 0
flow id 1sub flow load is 0.00 next hop 3packets 0
flow id 1sub flow load is 0.00 next hop 4packets 0
Flow id 1 scheduled 0total packets from 3
flow id 2sub flow load is 0.00 next hop 0packets 0
flow id 2sub flow load is 0.00 next hop 1packets 0
flow id 2sub flow load is 0.00 next hop 3packets 0
flow id 2sub flow load is 0.00 next hop 4packets 0
flow id 2sub flow load is 1.00 next hop 2packets 2
scheduled in channel 1
Flow id 2 scheduled 2total packets from 3
flow id 3sub flow load is 0.00 next hop 0packets 0
flow id 3sub flow load is 0.00 next hop 1packets 0
flow id 3sub flow load is 0.00 next hop 3packets 0
flow id 3sub flow load is 0.00 next hop 4packets 0
flow id 3sub flow load is 1.00 next hop 2packets 2
scheduled in channel 1
Flow id 3 scheduled 2total packets from 3
DP-FR FORWARD: node=0 flow=0 t=12.10
ATTACK PLACE 1: packet FORWARDED node=0 flow=0 packetID=1 t=12.10
ATTACK PLACE 2: retransmit FORWARDED node=1 flow=0 packetID=1 t=12.10
ATTACK PLACE 2: retransmit FORWARDED node=2 flow=0 packetID=1 t=12.10
Flow ID 0received  Packet ID: 1Totally received 1packets at destination 3 at 12.10
DP-FR DROP: node=0 flow=0 t=12.13
ATTACK PLACE 1: packet DROPPED node=0 flow=0 packetID=2 t=12.13
DP-FR DROP: node=0 flow=0 t=12.13
ATTACK PLACE 1: packet DROPPED node=0 flow=0 packetID=2 t=12.13
DP-FR DROP: node=0 flow=0 t=12.13
ATTACK PLACE 1: packet DROPPED node=0 flow=0 packetID=2 t=12.13
DP-FR DROP: node=0 flow=0 t=12.13
ATTACK PLACE 1: packet DROPPED node=0 flow=0 packetID=2 t=12.13
Intial transmission packet dropped for flow id 0packet ID: 2
DP-FR DROP: node=0 flow=0 t=12.15
ATTACK PLACE 1: packet DROPPED node=0 flow=0 packetID=3 t=12.15
ATTACK PLACE 1: packet FORWARDED node=3 flow=2 packetID=1 t=12.15
ATTACK PLACE 2: retransmit FORWARDED node=2 flow=2 packetID=1 t=12.16
ATTACK PLACE 2: retransmit FORWARDED node=1 flow=2 packetID=1 t=12.16
Flow ID 2received  Packet ID: 1Totally received 1packets at destination 0 at 12.16
DP-FR DROP: node=0 flow=0 t=12.16
ATTACK PLACE 1: packet DROPPED node=0 flow=0 packetID=3 t=12.16
DP-FR DROP: node=0 flow=0 t=12.16
ATTACK PLACE 1: packet DROPPED node=0 flow=0 packetID=3 t=12.16
DP-FR DROP: node=0 flow=0 t=12.16
ATTACK PLACE 1: packet DROPPED node=0 flow=0 packetID=3 t=12.16
Intial transmission packet dropped for flow id 0packet ID: 3
ATTACK PLACE 1: packet FORWARDED node=3 flow=2 packetID=2 t=12.18
ATTACK PLACE 1: packet FORWARDED node=3 flow=3 packetID=1 t=12.18
ATTACK PLACE 2: retransmit FORWARDED node=2 flow=3 packetID=1 t=12.18
ATTACK PLACE 2: retransmit FORWARDED node=2 flow=2 packetID=2 t=12.18
ATTACK PLACE 2: retransmit FORWARDED node=1 flow=2 packetID=2 t=12.18
Flow ID 2received  Packet ID: 2Totally received 2packets at destination 0 at 12.19
ATTACK PLACE 2: retransmit FORWARDED node=1 flow=3 packetID=1 t=12.19
Flow ID 3received  Packet ID: 1Totally received 1packets at destination 0 at 12.19
ATTACK PLACE 1: packet FORWARDED node=3 flow=3 packetID=2 t=12.21
ATTACK PLACE 2: retransmit FORWARDED node=2 flow=3 packetID=2 t=12.21
ATTACK PLACE 2: retransmit FORWARDED node=1 flow=3 packetID=2 t=12.21
Flow ID 3received  Packet ID: 2Totally received 2packets at destination 0 at 12.21
average_latency 4.86 ms
[LW-DP-Det] Node 0 SUSPECTED — S1:1 S2:1 S3:0 corrPDR=0.41
[SHIELD-GH][ROUTE-GATE] node 0 full isolation WITHHELD — no alternate route excludes it | APPLY_GRADUATED_LEVEL2 (rate-limit + per-batch ZKP) | t=13.00
[SHIELD-GH] Node 0 RATE-LIMITED | Λ=10
=== SHIELD-GH DETECTION METRICS (node-level) ===
  Node TP=1 TN=3 FP=0 FN=0
  M1a Detection Accuracy: 100.00%
  M1b MCC: 1.00
  M2  False Positive Rate: 0.00%
================================================
average packet delivery ratio is 91.37
average jitter is 31.94
average load balance is 100.00
TP=5.00 TN=0.00 FP=2.00 FN=0.00
M1a Detection Accuracy: 71.43%
M1b MCC: 0.00
M2 False Positive Rate: 100.00%
M4a Detection Latency: 0.00 ms
M4b Mitigation Response Time: 0.00 ms
=== Per Node PDR ===
Node 0 | LocalPDR=11.11% (Fwd=1/Rcv=9) | E2E_PDR=33.33% (1/3) | RelayPDR=0.00% (Fwd=0/Rcv=0) [DP-ATTACKER]
Node 1 | LocalPDR=100.00% (Fwd=5/Rcv=5) | E2E_PDR=0.00% (0/0) | RelayPDR=71.43% (Fwd=5/Rcv=7)
Node 2 | LocalPDR=100.00% (Fwd=5/Rcv=5) | E2E_PDR=0.00% (0/0) | RelayPDR=71.43% (Fwd=5/Rcv=7)
Node 3 | LocalPDR=100.00% (Fwd=4/Rcv=4) | E2E_PDR=100.00% (4/4) | RelayPDR=0.00% (Fwd=0/Rcv=0)
Node 4 | LocalPDR=0.00% (Fwd=0/Rcv=0) | E2E_PDR=0.00% (0/0) | RelayPDR=0.00% (Fwd=0/Rcv=0)
====================
written to file successfully
Solution at nodes cleared at 13.00
sent all flow data from node 4
current time is 13.00


At controller: updated flow source 0to destination 3flow size 3packet size 750QoS 1
At controller: updated flow source 3to destination 0flow size 0packet size 750QoS 1
At controller: updated flow source 3to destination 0flow size 1packet size 750QoS 1
At controller: updated flow source 3to destination 0flow size 0packet size 750QoS 1




link lifetime optimization beginning at 13.03
finished writing link lifetime status at13.03
Set parameter Username
Academic license - for non-commercial use only - expires 2027-05-08
delay is 1001
reading lifetime from csv at13.03
link lifetime conversion finished at+13034600000.00ns
updating flows - path finding at13.03
Routing stable: Number of stable paths from source: 0to destination 3is 1 at timestamp 13.03
Routing stable: Number of stable paths from source: 3to destination 0is 1 at timestamp 13.03
Routing stable: Number of stable paths from source: 3to destination 0is 1 at timestamp 13.03
Routing stable: Number of stable paths from source: 3to destination 0is 1 at timestamp 13.03
Number of connected flows 3at timestamp 13.04
DEBUG matrix values:
  [0][1] = 634.96
  [1][0] = 634.96
  [1][2] = 634.96
  [2][1] = 634.96
  [2][3] = 634.96
  [3][2] = 634.96
DEBUG threshold: 0.40
DEBUG max lifetime in matrix: 634.96
DEBUG matrix size: 5
Proposed RL started at 13.04
1
1
1
1
Proposed RL learning finished at 13.04
Transmitting delta values at13.04





Initialized flow counters at 13.10
flow id 0sub flow load is 0.00 next hop 0packets 0
flow id 0sub flow load is 0.00 next hop 2packets 0
flow id 0sub flow load is 0.00 next hop 3packets 0
flow id 0sub flow load is 0.00 next hop 4packets 0
flow id 0sub flow load is 1.00 next hop 1packets 3
scheduled in channel 1
Flow id 0 scheduled 3total packets from 0
flow id 1sub flow load is 0.00 next hop 0packets 0
flow id 1sub flow load is 0.00 next hop 1packets 0
flow id 1sub flow load is 0.00 next hop 2packets 0
flow id 1sub flow load is 0.00 next hop 3packets 0
flow id 1sub flow load is 0.00 next hop 4packets 0
Flow id 1 scheduled 0total packets from 3
flow id 2sub flow load is 0.00 next hop 0packets 0
flow id 2sub flow load is 0.00 next hop 1packets 0
flow id 2sub flow load is 0.00 next hop 3packets 0
flow id 2sub flow load is 0.00 next hop 4packets 0
flow id 2sub flow load is 1.00 next hop 2packets 1
scheduled in channel 1
Flow id 2 scheduled 1total packets from 3
flow id 3sub flow load is 0.00 next hop 0packets 0
flow id 3sub flow load is 0.00 next hop 1packets 0
flow id 3sub flow load is 0.00 next hop 2packets 0
flow id 3sub flow load is 0.00 next hop 3packets 0
flow id 3sub flow load is 0.00 next hop 4packets 0
Flow id 3 scheduled 0total packets from 3
DP-FR FORWARD: node=0 flow=0 t=13.10
ATTACK PLACE 1: packet FORWARDED node=0 flow=0 packetID=1 t=13.10
ATTACK PLACE 2: retransmit FORWARDED node=1 flow=0 packetID=1 t=13.10
ATTACK PLACE 2: retransmit FORWARDED node=2 flow=0 packetID=1 t=13.10
Flow ID 0received  Packet ID: 1Totally received 1packets at destination 3 at 13.10
DP-FR DROP: node=0 flow=0 t=13.13
ATTACK PLACE 1: packet DROPPED node=0 flow=0 packetID=2 t=13.13
DP-FR DROP: node=0 flow=0 t=13.13
ATTACK PLACE 1: packet DROPPED node=0 flow=0 packetID=2 t=13.13
DP-FR DROP: node=0 flow=0 t=13.13
ATTACK PLACE 1: packet DROPPED node=0 flow=0 packetID=2 t=13.13
DP-FR FORWARD: node=0 flow=0 t=13.13
ATTACK PLACE 1: packet FORWARDED node=0 flow=0 packetID=2 t=13.13
ATTACK PLACE 2: retransmit FORWARDED node=1 flow=0 packetID=2 t=13.14
ATTACK PLACE 2: retransmit FORWARDED node=2 flow=0 packetID=2 t=13.14
Flow ID 0received  Packet ID: 2Totally received 2packets at destination 3 at 13.14
DP-FR FORWARD: node=0 flow=0 t=13.15
ATTACK PLACE 1: packet FORWARDED node=0 flow=0 packetID=3 t=13.15
ATTACK PLACE 1: packet FORWARDED node=3 flow=2 packetID=1 t=13.15
ATTACK PLACE 1: packet FORWARDED node=3 flow=2 packetID=1 t=13.16
DP-FR DROP: node=0 flow=0 t=13.16
ATTACK PLACE 1: packet DROPPED node=0 flow=0 packetID=3 t=13.16
DP-FR FORWARD: node=0 flow=0 t=13.16
ATTACK PLACE 1: packet FORWARDED node=0 flow=0 packetID=3 t=13.16
ATTACK PLACE 2: retransmit FORWARDED node=1 flow=0 packetID=3 t=13.16
ATTACK PLACE 2: retransmit FORWARDED node=2 flow=2 packetID=1 t=13.16
ATTACK PLACE 2: retransmit FORWARDED node=1 flow=2 packetID=1 t=13.16
Flow ID 2received  Packet ID: 1Totally received 1packets at destination 0 at 13.16
ATTACK PLACE 2: retransmit FORWARDED node=2 flow=0 packetID=3 t=13.17
Flow ID 0received  Packet ID: 3Totally received 3packets at destination 3 at 13.17
average_latency 4.95 ms
[LW-DP-Det] Node 0 SUSPECTED — S1:1 S2:1 S3:0 corrPDR=0.43
[SHIELD-GH][ROUTE-GATE] node 0 full isolation WITHHELD — no alternate route excludes it | APPLY_GRADUATED_LEVEL2 (rate-limit + per-batch ZKP) | t=14.00
[SHIELD-GH] Node 0 RATE-LIMITED | Λ=11
=== SHIELD-GH DETECTION METRICS (node-level) ===
  Node TP=1 TN=3 FP=0 FN=0
  M1a Detection Accuracy: 100.00%
  M1b MCC: 1.00
  M2  False Positive Rate: 0.00%
================================================
average packet delivery ratio is 92.03
average jitter is 31.85
average load balance is 100.00
TP=4.00 TN=0.00 FP=0.00 FN=0.00
M1a Detection Accuracy: 100.00%
M1b MCC: 0.00
M2 False Positive Rate: 0.00%
M4a Detection Latency: 0.00 ms
M4b Mitigation Response Time: 0.00 ms
=== Per Node PDR ===
Node 0 | LocalPDR=50.00% (Fwd=4/Rcv=8) | E2E_PDR=100.00% (3/3) | RelayPDR=0.00% (Fwd=0/Rcv=0) [DP-ATTACKER]
Node 1 | LocalPDR=100.00% (Fwd=4/Rcv=4) | E2E_PDR=0.00% (0/0) | RelayPDR=100.00% (Fwd=4/Rcv=4)
Node 2 | LocalPDR=100.00% (Fwd=4/Rcv=4) | E2E_PDR=0.00% (0/0) | RelayPDR=100.00% (Fwd=4/Rcv=4)
Node 3 | LocalPDR=100.00% (Fwd=2/Rcv=2) | E2E_PDR=100.00% (1/1) | RelayPDR=0.00% (Fwd=0/Rcv=0)
Node 4 | LocalPDR=0.00% (Fwd=0/Rcv=0) | E2E_PDR=0.00% (0/0) | RelayPDR=0.00% (Fwd=0/Rcv=0)
====================
written to file successfully
Solution at nodes cleared at 14.00
sent all flow data from node 4
current time is 14.00


At controller: updated flow source 0to destination 3flow size 3packet size 750QoS 1
At controller: updated flow source 3to destination 0flow size 0packet size 750QoS 1
At controller: updated flow source 3to destination 0flow size 1packet size 750QoS 1
At controller: updated flow source 3to destination 0flow size 1packet size 750QoS 1




link lifetime optimization beginning at 14.03
finished writing link lifetime status at14.03
Set parameter Username
Academic license - for non-commercial use only - expires 2027-05-08
delay is 1059
reading lifetime from csv at14.03
link lifetime conversion finished at+14034600000.00ns
updating flows - path finding at14.03
Routing stable: Number of stable paths from source: 0to destination 3is 1 at timestamp 14.03
Routing stable: Number of stable paths from source: 3to destination 0is 1 at timestamp 14.03
Routing stable: Number of stable paths from source: 3to destination 0is 1 at timestamp 14.03
Routing stable: Number of stable paths from source: 3to destination 0is 1 at timestamp 14.03
Number of connected flows 3at timestamp 14.04
DEBUG matrix values:
  [0][1] = 634.96
  [1][0] = 634.96
  [1][2] = 634.96
  [2][1] = 634.96
  [2][3] = 634.96
  [3][2] = 634.96
DEBUG threshold: 0.40
DEBUG max lifetime in matrix: 634.96
DEBUG matrix size: 5
Proposed RL started at 14.04
1
1
1
1
Proposed RL learning finished at 14.04
Transmitting delta values at14.04





Initialized flow counters at 14.10
flow id 0sub flow load is 0.00 next hop 0packets 0
flow id 0sub flow load is 0.00 next hop 2packets 0
flow id 0sub flow load is 0.00 next hop 3packets 0
flow id 0sub flow load is 0.00 next hop 4packets 0
flow id 0sub flow load is 1.00 next hop 1packets 3
scheduled in channel 1
Flow id 0 scheduled 3total packets from 0
flow id 1sub flow load is 0.00 next hop 0packets 0
flow id 1sub flow load is 0.00 next hop 1packets 0
flow id 1sub flow load is 0.00 next hop 2packets 0
flow id 1sub flow load is 0.00 next hop 3packets 0
flow id 1sub flow load is 0.00 next hop 4packets 0
Flow id 1 scheduled 0total packets from 3
flow id 2sub flow load is 0.00 next hop 0packets 0
flow id 2sub flow load is 0.00 next hop 1packets 0
flow id 2sub flow load is 0.00 next hop 3packets 0
flow id 2sub flow load is 0.00 next hop 4packets 0
flow id 2sub flow load is 1.00 next hop 2packets 1
scheduled in channel 1
Flow id 2 scheduled 1total packets from 3
flow id 3sub flow load is 0.00 next hop 0packets 0
flow id 3sub flow load is 0.00 next hop 1packets 0
flow id 3sub flow load is 0.00 next hop 3packets 0
flow id 3sub flow load is 0.00 next hop 4packets 0
flow id 3sub flow load is 1.00 next hop 2packets 1
scheduled in channel 1
Flow id 3 scheduled 1total packets from 3
DP-FR DROP: node=0 flow=0 t=14.10
ATTACK PLACE 1: packet DROPPED node=0 flow=0 packetID=1 t=14.10
DP-FR FORWARD: node=0 flow=0 t=14.10
ATTACK PLACE 1: packet FORWARDED node=0 flow=0 packetID=1 t=14.10
ATTACK PLACE 2: retransmit FORWARDED node=1 flow=0 packetID=1 t=14.10
ATTACK PLACE 2: retransmit FORWARDED node=2 flow=0 packetID=1 t=14.11
Flow ID 0received  Packet ID: 1Totally received 1packets at destination 3 at 14.11
DP-FR FORWARD: node=0 flow=0 t=14.13
ATTACK PLACE 1: packet FORWARDED node=0 flow=0 packetID=2 t=14.13
ATTACK PLACE 2: retransmit FORWARDED node=1 flow=0 packetID=2 t=14.13
ATTACK PLACE 2: retransmit FORWARDED node=2 flow=0 packetID=2 t=14.13
Flow ID 0received  Packet ID: 2Totally received 2packets at destination 3 at 14.13
DP-FR DROP: node=0 flow=0 t=14.15
ATTACK PLACE 1: packet DROPPED node=0 flow=0 packetID=3 t=14.15
ATTACK PLACE 1: packet FORWARDED node=3 flow=2 packetID=1 t=14.15
ATTACK PLACE 2: retransmit FORWARDED node=2 flow=2 packetID=1 t=14.16
ATTACK PLACE 2: retransmit FORWARDED node=1 flow=2 packetID=1 t=14.16
Flow ID 2received  Packet ID: 1Totally received 1packets at destination 0 at 14.16
DP-FR DROP: node=0 flow=0 t=14.16
ATTACK PLACE 1: packet DROPPED node=0 flow=0 packetID=3 t=14.16
DP-FR DROP: node=0 flow=0 t=14.16
ATTACK PLACE 1: packet DROPPED node=0 flow=0 packetID=3 t=14.16
DP-FR FORWARD: node=0 flow=0 t=14.16
ATTACK PLACE 1: packet FORWARDED node=0 flow=0 packetID=3 t=14.16
ATTACK PLACE 2: retransmit FORWARDED node=1 flow=0 packetID=3 t=14.17
ATTACK PLACE 2: retransmit FORWARDED node=2 flow=0 packetID=3 t=14.17
Flow ID 0received  Packet ID: 3Totally received 3packets at destination 3 at 14.17
ATTACK PLACE 1: packet FORWARDED node=3 flow=3 packetID=1 t=14.18
ATTACK PLACE 2: retransmit FORWARDED node=2 flow=3 packetID=1 t=14.18
ATTACK PLACE 2: retransmit FORWARDED node=1 flow=3 packetID=1 t=14.18
Flow ID 3received  Packet ID: 1Totally received 1packets at destination 0 at 14.18
average_latency 4.91 ms
[LW-DP-Det] Node 0 SUSPECTED — S1:1 S2:1 S3:0 corrPDR=0.43
[SHIELD-GH][ROUTE-GATE] node 0 full isolation WITHHELD — no alternate route excludes it | APPLY_GRADUATED_LEVEL2 (rate-limit + per-batch ZKP) | t=15.00
[SHIELD-GH] Node 0 RATE-LIMITED | Λ=11
=== SHIELD-GH DETECTION METRICS (node-level) ===
  Node TP=1 TN=3 FP=0 FN=0
  M1a Detection Accuracy: 100.00%
  M1b MCC: 1.00
  M2  False Positive Rate: 0.00%
================================================
average packet delivery ratio is 92.60
average jitter is 31.74
average load balance is 100.00
TP=5.00 TN=0.00 FP=0.00 FN=0.00
M1a Detection Accuracy: 100.00%
M1b MCC: 0.00
M2 False Positive Rate: 0.00%
M4a Detection Latency: 0.00 ms
M4b Mitigation Response Time: 0.00 ms
=== Per Node PDR ===
Node 0 | LocalPDR=42.86% (Fwd=3/Rcv=7) | E2E_PDR=100.00% (3/3) | RelayPDR=0.00% (Fwd=0/Rcv=0) [DP-ATTACKER]
Node 1 | LocalPDR=100.00% (Fwd=5/Rcv=5) | E2E_PDR=0.00% (0/0) | RelayPDR=100.00% (Fwd=5/Rcv=5)
Node 2 | LocalPDR=100.00% (Fwd=5/Rcv=5) | E2E_PDR=0.00% (0/0) | RelayPDR=100.00% (Fwd=5/Rcv=5)
Node 3 | LocalPDR=100.00% (Fwd=2/Rcv=2) | E2E_PDR=100.00% (2/2) | RelayPDR=0.00% (Fwd=0/Rcv=0)
Node 4 | LocalPDR=0.00% (Fwd=0/Rcv=0) | E2E_PDR=0.00% (0/0) | RelayPDR=0.00% (Fwd=0/Rcv=0)
====================
written to file successfully
Solution at nodes cleared at 15.00
sent all flow data from node 4
current time is 15.00


At controller: updated flow source 0to destination 3flow size 3packet size 750QoS 1
At controller: updated flow source 3to destination 0flow size 3packet size 750QoS 1
At controller: updated flow source 3to destination 0flow size 2packet size 750QoS 1
At controller: updated flow source 3to destination 0flow size 2packet size 750QoS 1




link lifetime optimization beginning at 15.03
finished writing link lifetime status at15.03
Set parameter Username
Academic license - for non-commercial use only - expires 2027-05-08
delay is 1096
reading lifetime from csv at15.03
link lifetime conversion finished at+15034600000.00ns
updating flows - path finding at15.03
Routing stable: Number of stable paths from source: 0to destination 3is 1 at timestamp 15.03
Routing stable: Number of stable paths from source: 3to destination 0is 1 at timestamp 15.03
Routing stable: Number of stable paths from source: 3to destination 0is 1 at timestamp 15.03
Routing stable: Number of stable paths from source: 3to destination 0is 1 at timestamp 15.03
Number of connected flows 3at timestamp 15.04
DEBUG matrix values:
  [0][1] = 634.96
  [1][0] = 634.96
  [1][2] = 634.96
  [2][1] = 634.96
  [2][3] = 634.96
  [3][2] = 634.96
DEBUG threshold: 0.40
DEBUG max lifetime in matrix: 634.96
DEBUG matrix size: 5
Proposed RL started at 15.04
1
1
1
1
Proposed RL learning finished at 15.04
Transmitting delta values at15.04





Initialized flow counters at 15.10
flow id 0sub flow load is 0.00 next hop 0packets 0
flow id 0sub flow load is 0.00 next hop 2packets 0
flow id 0sub flow load is 0.00 next hop 3packets 0
flow id 0sub flow load is 0.00 next hop 4packets 0
flow id 0sub flow load is 1.00 next hop 1packets 3
scheduled in channel 1
Flow id 0 scheduled 3total packets from 0
flow id 1sub flow load is 0.00 next hop 0packets 0
flow id 1sub flow load is 0.00 next hop 1packets 0
flow id 1sub flow load is 0.00 next hop 2packets 0
flow id 1sub flow load is 0.00 next hop 3packets 0
flow id 1sub flow load is 0.00 next hop 4packets 0
Flow id 1 scheduled 0total packets from 3
flow id 2sub flow load is 0.00 next hop 0packets 0
flow id 2sub flow load is 0.00 next hop 1packets 0
flow id 2sub flow load is 0.00 next hop 3packets 0
flow id 2sub flow load is 0.00 next hop 4packets 0
flow id 2sub flow load is 1.00 next hop 2packets 2
scheduled in channel 1
Flow id 2 scheduled 2total packets from 3
flow id 3sub flow load is 0.00 next hop 0packets 0
flow id 3sub flow load is 0.00 next hop 1packets 0
flow id 3sub flow load is 0.00 next hop 3packets 0
flow id 3sub flow load is 0.00 next hop 4packets 0
flow id 3sub flow load is 1.00 next hop 2packets 2
scheduled in channel 1
Flow id 3 scheduled 2total packets from 3
DP-FR FORWARD: node=0 flow=0 t=15.10
ATTACK PLACE 1: packet FORWARDED node=0 flow=0 packetID=1 t=15.10
ATTACK PLACE 2: retransmit FORWARDED node=1 flow=0 packetID=1 t=15.10
ATTACK PLACE 2: retransmit FORWARDED node=2 flow=0 packetID=1 t=15.10
Flow ID 0received  Packet ID: 1Totally received 1packets at destination 3 at 15.10
DP-FR FORWARD: node=0 flow=0 t=15.13
ATTACK PLACE 1: packet FORWARDED node=0 flow=0 packetID=2 t=15.13
ATTACK PLACE 2: retransmit FORWARDED node=1 flow=0 packetID=2 t=15.13
ATTACK PLACE 2: retransmit FORWARDED node=2 flow=0 packetID=2 t=15.13
Flow ID 0received  Packet ID: 2Totally received 2packets at destination 3 at 15.13
DP-FR FORWARD: node=0 flow=0 t=15.15
ATTACK PLACE 1: packet FORWARDED node=0 flow=0 packetID=3 t=15.15
ATTACK PLACE 1: packet FORWARDED node=3 flow=2 packetID=1 t=15.15
ATTACK PLACE 1: packet FORWARDED node=3 flow=2 packetID=1 t=15.16
ATTACK PLACE 2: retransmit FORWARDED node=2 flow=2 packetID=1 t=15.16
DP-FR FORWARD: node=0 flow=0 t=15.16
ATTACK PLACE 1: packet FORWARDED node=0 flow=0 packetID=3 t=15.16
ATTACK PLACE 2: retransmit FORWARDED node=1 flow=0 packetID=3 t=15.16
ATTACK PLACE 2: retransmit FORWARDED node=1 flow=2 packetID=1 t=15.16
Flow ID 2received  Packet ID: 1Totally received 1packets at destination 0 at 15.16
ATTACK PLACE 2: retransmit FORWARDED node=2 flow=0 packetID=3 t=15.16
Flow ID 0received  Packet ID: 3Totally received 3packets at destination 3 at 15.16
ATTACK PLACE 1: packet FORWARDED node=3 flow=2 packetID=2 t=15.18
ATTACK PLACE 1: packet FORWARDED node=3 flow=3 packetID=1 t=15.18
ATTACK PLACE 2: retransmit FORWARDED node=2 flow=2 packetID=2 t=15.18
ATTACK PLACE 2: retransmit FORWARDED node=1 flow=2 packetID=2 t=15.18
Flow ID 2received  Packet ID: 2Totally received 2packets at destination 0 at 15.18
ATTACK PLACE 2: retransmit FORWARDED node=2 flow=3 packetID=1 t=15.19
ATTACK PLACE 2: retransmit FORWARDED node=1 flow=3 packetID=1 t=15.19
Flow ID 3received  Packet ID: 1Totally received 1packets at destination 0 at 15.19
ATTACK PLACE 1: packet FORWARDED node=3 flow=3 packetID=2 t=15.21
ATTACK PLACE 2: retransmit FORWARDED node=2 flow=3 packetID=2 t=15.21
ATTACK PLACE 2: retransmit FORWARDED node=1 flow=3 packetID=2 t=15.21
Flow ID 3received  Packet ID: 2Totally received 2packets at destination 0 at 15.21
average_latency 4.90 ms
[LW-DP-Det] Node 0 SUSPECTED — S1:1 S2:1 S3:0 corrPDR=0.46
[SHIELD-GH][ROUTE-GATE] node 0 full isolation WITHHELD — no alternate route excludes it | APPLY_GRADUATED_LEVEL2 (rate-limit + per-batch ZKP) | t=16.00
[SHIELD-GH] Node 0 RATE-LIMITED | Λ=11
=== SHIELD-GH DETECTION METRICS (node-level) ===
  Node TP=1 TN=3 FP=0 FN=0
  M1a Detection Accuracy: 100.00%
  M1b MCC: 1.00
  M2  False Positive Rate: 0.00%
================================================
average packet delivery ratio is 93.10
average jitter is 31.40
average load balance is 100.00
TP=7.00 TN=0.00 FP=0.00 FN=0.00
M1a Detection Accuracy: 100.00%
M1b MCC: 0.00
M2 False Positive Rate: 0.00%
M4a Detection Latency: 0.00 ms
M4b Mitigation Response Time: 0.00 ms
=== Per Node PDR ===
Node 0 | LocalPDR=100.00% (Fwd=4/Rcv=4) | E2E_PDR=100.00% (3/3) | RelayPDR=0.00% (Fwd=0/Rcv=0) [DP-ATTACKER]
Node 1 | LocalPDR=100.00% (Fwd=7/Rcv=7) | E2E_PDR=0.00% (0/0) | RelayPDR=100.00% (Fwd=7/Rcv=7)
Node 2 | LocalPDR=100.00% (Fwd=7/Rcv=7) | E2E_PDR=0.00% (0/0) | RelayPDR=100.00% (Fwd=7/Rcv=7)
Node 3 | LocalPDR=100.00% (Fwd=5/Rcv=5) | E2E_PDR=100.00% (4/4) | RelayPDR=0.00% (Fwd=0/Rcv=0)
Node 4 | LocalPDR=0.00% (Fwd=0/Rcv=0) | E2E_PDR=0.00% (0/0) | RelayPDR=0.00% (Fwd=0/Rcv=0)
====================
written to file successfully
Solution at nodes cleared at 16.00
sent all flow data from node 4
current time is 16.00


At controller: updated flow source 0to destination 3flow size 3packet size 750QoS 1
At controller: updated flow source 3to destination 0flow size 3packet size 750QoS 1
At controller: updated flow source 3to destination 0flow size 0packet size 750QoS 1
At controller: updated flow source 3to destination 0flow size 0packet size 750QoS 1




link lifetime optimization beginning at 16.03
finished writing link lifetime status at16.03
Set parameter Username
Academic license - for non-commercial use only - expires 2027-05-08
delay is 1285
reading lifetime from csv at16.03
link lifetime conversion finished at+16034600000.00ns
updating flows - path finding at16.03
Routing stable: Number of stable paths from source: 0to destination 3is 1 at timestamp 16.03
Routing stable: Number of stable paths from source: 3to destination 0is 1 at timestamp 16.03
Routing stable: Number of stable paths from source: 3to destination 0is 1 at timestamp 16.03
Routing stable: Number of stable paths from source: 3to destination 0is 1 at timestamp 16.03
Number of connected flows 3at timestamp 16.04
DEBUG matrix values:
  [0][1] = 634.96
  [1][0] = 634.96
  [1][2] = 634.96
  [2][1] = 634.96
  [2][3] = 634.96
  [3][2] = 634.96
DEBUG threshold: 0.40
DEBUG max lifetime in matrix: 634.96
DEBUG matrix size: 5
Proposed RL started at 16.04
1
1
1
1
Proposed RL learning finished at 16.04
Transmitting delta values at16.04





Initialized flow counters at 16.10
flow id 0sub flow load is 0.00 next hop 0packets 0
flow id 0sub flow load is 0.00 next hop 2packets 0
flow id 0sub flow load is 0.00 next hop 3packets 0
flow id 0sub flow load is 0.00 next hop 4packets 0
flow id 0sub flow load is 1.00 next hop 1packets 3
scheduled in channel 1
Flow id 0 scheduled 3total packets from 0
flow id 1sub flow load is 0.00 next hop 0packets 0
flow id 1sub flow load is 0.00 next hop 1packets 0
flow id 1sub flow load is 0.00 next hop 2packets 0
flow id 1sub flow load is 0.00 next hop 3packets 0
flow id 1sub flow load is 0.00 next hop 4packets 0
Flow id 1 scheduled 0total packets from 3
flow id 2sub flow load is 0.00 next hop 0packets 0
flow id 2sub flow load is 0.00 next hop 1packets 0
flow id 2sub flow load is 0.00 next hop 2packets 0
flow id 2sub flow load is 0.00 next hop 3packets 0
flow id 2sub flow load is 0.00 next hop 4packets 0
Flow id 2 scheduled 0total packets from 3
flow id 3sub flow load is 0.00 next hop 0packets 0
flow id 3sub flow load is 0.00 next hop 1packets 0
flow id 3sub flow load is 0.00 next hop 2packets 0
flow id 3sub flow load is 0.00 next hop 3packets 0
flow id 3sub flow load is 0.00 next hop 4packets 0
Flow id 3 scheduled 0total packets from 3
DP-FR DROP: node=0 flow=0 t=16.10
ATTACK PLACE 1: packet DROPPED node=0 flow=0 packetID=1 t=16.10
DP-FR FORWARD: node=0 flow=0 t=16.10
ATTACK PLACE 1: packet FORWARDED node=0 flow=0 packetID=1 t=16.10
ATTACK PLACE 2: retransmit FORWARDED node=1 flow=0 packetID=1 t=16.10
ATTACK PLACE 2: retransmit FORWARDED node=2 flow=0 packetID=1 t=16.11
Flow ID 0received  Packet ID: 1Totally received 1packets at destination 3 at 16.11
DP-FR DROP: node=0 flow=0 t=16.13
ATTACK PLACE 1: packet DROPPED node=0 flow=0 packetID=2 t=16.13
DP-FR FORWARD: node=0 flow=0 t=16.13
ATTACK PLACE 1: packet FORWARDED node=0 flow=0 packetID=2 t=16.13
ATTACK PLACE 2: retransmit FORWARDED node=1 flow=0 packetID=2 t=16.13
ATTACK PLACE 2: retransmit FORWARDED node=2 flow=0 packetID=2 t=16.13
Flow ID 0received  Packet ID: 2Totally received 2packets at destination 3 at 16.13
DP-FR DROP: node=0 flow=0 t=16.15
ATTACK PLACE 1: packet DROPPED node=0 flow=0 packetID=3 t=16.15
DP-FR DROP: node=0 flow=0 t=16.16
ATTACK PLACE 1: packet DROPPED node=0 flow=0 packetID=3 t=16.16
DP-FR DROP: node=0 flow=0 t=16.16
ATTACK PLACE 1: packet DROPPED node=0 flow=0 packetID=3 t=16.16
DP-FR DROP: node=0 flow=0 t=16.16
ATTACK PLACE 1: packet DROPPED node=0 flow=0 packetID=3 t=16.16
Intial transmission packet dropped for flow id 0packet ID: 3
average_latency 4.90 ms
[LW-DP-Det] Node 0 SUSPECTED — S1:1 S2:1 S3:0 corrPDR=0.44
[SHIELD-GH][ROUTE-GATE] node 0 full isolation WITHHELD — no alternate route excludes it | APPLY_GRADUATED_LEVEL2 (rate-limit + per-batch ZKP) | t=17.00
[SHIELD-GH] Node 0 RATE-LIMITED | Λ=11
=== SHIELD-GH DETECTION METRICS (node-level) ===
  Node TP=1 TN=3 FP=0 FN=0
  M1a Detection Accuracy: 100.00%
  M1b MCC: 1.00
  M2  False Positive Rate: 0.00%
================================================
average packet delivery ratio is 91.44
average jitter is 33.19
average load balance is 100.00
TP=2.00 TN=0.00 FP=1.00 FN=0.00
M1a Detection Accuracy: 66.67%
M1b MCC: 0.00
M2 False Positive Rate: 100.00%
M4a Detection Latency: 0.00 ms
M4b Mitigation Response Time: 0.00 ms
=== Per Node PDR ===
Node 0 | LocalPDR=25.00% (Fwd=2/Rcv=8) | E2E_PDR=66.67% (2/3) | RelayPDR=0.00% (Fwd=0/Rcv=0) [DP-ATTACKER]
Node 1 | LocalPDR=100.00% (Fwd=2/Rcv=2) | E2E_PDR=0.00% (0/0) | RelayPDR=66.67% (Fwd=2/Rcv=3)
Node 2 | LocalPDR=100.00% (Fwd=2/Rcv=2) | E2E_PDR=0.00% (0/0) | RelayPDR=66.67% (Fwd=2/Rcv=3)
Node 3 | LocalPDR=0.00% (Fwd=0/Rcv=0) | E2E_PDR=0.00% (0/0) | RelayPDR=0.00% (Fwd=0/Rcv=0)
Node 4 | LocalPDR=0.00% (Fwd=0/Rcv=0) | E2E_PDR=0.00% (0/0) | RelayPDR=0.00% (Fwd=0/Rcv=0)
====================
written to file successfully
Solution at nodes cleared at 17.00
sent all flow data from node 4
current time is 17.00


At controller: updated flow source 0to destination 3flow size 3packet size 750QoS 1
At controller: updated flow source 3to destination 0flow size 1packet size 750QoS 1
At controller: updated flow source 3to destination 0flow size 3packet size 750QoS 1
At controller: updated flow source 3to destination 0flow size 2packet size 750QoS 1




link lifetime optimization beginning at 17.03
finished writing link lifetime status at17.03
Set parameter Username
Academic license - for non-commercial use only - expires 2027-05-08
delay is 968
reading lifetime from csv at17.03
link lifetime conversion finished at+17034600000.00ns
updating flows - path finding at17.03
Routing stable: Number of stable paths from source: 0to destination 3is 1 at timestamp 17.03
Routing stable: Number of stable paths from source: 3to destination 0is 1 at timestamp 17.03
Routing stable: Number of stable paths from source: 3to destination 0is 1 at timestamp 17.03
Routing stable: Number of stable paths from source: 3to destination 0is 1 at timestamp 17.03
Number of connected flows 3at timestamp 17.04
DEBUG matrix values:
  [0][1] = 634.96
  [1][0] = 634.96
  [1][2] = 634.96
  [2][1] = 634.96
  [2][3] = 634.96
  [3][2] = 634.96
DEBUG threshold: 0.40
DEBUG max lifetime in matrix: 634.96
DEBUG matrix size: 5
Proposed RL started at 17.04
1
1
1
1
Proposed RL learning finished at 17.04
Transmitting delta values at17.04





Initialized flow counters at 17.10
flow id 0sub flow load is 0.00 next hop 0packets 0
flow id 0sub flow load is 0.00 next hop 2packets 0
flow id 0sub flow load is 0.00 next hop 3packets 0
flow id 0sub flow load is 0.00 next hop 4packets 0
flow id 0sub flow load is 1.00 next hop 1packets 3
scheduled in channel 1
Flow id 0 scheduled 3total packets from 0
flow id 1sub flow load is 0.00 next hop 0packets 0
flow id 1sub flow load is 0.00 next hop 1packets 0
flow id 1sub flow load is 0.00 next hop 2packets 0
flow id 1sub flow load is 0.00 next hop 3packets 0
flow id 1sub flow load is 0.00 next hop 4packets 0
Flow id 1 scheduled 0total packets from 3
flow id 2sub flow load is 0.00 next hop 0packets 0
flow id 2sub flow load is 0.00 next hop 1packets 0
flow id 2sub flow load is 0.00 next hop 3packets 0
flow id 2sub flow load is 0.00 next hop 4packets 0
flow id 2sub flow load is 1.00 next hop 2packets 3
scheduled in channel 1
Flow id 2 scheduled 3total packets from 3
flow id 3sub flow load is 0.00 next hop 0packets 0
flow id 3sub flow load is 0.00 next hop 1packets 0
flow id 3sub flow load is 0.00 next hop 3packets 0
flow id 3sub flow load is 0.00 next hop 4packets 0
flow id 3sub flow load is 1.00 next hop 2packets 2
scheduled in channel 1
Flow id 3 scheduled 2total packets from 3
DP-FR FORWARD: node=0 flow=0 t=17.10
ATTACK PLACE 1: packet FORWARDED node=0 flow=0 packetID=1 t=17.10
ATTACK PLACE 2: retransmit FORWARDED node=1 flow=0 packetID=1 t=17.10
ATTACK PLACE 2: retransmit FORWARDED node=2 flow=0 packetID=1 t=17.10
Flow ID 0received  Packet ID: 1Totally received 1packets at destination 3 at 17.10
DP-FR DROP: node=0 flow=0 t=17.13
ATTACK PLACE 1: packet DROPPED node=0 flow=0 packetID=2 t=17.13
DP-FR DROP: node=0 flow=0 t=17.13
ATTACK PLACE 1: packet DROPPED node=0 flow=0 packetID=2 t=17.13
DP-FR FORWARD: node=0 flow=0 t=17.13
ATTACK PLACE 1: packet FORWARDED node=0 flow=0 packetID=2 t=17.13
ATTACK PLACE 2: retransmit FORWARDED node=1 flow=0 packetID=2 t=17.13
ATTACK PLACE 2: retransmit FORWARDED node=2 flow=0 packetID=2 t=17.14
Flow ID 0received  Packet ID: 2Totally received 2packets at destination 3 at 17.14
DP-FR DROP: node=0 flow=0 t=17.15
ATTACK PLACE 1: packet DROPPED node=0 flow=0 packetID=3 t=17.15
ATTACK PLACE 1: packet FORWARDED node=3 flow=2 packetID=1 t=17.15
ATTACK PLACE 2: retransmit FORWARDED node=2 flow=2 packetID=1 t=17.16
ATTACK PLACE 2: retransmit FORWARDED node=1 flow=2 packetID=1 t=17.16
Flow ID 2received  Packet ID: 1Totally received 1packets at destination 0 at 17.16
DP-FR FORWARD: node=0 flow=0 t=17.16
ATTACK PLACE 1: packet FORWARDED node=0 flow=0 packetID=3 t=17.16
ATTACK PLACE 2: retransmit FORWARDED node=1 flow=0 packetID=3 t=17.16
ATTACK PLACE 2: retransmit FORWARDED node=2 flow=0 packetID=3 t=17.16
Flow ID 0received  Packet ID: 3Totally received 3packets at destination 3 at 17.16
ATTACK PLACE 1: packet FORWARDED node=3 flow=2 packetID=2 t=17.18
ATTACK PLACE 1: packet FORWARDED node=3 flow=3 packetID=1 t=17.18
ATTACK PLACE 2: retransmit FORWARDED node=2 flow=2 packetID=2 t=17.18
ATTACK PLACE 2: retransmit FORWARDED node=2 flow=3 packetID=1 t=17.18
ATTACK PLACE 2: retransmit FORWARDED node=1 flow=2 packetID=2 t=17.18
Flow ID 2received  Packet ID: 2Totally received 2packets at destination 0 at 17.19
ATTACK PLACE 2: retransmit FORWARDED node=1 flow=3 packetID=1 t=17.19
Flow ID 3received  Packet ID: 1Totally received 1packets at destination 0 at 17.19
ATTACK PLACE 1: packet FORWARDED node=3 flow=2 packetID=3 t=17.21
ATTACK PLACE 1: packet FORWARDED node=3 flow=3 packetID=2 t=17.21
ATTACK PLACE 1: packet FORWARDED node=3 flow=3 packetID=2 t=17.21
ATTACK PLACE 2: retransmit FORWARDED node=2 flow=3 packetID=2 t=17.21
ATTACK PLACE 2: retransmit FORWARDED node=2 flow=2 packetID=3 t=17.21
ATTACK PLACE 2: retransmit FORWARDED node=1 flow=3 packetID=2 t=17.21
Flow ID 3received  Packet ID: 2Totally received 2packets at destination 0 at 17.21
ATTACK PLACE 2: retransmit FORWARDED node=1 flow=2 packetID=3 t=17.22
Flow ID 2received  Packet ID: 3Totally received 3packets at destination 0 at 17.22
average_latency 4.92 ms
[LW-DP-Det] Node 0 SUSPECTED — S1:1 S2:1 S3:0 corrPDR=0.41
[SHIELD-GH][ROUTE-GATE] node 0 full isolation WITHHELD — no alternate route excludes it | APPLY_GRADUATED_LEVEL2 (rate-limit + per-batch ZKP) | t=18.00
[SHIELD-GH] Node 0 RATE-LIMITED | Λ=11
=== SHIELD-GH DETECTION METRICS (node-level) ===
  Node TP=1 TN=3 FP=0 FN=0
  M1a Detection Accuracy: 100.00%
  M1b MCC: 1.00
  M2  False Positive Rate: 0.00%
================================================
average packet delivery ratio is 91.95
average jitter is 32.96
average load balance is 100.00
TP=8.00 TN=0.00 FP=0.00 FN=0.00
M1a Detection Accuracy: 100.00%
M1b MCC: 0.00
M2 False Positive Rate: 0.00%
M4a Detection Latency: 0.00 ms
M4b Mitigation Response Time: 0.00 ms
=== Per Node PDR ===
Node 0 | LocalPDR=50.00% (Fwd=3/Rcv=6) | E2E_PDR=100.00% (3/3) | RelayPDR=0.00% (Fwd=0/Rcv=0) [DP-ATTACKER]
Node 1 | LocalPDR=100.00% (Fwd=8/Rcv=8) | E2E_PDR=0.00% (0/0) | RelayPDR=100.00% (Fwd=8/Rcv=8)
Node 2 | LocalPDR=88.89% (Fwd=8/Rcv=9) | E2E_PDR=0.00% (0/0) | RelayPDR=100.00% (Fwd=8/Rcv=8)
Node 3 | LocalPDR=100.00% (Fwd=6/Rcv=6) | E2E_PDR=100.00% (5/5) | RelayPDR=0.00% (Fwd=0/Rcv=0)
Node 4 | LocalPDR=0.00% (Fwd=0/Rcv=0) | E2E_PDR=0.00% (0/0) | RelayPDR=0.00% (Fwd=0/Rcv=0)
====================
written to file successfully
Solution at nodes cleared at 18.00
sent all flow data from node 4
current time is 18.00


At controller: updated flow source 0to destination 3flow size 3packet size 750QoS 1
At controller: updated flow source 3to destination 0flow size 2packet size 750QoS 1
At controller: updated flow source 3to destination 0flow size 2packet size 750QoS 1
At controller: updated flow source 3to destination 0flow size 0packet size 750QoS 1




link lifetime optimization beginning at 18.03
finished writing link lifetime status at18.03
Set parameter Username
Academic license - for non-commercial use only - expires 2027-05-08
delay is 1138
reading lifetime from csv at18.03
link lifetime conversion finished at+18034600000.00ns
updating flows - path finding at18.03
Routing stable: Number of stable paths from source: 0to destination 3is 1 at timestamp 18.03
Routing stable: Number of stable paths from source: 3to destination 0is 1 at timestamp 18.03
Routing stable: Number of stable paths from source: 3to destination 0is 1 at timestamp 18.03
Routing stable: Number of stable paths from source: 3to destination 0is 1 at timestamp 18.03
Number of connected flows 3at timestamp 18.04
DEBUG matrix values:
  [0][1] = 634.96
  [1][0] = 634.96
  [1][2] = 634.96
  [2][1] = 634.96
  [2][3] = 634.96
  [3][2] = 634.96
DEBUG threshold: 0.40
DEBUG max lifetime in matrix: 634.96
DEBUG matrix size: 5
Proposed RL started at 18.04
1
1
1
1
Proposed RL learning finished at 18.04
Transmitting delta values at18.04





Initialized flow counters at 18.10
flow id 0sub flow load is 0.00 next hop 0packets 0
flow id 0sub flow load is 0.00 next hop 2packets 0
flow id 0sub flow load is 0.00 next hop 3packets 0
flow id 0sub flow load is 0.00 next hop 4packets 0
flow id 0sub flow load is 1.00 next hop 1packets 3
scheduled in channel 1
Flow id 0 scheduled 3total packets from 0
flow id 1sub flow load is 0.00 next hop 0packets 0
flow id 1sub flow load is 0.00 next hop 1packets 0
flow id 1sub flow load is 0.00 next hop 2packets 0
flow id 1sub flow load is 0.00 next hop 3packets 0
flow id 1sub flow load is 0.00 next hop 4packets 0
Flow id 1 scheduled 0total packets from 3
flow id 2sub flow load is 0.00 next hop 0packets 0
flow id 2sub flow load is 0.00 next hop 1packets 0
flow id 2sub flow load is 0.00 next hop 3packets 0
flow id 2sub flow load is 0.00 next hop 4packets 0
flow id 2sub flow load is 1.00 next hop 2packets 2
scheduled in channel 1
Flow id 2 scheduled 2total packets from 3
flow id 3sub flow load is 0.00 next hop 0packets 0
flow id 3sub flow load is 0.00 next hop 1packets 0
flow id 3sub flow load is 0.00 next hop 2packets 0
flow id 3sub flow load is 0.00 next hop 3packets 0
flow id 3sub flow load is 0.00 next hop 4packets 0
Flow id 3 scheduled 0total packets from 3
DP-FR DROP: node=0 flow=0 t=18.10
ATTACK PLACE 1: packet DROPPED node=0 flow=0 packetID=1 t=18.10
DP-FR FORWARD: node=0 flow=0 t=18.10
ATTACK PLACE 1: packet FORWARDED node=0 flow=0 packetID=1 t=18.10
ATTACK PLACE 2: retransmit FORWARDED node=1 flow=0 packetID=1 t=18.10
ATTACK PLACE 2: retransmit FORWARDED node=2 flow=0 packetID=1 t=18.11
Flow ID 0received  Packet ID: 1Totally received 1packets at destination 3 at 18.11
DP-FR DROP: node=0 flow=0 t=18.13
ATTACK PLACE 1: packet DROPPED node=0 flow=0 packetID=2 t=18.13
DP-FR DROP: node=0 flow=0 t=18.13
ATTACK PLACE 1: packet DROPPED node=0 flow=0 packetID=2 t=18.13
DP-FR FORWARD: node=0 flow=0 t=18.13
ATTACK PLACE 1: packet FORWARDED node=0 flow=0 packetID=2 t=18.13
ATTACK PLACE 2: retransmit FORWARDED node=1 flow=0 packetID=2 t=18.13
ATTACK PLACE 2: retransmit FORWARDED node=2 flow=0 packetID=2 t=18.13
Flow ID 0received  Packet ID: 2Totally received 2packets at destination 3 at 18.14
DP-FR DROP: node=0 flow=0 t=18.15
ATTACK PLACE 1: packet DROPPED node=0 flow=0 packetID=3 t=18.15
ATTACK PLACE 1: packet FORWARDED node=3 flow=2 packetID=1 t=18.15
ATTACK PLACE 2: retransmit FORWARDED node=2 flow=2 packetID=1 t=18.16
DP-FR FORWARD: node=0 flow=0 t=18.16
ATTACK PLACE 1: packet FORWARDED node=0 flow=0 packetID=3 t=18.16
ATTACK PLACE 2: retransmit FORWARDED node=1 flow=2 packetID=1 t=18.16
Flow ID 2received  Packet ID: 1Totally received 1packets at destination 0 at 18.16
ATTACK PLACE 2: retransmit FORWARDED node=1 flow=0 packetID=3 t=18.16
ATTACK PLACE 2: retransmit FORWARDED node=2 flow=0 packetID=3 t=18.16
Flow ID 0received  Packet ID: 3Totally received 3packets at destination 3 at 18.16
ATTACK PLACE 1: packet FORWARDED node=3 flow=2 packetID=2 t=18.18
ATTACK PLACE 2: retransmit FORWARDED node=2 flow=2 packetID=2 t=18.18
ATTACK PLACE 2: retransmit FORWARDED node=1 flow=2 packetID=2 t=18.19
Flow ID 2received  Packet ID: 2Totally received 2packets at destination 0 at 18.19
average_latency 4.94 ms
[LW-DP-Det] Node 0 SUSPECTED — S1:1 S2:1 S3:0 corrPDR=0.43
[SHIELD-GH][ROUTE-GATE] node 0 full isolation WITHHELD — no alternate route excludes it | APPLY_GRADUATED_LEVEL2 (rate-limit + per-batch ZKP) | t=19.00
[SHIELD-GH] Node 0 RATE-LIMITED | Λ=11
=== SHIELD-GH DETECTION METRICS (node-level) ===
  Node TP=1 TN=3 FP=0 FN=0
  M1a Detection Accuracy: 100.00%
  M1b MCC: 1.00
  M2  False Positive Rate: 0.00%
================================================
average packet delivery ratio is 92.39
average jitter is 32.68
average load balance is 100.00
TP=5.00 TN=0.00 FP=0.00 FN=0.00
M1a Detection Accuracy: 100.00%
M1b MCC: 0.00
M2 False Positive Rate: 0.00%
M4a Detection Latency: 0.00 ms
M4b Mitigation Response Time: 0.00 ms
=== Per Node PDR ===
Node 0 | LocalPDR=42.86% (Fwd=3/Rcv=7) | E2E_PDR=100.00% (3/3) | RelayPDR=0.00% (Fwd=0/Rcv=0) [DP-ATTACKER]
Node 1 | LocalPDR=100.00% (Fwd=5/Rcv=5) | E2E_PDR=0.00% (0/0) | RelayPDR=100.00% (Fwd=5/Rcv=5)
Node 2 | LocalPDR=100.00% (Fwd=5/Rcv=5) | E2E_PDR=0.00% (0/0) | RelayPDR=100.00% (Fwd=5/Rcv=5)
Node 3 | LocalPDR=100.00% (Fwd=2/Rcv=2) | E2E_PDR=100.00% (2/2) | RelayPDR=0.00% (Fwd=0/Rcv=0)
Node 4 | LocalPDR=0.00% (Fwd=0/Rcv=0) | E2E_PDR=0.00% (0/0) | RelayPDR=0.00% (Fwd=0/Rcv=0)
====================
written to file successfully
Solution at nodes cleared at 19.00
sent all flow data from node 4
current time is 19.00


At controller: updated flow source 0to destination 3flow size 3packet size 750QoS 1
At controller: updated flow source 3to destination 0flow size 3packet size 750QoS 1
At controller: updated flow source 3to destination 0flow size 0packet size 750QoS 1
At controller: updated flow source 3to destination 0flow size 2packet size 750QoS 1




link lifetime optimization beginning at 19.03
finished writing link lifetime status at19.03
Set parameter Username
Academic license - for non-commercial use only - expires 2027-05-08
delay is 1031
reading lifetime from csv at19.03
link lifetime conversion finished at+19034600000.00ns
updating flows - path finding at19.03
Routing stable: Number of stable paths from source: 0to destination 3is 1 at timestamp 19.03
Routing stable: Number of stable paths from source: 3to destination 0is 1 at timestamp 19.03
Routing stable: Number of stable paths from source: 3to destination 0is 1 at timestamp 19.03
Routing stable: Number of stable paths from source: 3to destination 0is 1 at timestamp 19.03
Number of connected flows 3at timestamp 19.04
DEBUG matrix values:
  [0][1] = 634.96
  [1][0] = 634.96
  [1][2] = 634.96
  [2][1] = 634.96
  [2][3] = 634.96
  [3][2] = 634.96
DEBUG threshold: 0.40
DEBUG max lifetime in matrix: 634.96
DEBUG matrix size: 5
Proposed RL started at 19.04
1
1
1
1
Proposed RL learning finished at 19.04
Transmitting delta values at19.04





Initialized flow counters at 19.10
flow id 0sub flow load is 0.00 next hop 0packets 0
flow id 0sub flow load is 0.00 next hop 2packets 0
flow id 0sub flow load is 0.00 next hop 3packets 0
flow id 0sub flow load is 0.00 next hop 4packets 0
flow id 0sub flow load is 1.00 next hop 1packets 3
scheduled in channel 1
Flow id 0 scheduled 3total packets from 0
flow id 1sub flow load is 0.00 next hop 0packets 0
flow id 1sub flow load is 0.00 next hop 1packets 0
flow id 1sub flow load is 0.00 next hop 2packets 0
flow id 1sub flow load is 0.00 next hop 3packets 0
flow id 1sub flow load is 0.00 next hop 4packets 0
Flow id 1 scheduled 0total packets from 3
flow id 2sub flow load is 0.00 next hop 0packets 0
flow id 2sub flow load is 0.00 next hop 1packets 0
flow id 2sub flow load is 0.00 next hop 2packets 0
flow id 2sub flow load is 0.00 next hop 3packets 0
flow id 2sub flow load is 0.00 next hop 4packets 0
Flow id 2 scheduled 0total packets from 3
flow id 3sub flow load is 0.00 next hop 0packets 0
flow id 3sub flow load is 0.00 next hop 1packets 0
flow id 3sub flow load is 0.00 next hop 3packets 0
flow id 3sub flow load is 0.00 next hop 4packets 0
flow id 3sub flow load is 1.00 next hop 2packets 2
scheduled in channel 1
Flow id 3 scheduled 2total packets from 3
DP-FR FORWARD: node=0 flow=0 t=19.10
ATTACK PLACE 1: packet FORWARDED node=0 flow=0 packetID=1 t=19.10
ATTACK PLACE 2: retransmit FORWARDED node=1 flow=0 packetID=1 t=19.10
ATTACK PLACE 2: retransmit FORWARDED node=2 flow=0 packetID=1 t=19.10
Flow ID 0received  Packet ID: 1Totally received 1packets at destination 3 at 19.10
DP-FR DROP: node=0 flow=0 t=19.13
ATTACK PLACE 1: packet DROPPED node=0 flow=0 packetID=2 t=19.13
DP-FR DROP: node=0 flow=0 t=19.13
ATTACK PLACE 1: packet DROPPED node=0 flow=0 packetID=2 t=19.13
DP-FR FORWARD: node=0 flow=0 t=19.13
ATTACK PLACE 1: packet FORWARDED node=0 flow=0 packetID=2 t=19.13
ATTACK PLACE 2: retransmit FORWARDED node=1 flow=0 packetID=2 t=19.13
ATTACK PLACE 2: retransmit FORWARDED node=2 flow=0 packetID=2 t=19.13
Flow ID 0received  Packet ID: 2Totally received 2packets at destination 3 at 19.13
DP-FR DROP: node=0 flow=0 t=19.15
ATTACK PLACE 1: packet DROPPED node=0 flow=0 packetID=3 t=19.15
DP-FR FORWARD: node=0 flow=0 t=19.16
ATTACK PLACE 1: packet FORWARDED node=0 flow=0 packetID=3 t=19.16
ATTACK PLACE 2: retransmit FORWARDED node=1 flow=0 packetID=3 t=19.16
ATTACK PLACE 2: retransmit FORWARDED node=2 flow=0 packetID=3 t=19.16
Flow ID 0received  Packet ID: 3Totally received 3packets at destination 3 at 19.16
ATTACK PLACE 1: packet FORWARDED node=3 flow=3 packetID=1 t=19.18
ATTACK PLACE 2: retransmit FORWARDED node=2 flow=3 packetID=1 t=19.18
ATTACK PLACE 2: retransmit FORWARDED node=1 flow=3 packetID=1 t=19.18
Flow ID 3received  Packet ID: 1Totally received 1packets at destination 0 at 19.19
ATTACK PLACE 1: packet FORWARDED node=3 flow=3 packetID=2 t=19.21
ATTACK PLACE 2: retransmit FORWARDED node=2 flow=3 packetID=2 t=19.21
ATTACK PLACE 2: retransmit FORWARDED node=1 flow=3 packetID=2 t=19.21
Flow ID 3received  Packet ID: 2Totally received 2packets at destination 0 at 19.21
average_latency 4.91 ms
[LW-DP-Det] Node 0 SUSPECTED — S1:1 S2:1 S3:0 corrPDR=0.45
[SHIELD-GH][ROUTE-GATE] node 0 full isolation WITHHELD — no alternate route excludes it | APPLY_GRADUATED_LEVEL2 (rate-limit + per-batch ZKP) | t=20.00
[SHIELD-GH] Node 0 RATE-LIMITED | Λ=11
=== SHIELD-GH DETECTION METRICS (node-level) ===
  Node TP=1 TN=3 FP=0 FN=0
  M1a Detection Accuracy: 100.00%
  M1b MCC: 1.00
  M2  False Positive Rate: 0.00%
================================================
average packet delivery ratio is 92.79
average jitter is 32.41
average load balance is 100.00
TP=5.00 TN=0.00 FP=0.00 FN=0.00
M1a Detection Accuracy: 100.00%
M1b MCC: 0.00
M2 False Positive Rate: 0.00%
M4a Detection Latency: 0.00 ms
M4b Mitigation Response Time: 0.00 ms
=== Per Node PDR ===
Node 0 | LocalPDR=50.00% (Fwd=3/Rcv=6) | E2E_PDR=100.00% (3/3) | RelayPDR=0.00% (Fwd=0/Rcv=0) [DP-ATTACKER]
Node 1 | LocalPDR=100.00% (Fwd=5/Rcv=5) | E2E_PDR=0.00% (0/0) | RelayPDR=100.00% (Fwd=5/Rcv=5)
Node 2 | LocalPDR=100.00% (Fwd=5/Rcv=5) | E2E_PDR=0.00% (0/0) | RelayPDR=100.00% (Fwd=5/Rcv=5)
Node 3 | LocalPDR=100.00% (Fwd=2/Rcv=2) | E2E_PDR=100.00% (2/2) | RelayPDR=0.00% (Fwd=0/Rcv=0)
Node 4 | LocalPDR=0.00% (Fwd=0/Rcv=0) | E2E_PDR=0.00% (0/0) | RelayPDR=0.00% (Fwd=0/Rcv=0)
====================
written to file successfully
Solution at nodes cleared at 20.00
sent all flow data from node 4
current time is 20.00


At controller: updated flow source 0to destination 3flow size 3packet size 750QoS 1
At controller: updated flow source 3to destination 0flow size 3packet size 750QoS 1
At controller: updated flow source 3to destination 0flow size 3packet size 750QoS 1
At controller: updated flow source 3to destination 0flow size 2packet size 750QoS 1




link lifetime optimization beginning at 20.03
finished writing link lifetime status at20.03
Set parameter Username
Academic license - for non-commercial use only - expires 2027-05-08
delay is 1210
reading lifetime from csv at20.03
link lifetime conversion finished at+20034600000.00ns
updating flows - path finding at20.03
Routing stable: Number of stable paths from source: 0to destination 3is 1 at timestamp 20.03
Routing stable: Number of stable paths from source: 3to destination 0is 1 at timestamp 20.03
Routing stable: Number of stable paths from source: 3to destination 0is 1 at timestamp 20.03
Routing stable: Number of stable paths from source: 3to destination 0is 1 at timestamp 20.03
Number of connected flows 3at timestamp 20.04
DEBUG matrix values:
  [0][1] = 634.96
  [1][0] = 634.96
  [1][2] = 634.96
  [2][1] = 634.96
  [2][3] = 634.96
  [3][2] = 634.96
DEBUG threshold: 0.40
DEBUG max lifetime in matrix: 634.96
DEBUG matrix size: 5
Proposed RL started at 20.04
1
1
1
1
Proposed RL learning finished at 20.04
Transmitting delta values at20.04





Initialized flow counters at 20.10
flow id 0sub flow load is 0.00 next hop 0packets 0
flow id 0sub flow load is 0.00 next hop 2packets 0
flow id 0sub flow load is 0.00 next hop 3packets 0
flow id 0sub flow load is 0.00 next hop 4packets 0
flow id 0sub flow load is 1.00 next hop 1packets 3
scheduled in channel 1
Flow id 0 scheduled 3total packets from 0
flow id 1sub flow load is 0.00 next hop 0packets 0
flow id 1sub flow load is 0.00 next hop 1packets 0
flow id 1sub flow load is 0.00 next hop 2packets 0
flow id 1sub flow load is 0.00 next hop 3packets 0
flow id 1sub flow load is 0.00 next hop 4packets 0
Flow id 1 scheduled 0total packets from 3
flow id 2sub flow load is 0.00 next hop 0packets 0
flow id 2sub flow load is 0.00 next hop 1packets 0
flow id 2sub flow load is 0.00 next hop 3packets 0
flow id 2sub flow load is 0.00 next hop 4packets 0
flow id 2sub flow load is 1.00 next hop 2packets 3
scheduled in channel 1
Flow id 2 scheduled 3total packets from 3
flow id 3sub flow load is 0.00 next hop 0packets 0
flow id 3sub flow load is 0.00 next hop 1packets 0
flow id 3sub flow load is 0.00 next hop 3packets 0
flow id 3sub flow load is 0.00 next hop 4packets 0
flow id 3sub flow load is 1.00 next hop 2packets 2
scheduled in channel 1
Flow id 3 scheduled 2total packets from 3
DP-FR DROP: node=0 flow=0 t=20.10
ATTACK PLACE 1: packet DROPPED node=0 flow=0 packetID=1 t=20.10
DP-FR FORWARD: node=0 flow=0 t=20.10
ATTACK PLACE 1: packet FORWARDED node=0 flow=0 packetID=1 t=20.10
ATTACK PLACE 2: retransmit FORWARDED node=1 flow=0 packetID=1 t=20.10
ATTACK PLACE 2: retransmit FORWARDED node=2 flow=0 packetID=1 t=20.11
Flow ID 0received  Packet ID: 1Totally received 1packets at destination 3 at 20.11
DP-FR DROP: node=0 flow=0 t=20.13
ATTACK PLACE 1: packet DROPPED node=0 flow=0 packetID=2 t=20.13
DP-FR DROP: node=0 flow=0 t=20.13
ATTACK PLACE 1: packet DROPPED node=0 flow=0 packetID=2 t=20.13
DP-FR DROP: node=0 flow=0 t=20.13
ATTACK PLACE 1: packet DROPPED node=0 flow=0 packetID=2 t=20.13
DP-FR FORWARD: node=0 flow=0 t=20.13
ATTACK PLACE 1: packet FORWARDED node=0 flow=0 packetID=2 t=20.13
ATTACK PLACE 2: retransmit FORWARDED node=1 flow=0 packetID=2 t=20.14
ATTACK PLACE 2: retransmit FORWARDED node=2 flow=0 packetID=2 t=20.14
Flow ID 0received  Packet ID: 2Totally received 2packets at destination 3 at 20.14
DP-FR FORWARD: node=0 flow=0 t=20.15
ATTACK PLACE 1: packet FORWARDED node=0 flow=0 packetID=3 t=20.15
ATTACK PLACE 1: packet FORWARDED node=3 flow=2 packetID=1 t=20.15
DP-FR DROP: node=0 flow=0 t=20.16
ATTACK PLACE 1: packet DROPPED node=0 flow=0 packetID=3 t=20.16
ATTACK PLACE 2: retransmit FORWARDED node=2 flow=2 packetID=1 t=20.16
ATTACK PLACE 2: retransmit FORWARDED node=1 flow=2 packetID=1 t=20.16
Flow ID 2received  Packet ID: 1Totally received 1packets at destination 0 at 20.16
ATTACK PLACE 2: retransmit FORWARDED node=1 flow=0 packetID=3 t=20.16
ATTACK PLACE 2: retransmit FORWARDED node=2 flow=0 packetID=3 t=20.16
Flow ID 0received  Packet ID: 3Totally received 3packets at destination 3 at 20.16
ATTACK PLACE 1: packet FORWARDED node=3 flow=2 packetID=2 t=20.18
ATTACK PLACE 1: packet FORWARDED node=3 flow=3 packetID=1 t=20.18
ATTACK PLACE 2: retransmit FORWARDED node=2 flow=3 packetID=1 t=20.18
ATTACK PLACE 2: retransmit FORWARDED node=2 flow=2 packetID=2 t=20.18
ATTACK PLACE 2: retransmit FORWARDED node=1 flow=3 packetID=1 t=20.19
Flow ID 3received  Packet ID: 1Totally received 1packets at destination 0 at 20.19
ATTACK PLACE 2: retransmit FORWARDED node=1 flow=2 packetID=2 t=20.19
Flow ID 2received  Packet ID: 2Totally received 2packets at destination 0 at 20.19
ATTACK PLACE 1: packet FORWARDED node=3 flow=2 packetID=3 t=20.21
ATTACK PLACE 1: packet FORWARDED node=3 flow=3 packetID=2 t=20.21
ATTACK PLACE 1: packet FORWARDED node=3 flow=3 packetID=2 t=20.21
ATTACK PLACE 2: retransmit FORWARDED node=2 flow=2 packetID=3 t=20.21
ATTACK PLACE 2: retransmit FORWARDED node=1 flow=2 packetID=3 t=20.21
Flow ID 2received  Packet ID: 3Totally received 3packets at destination 0 at 20.21
ATTACK PLACE 2: retransmit FORWARDED node=2 flow=3 packetID=2 t=20.21
ATTACK PLACE 2: retransmit FORWARDED node=1 flow=3 packetID=2 t=20.22
Flow ID 3received  Packet ID: 2Totally received 2packets at destination 0 at 20.22
average_latency 4.95 ms
[LW-DP-Det] Node 0 SUSPECTED — S1:1 S2:1 S3:0 corrPDR=0.41
[SHIELD-GH][ROUTE-GATE] node 0 full isolation WITHHELD — no alternate route excludes it | APPLY_GRADUATED_LEVEL2 (rate-limit + per-batch ZKP) | t=21.00
[SHIELD-GH] Node 0 RATE-LIMITED | Λ=11
=== SHIELD-GH DETECTION METRICS (node-level) ===
  Node TP=1 TN=3 FP=0 FN=0
  M1a Detection Accuracy: 100.00%
  M1b MCC: 1.00
  M2  False Positive Rate: 0.00%
================================================
average packet delivery ratio is 93.15
average jitter is 32.20
average load balance is 100.00
TP=8.00 TN=0.00 FP=0.00 FN=0.00
M1a Detection Accuracy: 100.00%
M1b MCC: 0.00
M2 False Positive Rate: 0.00%
M4a Detection Latency: 0.00 ms
M4b Mitigation Response Time: 0.00 ms
=== Per Node PDR ===
Node 0 | LocalPDR=37.50% (Fwd=3/Rcv=8) | E2E_PDR=100.00% (3/3) | RelayPDR=0.00% (Fwd=0/Rcv=0) [DP-ATTACKER]
Node 1 | LocalPDR=100.00% (Fwd=8/Rcv=8) | E2E_PDR=0.00% (0/0) | RelayPDR=100.00% (Fwd=8/Rcv=8)
Node 2 | LocalPDR=88.89% (Fwd=8/Rcv=9) | E2E_PDR=0.00% (0/0) | RelayPDR=100.00% (Fwd=8/Rcv=8)
Node 3 | LocalPDR=100.00% (Fwd=6/Rcv=6) | E2E_PDR=100.00% (5/5) | RelayPDR=0.00% (Fwd=0/Rcv=0)
Node 4 | LocalPDR=0.00% (Fwd=0/Rcv=0) | E2E_PDR=0.00% (0/0) | RelayPDR=0.00% (Fwd=0/Rcv=0)
====================
written to file successfully
Solution at nodes cleared at 21.00
sent all flow data from node 4
current time is 21.00


At controller: updated flow source 0to destination 3flow size 3packet size 750QoS 1
At controller: updated flow source 3to destination 0flow size 1packet size 750QoS 1
At controller: updated flow source 3to destination 0flow size 1packet size 750QoS 1
At controller: updated flow source 3to destination 0flow size 2packet size 750QoS 1




link lifetime optimization beginning at 21.03
finished writing link lifetime status at21.03
Set parameter Username
Academic license - for non-commercial use only - expires 2027-05-08
delay is 1081
reading lifetime from csv at21.03
link lifetime conversion finished at+21034600000.00ns
updating flows - path finding at21.03
Routing stable: Number of stable paths from source: 0to destination 3is 1 at timestamp 21.03
Routing stable: Number of stable paths from source: 3to destination 0is 1 at timestamp 21.03
Routing stable: Number of stable paths from source: 3to destination 0is 1 at timestamp 21.03
Routing stable: Number of stable paths from source: 3to destination 0is 1 at timestamp 21.03
Number of connected flows 3at timestamp 21.04
DEBUG matrix values:
  [0][1] = 634.96
  [1][0] = 634.96
  [1][2] = 634.96
  [2][1] = 634.96
  [2][3] = 634.96
  [3][2] = 634.96
DEBUG threshold: 0.40
DEBUG max lifetime in matrix: 634.96
DEBUG matrix size: 5
Proposed RL started at 21.04
1
1
1
1
Proposed RL learning finished at 21.04
Transmitting delta values at21.04





Initialized flow counters at 21.10
flow id 0sub flow load is 0.00 next hop 0packets 0
flow id 0sub flow load is 0.00 next hop 2packets 0
flow id 0sub flow load is 0.00 next hop 3packets 0
flow id 0sub flow load is 0.00 next hop 4packets 0
flow id 0sub flow load is 1.00 next hop 1packets 3
scheduled in channel 1
Flow id 0 scheduled 3total packets from 0
flow id 1sub flow load is 0.00 next hop 0packets 0
flow id 1sub flow load is 0.00 next hop 1packets 0
flow id 1sub flow load is 0.00 next hop 2packets 0
flow id 1sub flow load is 0.00 next hop 3packets 0
flow id 1sub flow load is 0.00 next hop 4packets 0
Flow id 1 scheduled 0total packets from 3
flow id 2sub flow load is 0.00 next hop 0packets 0
flow id 2sub flow load is 0.00 next hop 1packets 0
flow id 2sub flow load is 0.00 next hop 3packets 0
flow id 2sub flow load is 0.00 next hop 4packets 0
flow id 2sub flow load is 1.00 next hop 2packets 1
scheduled in channel 1
Flow id 2 scheduled 1total packets from 3
flow id 3sub flow load is 0.00 next hop 0packets 0
flow id 3sub flow load is 0.00 next hop 1packets 0
flow id 3sub flow load is 0.00 next hop 3packets 0
flow id 3sub flow load is 0.00 next hop 4packets 0
flow id 3sub flow load is 1.00 next hop 2packets 2
scheduled in channel 1
Flow id 3 scheduled 2total packets from 3
DP-FR DROP: node=0 flow=0 t=21.10
ATTACK PLACE 1: packet DROPPED node=0 flow=0 packetID=1 t=21.10
DP-FR FORWARD: node=0 flow=0 t=21.10
ATTACK PLACE 1: packet FORWARDED node=0 flow=0 packetID=1 t=21.10
ATTACK PLACE 2: retransmit FORWARDED node=1 flow=0 packetID=1 t=21.10
ATTACK PLACE 2: retransmit FORWARDED node=2 flow=0 packetID=1 t=21.11
Flow ID 0received  Packet ID: 1Totally received 1packets at destination 3 at 21.11
DP-FR FORWARD: node=0 flow=0 t=21.13
ATTACK PLACE 1: packet FORWARDED node=0 flow=0 packetID=2 t=21.13
ATTACK PLACE 2: retransmit FORWARDED node=1 flow=0 packetID=2 t=21.13
ATTACK PLACE 2: retransmit FORWARDED node=2 flow=0 packetID=2 t=21.13
Flow ID 0received  Packet ID: 2Totally received 2packets at destination 3 at 21.13
DP-FR FORWARD: node=0 flow=0 t=21.15
ATTACK PLACE 1: packet FORWARDED node=0 flow=0 packetID=3 t=21.15
ATTACK PLACE 1: packet FORWARDED node=3 flow=2 packetID=1 t=21.15
DP-FR FORWARD: node=0 flow=0 t=21.16
ATTACK PLACE 1: packet FORWARDED node=0 flow=0 packetID=3 t=21.16
ATTACK PLACE 1: packet FORWARDED node=3 flow=2 packetID=1 t=21.16
ATTACK PLACE 2: retransmit FORWARDED node=1 flow=0 packetID=3 t=21.16
ATTACK PLACE 2: retransmit FORWARDED node=2 flow=0 packetID=3 t=21.16
Flow ID 0received  Packet ID: 3Totally received 3packets at destination 3 at 21.16
ATTACK PLACE 2: retransmit FORWARDED node=2 flow=2 packetID=1 t=21.16
ATTACK PLACE 2: retransmit FORWARDED node=1 flow=2 packetID=1 t=21.16
Flow ID 2received  Packet ID: 1Totally received 1packets at destination 0 at 21.16
ATTACK PLACE 1: packet FORWARDED node=3 flow=3 packetID=1 t=21.18
ATTACK PLACE 2: retransmit FORWARDED node=2 flow=3 packetID=1 t=21.18
ATTACK PLACE 2: retransmit FORWARDED node=1 flow=3 packetID=1 t=21.18
Flow ID 3received  Packet ID: 1Totally received 1packets at destination 0 at 21.18
ATTACK PLACE 1: packet FORWARDED node=3 flow=3 packetID=2 t=21.21
ATTACK PLACE 2: retransmit FORWARDED node=2 flow=3 packetID=2 t=21.21
ATTACK PLACE 2: retransmit FORWARDED node=1 flow=3 packetID=2 t=21.21
Flow ID 3received  Packet ID: 2Totally received 2packets at destination 0 at 21.21
average_latency 4.94 ms
[LW-DP-Det] Node 0 SUSPECTED — S1:1 S2:1 S3:0 corrPDR=0.46
[SHIELD-GH][ROUTE-GATE] node 0 full isolation WITHHELD — no alternate route excludes it | APPLY_GRADUATED_LEVEL2 (rate-limit + per-batch ZKP) | t=22.00
[SHIELD-GH] Node 0 RATE-LIMITED | Λ=11
=== SHIELD-GH DETECTION METRICS (node-level) ===
  Node TP=1 TN=3 FP=0 FN=0
  M1a Detection Accuracy: 100.00%
  M1b MCC: 1.00
  M2  False Positive Rate: 0.00%
================================================
average packet delivery ratio is 93.48
average jitter is 31.95
average load balance is 100.00
TP=6.00 TN=0.00 FP=0.00 FN=0.00
M1a Detection Accuracy: 100.00%
M1b MCC: 0.00
M2 False Positive Rate: 0.00%
M4a Detection Latency: 0.00 ms
M4b Mitigation Response Time: 0.00 ms
=== Per Node PDR ===
Node 0 | LocalPDR=80.00% (Fwd=4/Rcv=5) | E2E_PDR=100.00% (3/3) | RelayPDR=0.00% (Fwd=0/Rcv=0) [DP-ATTACKER]
Node 1 | LocalPDR=100.00% (Fwd=6/Rcv=6) | E2E_PDR=0.00% (0/0) | RelayPDR=100.00% (Fwd=6/Rcv=6)
Node 2 | LocalPDR=100.00% (Fwd=6/Rcv=6) | E2E_PDR=0.00% (0/0) | RelayPDR=100.00% (Fwd=6/Rcv=6)
Node 3 | LocalPDR=100.00% (Fwd=4/Rcv=4) | E2E_PDR=100.00% (3/3) | RelayPDR=0.00% (Fwd=0/Rcv=0)
Node 4 | LocalPDR=0.00% (Fwd=0/Rcv=0) | E2E_PDR=0.00% (0/0) | RelayPDR=0.00% (Fwd=0/Rcv=0)
====================
written to file successfully
Solution at nodes cleared at 22.00
sent all flow data from node 4
current time is 22.00


At controller: updated flow source 0to destination 3flow size 3packet size 750QoS 1
At controller: updated flow source 3to destination 0flow size 1packet size 750QoS 1
At controller: updated flow source 3to destination 0flow size 2packet size 750QoS 1
At controller: updated flow source 3to destination 0flow size 3packet size 750QoS 1




link lifetime optimization beginning at 22.03
finished writing link lifetime status at22.03
Set parameter Username
Academic license - for non-commercial use only - expires 2027-05-08
delay is 977
reading lifetime from csv at22.03
link lifetime conversion finished at+22034600000.00ns
updating flows - path finding at22.03
Routing stable: Number of stable paths from source: 0to destination 3is 1 at timestamp 22.03
Routing stable: Number of stable paths from source: 3to destination 0is 1 at timestamp 22.03
Routing stable: Number of stable paths from source: 3to destination 0is 1 at timestamp 22.03
Routing stable: Number of stable paths from source: 3to destination 0is 1 at timestamp 22.03
Number of connected flows 3at timestamp 22.04
DEBUG matrix values:
  [0][1] = 634.96
  [1][0] = 634.96
  [1][2] = 634.96
  [2][1] = 634.96
  [2][3] = 634.96
  [3][2] = 634.96
DEBUG threshold: 0.40
DEBUG max lifetime in matrix: 634.96
DEBUG matrix size: 5
Proposed RL started at 22.04
1
1
1
1
Proposed RL learning finished at 22.04
Transmitting delta values at22.04





Initialized flow counters at 22.10
flow id 0sub flow load is 0.00 next hop 0packets 0
flow id 0sub flow load is 0.00 next hop 2packets 0
flow id 0sub flow load is 0.00 next hop 3packets 0
flow id 0sub flow load is 0.00 next hop 4packets 0
flow id 0sub flow load is 1.00 next hop 1packets 3
scheduled in channel 1
Flow id 0 scheduled 3total packets from 0
flow id 1sub flow load is 0.00 next hop 0packets 0
flow id 1sub flow load is 0.00 next hop 1packets 0
flow id 1sub flow load is 0.00 next hop 2packets 0
flow id 1sub flow load is 0.00 next hop 3packets 0
flow id 1sub flow load is 0.00 next hop 4packets 0
Flow id 1 scheduled 0total packets from 3
flow id 2sub flow load is 0.00 next hop 0packets 0
flow id 2sub flow load is 0.00 next hop 1packets 0
flow id 2sub flow load is 0.00 next hop 3packets 0
flow id 2sub flow load is 0.00 next hop 4packets 0
flow id 2sub flow load is 1.00 next hop 2packets 2
scheduled in channel 1
Flow id 2 scheduled 2total packets from 3
flow id 3sub flow load is 0.00 next hop 0packets 0
flow id 3sub flow load is 0.00 next hop 1packets 0
flow id 3sub flow load is 0.00 next hop 3packets 0
flow id 3sub flow load is 0.00 next hop 4packets 0
flow id 3sub flow load is 1.00 next hop 2packets 3
scheduled in channel 1
Flow id 3 scheduled 3total packets from 3
DP-FR FORWARD: node=0 flow=0 t=22.10
ATTACK PLACE 1: packet FORWARDED node=0 flow=0 packetID=1 t=22.10
ATTACK PLACE 2: retransmit FORWARDED node=1 flow=0 packetID=1 t=22.10
ATTACK PLACE 2: retransmit FORWARDED node=2 flow=0 packetID=1 t=22.10
Flow ID 0received  Packet ID: 1Totally received 1packets at destination 3 at 22.10
DP-FR DROP: node=0 flow=0 t=22.13
ATTACK PLACE 1: packet DROPPED node=0 flow=0 packetID=2 t=22.13
DP-FR FORWARD: node=0 flow=0 t=22.13
ATTACK PLACE 1: packet FORWARDED node=0 flow=0 packetID=2 t=22.13
ATTACK PLACE 2: retransmit FORWARDED node=1 flow=0 packetID=2 t=22.13
ATTACK PLACE 2: retransmit FORWARDED node=2 flow=0 packetID=2 t=22.13
Flow ID 0received  Packet ID: 2Totally received 2packets at destination 3 at 22.13
DP-FR DROP: node=0 flow=0 t=22.15
ATTACK PLACE 1: packet DROPPED node=0 flow=0 packetID=3 t=22.15
ATTACK PLACE 1: packet FORWARDED node=3 flow=2 packetID=1 t=22.15
DP-FR DROP: node=0 flow=0 t=22.16
ATTACK PLACE 1: packet DROPPED node=0 flow=0 packetID=3 t=22.16
ATTACK PLACE 2: retransmit FORWARDED node=2 flow=2 packetID=1 t=22.16
DP-FR DROP: node=0 flow=0 t=22.16
ATTACK PLACE 1: packet DROPPED node=0 flow=0 packetID=3 t=22.16
DP-FR DROP: node=0 flow=0 t=22.16
ATTACK PLACE 1: packet DROPPED node=0 flow=0 packetID=3 t=22.16
ATTACK PLACE 2: retransmit FORWARDED node=1 flow=2 packetID=1 t=22.16
Flow ID 2received  Packet ID: 1Totally received 1packets at destination 0 at 22.16
Intial transmission packet dropped for flow id 0packet ID: 3
ATTACK PLACE 1: packet FORWARDED node=3 flow=2 packetID=2 t=22.18
ATTACK PLACE 1: packet FORWARDED node=3 flow=3 packetID=1 t=22.18
ATTACK PLACE 2: retransmit FORWARDED node=2 flow=3 packetID=1 t=22.18
ATTACK PLACE 2: retransmit FORWARDED node=1 flow=3 packetID=1 t=22.18
Flow ID 3received  Packet ID: 1Totally received 1packets at destination 0 at 22.18
ATTACK PLACE 2: retransmit FORWARDED node=2 flow=2 packetID=2 t=22.19
ATTACK PLACE 2: retransmit FORWARDED node=1 flow=2 packetID=2 t=22.19
Flow ID 2received  Packet ID: 2Totally received 2packets at destination 0 at 22.19
ATTACK PLACE 1: packet FORWARDED node=3 flow=3 packetID=2 t=22.21
ATTACK PLACE 2: retransmit FORWARDED node=2 flow=3 packetID=2 t=22.21
ATTACK PLACE 2: retransmit FORWARDED node=1 flow=3 packetID=2 t=22.21
Flow ID 3received  Packet ID: 2Totally received 2packets at destination 0 at 22.21
ATTACK PLACE 1: packet FORWARDED node=3 flow=3 packetID=3 t=22.23
ATTACK PLACE 2: retransmit FORWARDED node=2 flow=3 packetID=3 t=22.24
ATTACK PLACE 2: retransmit FORWARDED node=1 flow=3 packetID=3 t=22.24
Flow ID 3received  Packet ID: 3Totally received 3packets at destination 0 at 22.24
average_latency 4.95 ms
[LW-DP-Det] Node 0 SUSPECTED — S1:1 S2:1 S3:0 corrPDR=0.43
[SHIELD-GH][ROUTE-GATE] node 0 full isolation WITHHELD — no alternate route excludes it | APPLY_GRADUATED_LEVEL2 (rate-limit + per-batch ZKP) | t=23.00
[SHIELD-GH] Node 0 RATE-LIMITED | Λ=11
=== SHIELD-GH DETECTION METRICS (node-level) ===
  Node TP=1 TN=3 FP=0 FN=0
  M1a Detection Accuracy: 100.00%
  M1b MCC: 1.00
  M2  False Positive Rate: 0.00%
================================================
average packet delivery ratio is 93.21
average jitter is 32.08
average load balance is 100.00
TP=7.00 TN=0.00 FP=1.00 FN=0.00
M1a Detection Accuracy: 87.50%
M1b MCC: 0.00
M2 False Positive Rate: 100.00%
M4a Detection Latency: 0.00 ms
M4b Mitigation Response Time: 0.00 ms
=== Per Node PDR ===
Node 0 | LocalPDR=28.57% (Fwd=2/Rcv=7) | E2E_PDR=66.67% (2/3) | RelayPDR=0.00% (Fwd=0/Rcv=0) [DP-ATTACKER]
Node 1 | LocalPDR=100.00% (Fwd=7/Rcv=7) | E2E_PDR=0.00% (0/0) | RelayPDR=87.50% (Fwd=7/Rcv=8)
Node 2 | LocalPDR=100.00% (Fwd=7/Rcv=7) | E2E_PDR=0.00% (0/0) | RelayPDR=87.50% (Fwd=7/Rcv=8)
Node 3 | LocalPDR=100.00% (Fwd=5/Rcv=5) | E2E_PDR=100.00% (5/5) | RelayPDR=0.00% (Fwd=0/Rcv=0)
Node 4 | LocalPDR=0.00% (Fwd=0/Rcv=0) | E2E_PDR=0.00% (0/0) | RelayPDR=0.00% (Fwd=0/Rcv=0)
====================
written to file successfully
Solution at nodes cleared at 23.00
sent all flow data from node 4
current time is 23.00


At controller: updated flow source 0to destination 3flow size 3packet size 750QoS 1
At controller: updated flow source 3to destination 0flow size 0packet size 750QoS 1
At controller: updated flow source 3to destination 0flow size 0packet size 750QoS 1
At controller: updated flow source 3to destination 0flow size 1packet size 750QoS 1




link lifetime optimization beginning at 23.03
finished writing link lifetime status at23.03
Set parameter Username
Academic license - for non-commercial use only - expires 2027-05-08
delay is 1075
reading lifetime from csv at23.03
link lifetime conversion finished at+23034600000.00ns
updating flows - path finding at23.03
Routing stable: Number of stable paths from source: 0to destination 3is 1 at timestamp 23.03
Routing stable: Number of stable paths from source: 3to destination 0is 1 at timestamp 23.03
Routing stable: Number of stable paths from source: 3to destination 0is 1 at timestamp 23.03
Routing stable: Number of stable paths from source: 3to destination 0is 1 at timestamp 23.03
Number of connected flows 3at timestamp 23.04
DEBUG matrix values:
  [0][1] = 634.96
  [1][0] = 634.96
  [1][2] = 634.96
  [2][1] = 634.96
  [2][3] = 634.96
  [3][2] = 634.96
DEBUG threshold: 0.40
DEBUG max lifetime in matrix: 634.96
DEBUG matrix size: 5
Proposed RL started at 23.04
1
1
1
1
Proposed RL learning finished at 23.04
Transmitting delta values at23.04





Initialized flow counters at 23.10
flow id 0sub flow load is 0.00 next hop 0packets 0
flow id 0sub flow load is 0.00 next hop 2packets 0
flow id 0sub flow load is 0.00 next hop 3packets 0
flow id 0sub flow load is 0.00 next hop 4packets 0
flow id 0sub flow load is 1.00 next hop 1packets 3
scheduled in channel 1
Flow id 0 scheduled 3total packets from 0
flow id 1sub flow load is 0.00 next hop 0packets 0
flow id 1sub flow load is 0.00 next hop 1packets 0
flow id 1sub flow load is 0.00 next hop 2packets 0
flow id 1sub flow load is 0.00 next hop 3packets 0
flow id 1sub flow load is 0.00 next hop 4packets 0
Flow id 1 scheduled 0total packets from 3
flow id 2sub flow load is 0.00 next hop 0packets 0
flow id 2sub flow load is 0.00 next hop 1packets 0
flow id 2sub flow load is 0.00 next hop 2packets 0
flow id 2sub flow load is 0.00 next hop 3packets 0
flow id 2sub flow load is 0.00 next hop 4packets 0
Flow id 2 scheduled 0total packets from 3
flow id 3sub flow load is 0.00 next hop 0packets 0
flow id 3sub flow load is 0.00 next hop 1packets 0
flow id 3sub flow load is 0.00 next hop 3packets 0
flow id 3sub flow load is 0.00 next hop 4packets 0
flow id 3sub flow load is 1.00 next hop 2packets 1
scheduled in channel 1
Flow id 3 scheduled 1total packets from 3
DP-FR FORWARD: node=0 flow=0 t=23.10
ATTACK PLACE 1: packet FORWARDED node=0 flow=0 packetID=1 t=23.10
ATTACK PLACE 2: retransmit FORWARDED node=1 flow=0 packetID=1 t=23.10
ATTACK PLACE 2: retransmit FORWARDED node=2 flow=0 packetID=1 t=23.10
Flow ID 0received  Packet ID: 1Totally received 1packets at destination 3 at 23.10
DP-FR DROP: node=0 flow=0 t=23.13
ATTACK PLACE 1: packet DROPPED node=0 flow=0 packetID=2 t=23.13
DP-FR FORWARD: node=0 flow=0 t=23.13
ATTACK PLACE 1: packet FORWARDED node=0 flow=0 packetID=2 t=23.13
ATTACK PLACE 2: retransmit FORWARDED node=1 flow=0 packetID=2 t=23.13
ATTACK PLACE 2: retransmit FORWARDED node=2 flow=0 packetID=2 t=23.13
Flow ID 0received  Packet ID: 2Totally received 2packets at destination 3 at 23.13
DP-FR DROP: node=0 flow=0 t=23.15
ATTACK PLACE 1: packet DROPPED node=0 flow=0 packetID=3 t=23.15
DP-FR FORWARD: node=0 flow=0 t=23.16
ATTACK PLACE 1: packet FORWARDED node=0 flow=0 packetID=3 t=23.16
ATTACK PLACE 2: retransmit FORWARDED node=1 flow=0 packetID=3 t=23.16
ATTACK PLACE 2: retransmit FORWARDED node=2 flow=0 packetID=3 t=23.16
Flow ID 0received  Packet ID: 3Totally received 3packets at destination 3 at 23.16
ATTACK PLACE 1: packet FORWARDED node=3 flow=3 packetID=1 t=23.18
ATTACK PLACE 2: retransmit FORWARDED node=2 flow=3 packetID=1 t=23.18
ATTACK PLACE 2: retransmit FORWARDED node=1 flow=3 packetID=1 t=23.18
Flow ID 3received  Packet ID: 1Totally received 1packets at destination 0 at 23.19
average_latency 4.92 ms
[LW-DP-Det] Node 0 SUSPECTED — S1:1 S2:1 S3:0 corrPDR=0.48
[SHIELD-GH][ROUTE-GATE] node 0 full isolation WITHHELD — no alternate route excludes it | APPLY_GRADUATED_LEVEL2 (rate-limit + per-batch ZKP) | t=24.00
[SHIELD-GH] Node 0 RATE-LIMITED | Λ=11
=== SHIELD-GH DETECTION METRICS (node-level) ===
  Node TP=1 TN=3 FP=0 FN=0
  M1a Detection Accuracy: 100.00%
  M1b MCC: 1.00
  M2  False Positive Rate: 0.00%
================================================
average packet delivery ratio is 93.50
average jitter is 31.92
average load balance is 100.00
TP=4.00 TN=0.00 FP=0.00 FN=0.00
M1a Detection Accuracy: 100.00%
M1b MCC: 0.00
M2 False Positive Rate: 0.00%
M4a Detection Latency: 0.00 ms
M4b Mitigation Response Time: 0.00 ms
=== Per Node PDR ===
Node 0 | LocalPDR=60.00% (Fwd=3/Rcv=5) | E2E_PDR=100.00% (3/3) | RelayPDR=0.00% (Fwd=0/Rcv=0) [DP-ATTACKER]
Node 1 | LocalPDR=100.00% (Fwd=4/Rcv=4) | E2E_PDR=0.00% (0/0) | RelayPDR=100.00% (Fwd=4/Rcv=4)
Node 2 | LocalPDR=100.00% (Fwd=4/Rcv=4) | E2E_PDR=0.00% (0/0) | RelayPDR=100.00% (Fwd=4/Rcv=4)
Node 3 | LocalPDR=100.00% (Fwd=1/Rcv=1) | E2E_PDR=100.00% (1/1) | RelayPDR=0.00% (Fwd=0/Rcv=0)
Node 4 | LocalPDR=0.00% (Fwd=0/Rcv=0) | E2E_PDR=0.00% (0/0) | RelayPDR=0.00% (Fwd=0/Rcv=0)
====================
written to file successfully
=== GREY HOLE DROP SUMMARY ===
Node 0 [ATTACKER] Dropped=156 Forwarded=0
Node 1 [BENIGN]   Dropped=0 Forwarded=0
Node 2 [BENIGN]   Dropped=0 Forwarded=0
Node 3 [BENIGN]   Dropped=0 Forwarded=0
==============================
