CMD: --routing_test=true --simTime=10 --routing_algorithm=4 --N_Vehicles=16 --N_Controllers=4 --maxspeed=80 --attack_percentage=40 --drop_rate=60 --attack_number=1 --enable_cp_attack=1 --cp_attack_number=6 --cp_attack_percentage=40 --rng_run=1 --enable_matd=0 --maxspeed=90

[SHIELD-GH] Detection mode = LIGHTWEIGHT (rule-based S1-S6 + HMAC + threshold FlowMod)
Solution at controller cleared
flow id 0source is 6destination is 9
Poisson flow size is 3
flow id 1source is 7destination is 10
Poisson flow size is 3
flow id 2source is 8destination is 11
Poisson flow size is 3
flow id 3source is 9destination is 12
Poisson flow size is 0
flow id 4source is 10destination is 13
Poisson flow size is 1
flow id 5source is 11destination is 14
Poisson flow size is 1
flow id 6source is 12destination is 15
Poisson flow size is 0
flow id 7source is 13destination is 6
Poisson flow size is 1
flow id 8source is 14destination is 7
Poisson flow size is 1
flow id 9source is 15destination is 8
Poisson flow size is 0
flow id 10source is 6destination is 9
Poisson flow size is 1
flow id 11source is 7destination is 10
Poisson flow size is 3
flow id 0source is 6destination is 9
Poisson flow size is 3
flow id 1source is 7destination is 10
Poisson flow size is 3
flow id 2source is 8destination is 11
Poisson flow size is 1
flow id 3source is 9destination is 12
Poisson flow size is 0
flow id 4source is 10destination is 13
Poisson flow size is 1
flow id 5source is 11destination is 14
Poisson flow size is 1
flow id 6source is 12destination is 15
Poisson flow size is 3
flow id 7source is 13destination is 6
Poisson flow size is 0
flow id 8source is 14destination is 7
Poisson flow size is 3
flow id 9source is 15destination is 8
Poisson flow size is 2
flow id 10source is 6destination is 9
Poisson flow size is 3
flow id 11source is 7destination is 10
Poisson flow size is 1
flow id 0source is 6destination is 9
Poisson flow size is 3
flow id 1source is 7destination is 10
Poisson flow size is 0
flow id 2source is 8destination is 11
Poisson flow size is 0
flow id 3source is 9destination is 12
Poisson flow size is 0
flow id 4source is 10destination is 13
Poisson flow size is 3
flow id 5source is 11destination is 14
Poisson flow size is 3
flow id 6source is 12destination is 15
Poisson flow size is 2
flow id 7source is 13destination is 6
Poisson flow size is 1
flow id 8source is 14destination is 7
Poisson flow size is 2
flow id 9source is 15destination is 8
Poisson flow size is 0
flow id 10source is 6destination is 9
Poisson flow size is 2
flow id 11source is 7destination is 10
Poisson flow size is 2
flow id 0source is 6destination is 9
Poisson flow size is 3
flow id 1source is 7destination is 10
Poisson flow size is 1
flow id 2source is 8destination is 11
Poisson flow size is 1
flow id 3source is 9destination is 12
Poisson flow size is 3
flow id 4source is 10destination is 13
Poisson flow size is 3
flow id 5source is 11destination is 14
Poisson flow size is 3
flow id 6source is 12destination is 15
Poisson flow size is 2
flow id 7source is 13destination is 6
Poisson flow size is 1
flow id 8source is 14destination is 7
Poisson flow size is 0
flow id 9source is 15destination is 8
Poisson flow size is 2
flow id 10source is 6destination is 9
Poisson flow size is 3
flow id 11source is 7destination is 10
Poisson flow size is 2
flow id 0source is 6destination is 9
Poisson flow size is 3
flow id 1source is 7destination is 10
Poisson flow size is 1
flow id 2source is 8destination is 11
Poisson flow size is 1
flow id 3source is 9destination is 12
Poisson flow size is 3
flow id 4source is 10destination is 13
Poisson flow size is 3
flow id 5source is 11destination is 14
Poisson flow size is 3
flow id 6source is 12destination is 15
Poisson flow size is 2
flow id 7source is 13destination is 6
Poisson flow size is 0
flow id 8source is 14destination is 7
Poisson flow size is 3
flow id 9source is 15destination is 8
Poisson flow size is 2
flow id 10source is 6destination is 9
Poisson flow size is 2
flow id 11source is 7destination is 10
Poisson flow size is 0
flow id 0source is 6destination is 9
Poisson flow size is 3
flow id 1source is 7destination is 10
Poisson flow size is 0
flow id 2source is 8destination is 11
Poisson flow size is 3
flow id 3source is 9destination is 12
Poisson flow size is 2
flow id 4source is 10destination is 13
Poisson flow size is 2
flow id 5source is 11destination is 14
Poisson flow size is 2
flow id 6source is 12destination is 15
Poisson flow size is 2
flow id 7source is 13destination is 6
Poisson flow size is 1
flow id 8source is 14destination is 7
Poisson flow size is 0
flow id 9source is 15destination is 8
Poisson flow size is 0
flow id 10source is 6destination is 9
Poisson flow size is 2
flow id 11source is 7destination is 10
Poisson flow size is 3
flow id 0source is 6destination is 9
Poisson flow size is 3
flow id 1source is 7destination is 10
Poisson flow size is 1
flow id 2source is 8destination is 11
Poisson flow size is 0
flow id 3source is 9destination is 12
Poisson flow size is 1
flow id 4source is 10destination is 13
Poisson flow size is 1
flow id 5source is 11destination is 14
Poisson flow size is 0
flow id 6source is 12destination is 15
Poisson flow size is 1
flow id 7source is 13destination is 6
Poisson flow size is 0
flow id 8source is 14destination is 7
Poisson flow size is 3
flow id 9source is 15destination is 8
Poisson flow size is 2
flow id 10source is 6destination is 9
Poisson flow size is 2
flow id 11source is 7destination is 10
Poisson flow size is 3
flow id 0source is 6destination is 9
Poisson flow size is 3
flow id 1source is 7destination is 10
Poisson flow size is 1
flow id 2source is 8destination is 11
Poisson flow size is 3
flow id 3source is 9destination is 12
Poisson flow size is 2
flow id 4source is 10destination is 13
Poisson flow size is 0
flow id 5source is 11destination is 14
Poisson flow size is 3
flow id 6source is 12destination is 15
Poisson flow size is 0
flow id 7source is 13destination is 6
Poisson flow size is 3
flow id 8source is 14destination is 7
Poisson flow size is 3
flow id 9source is 15destination is 8
Poisson flow size is 0
flow id 10source is 6destination is 9
Poisson flow size is 3
flow id 11source is 7destination is 10
Poisson flow size is 3
flow id 0source is 6destination is 9
Poisson flow size is 3
flow id 1source is 7destination is 10
Poisson flow size is 0
flow id 2source is 8destination is 11
Poisson flow size is 2
flow id 3source is 9destination is 12
Poisson flow size is 0
flow id 4source is 10destination is 13
Poisson flow size is 2
flow id 5source is 11destination is 14
Poisson flow size is 2
flow id 6source is 12destination is 15
Poisson flow size is 0
flow id 7source is 13destination is 6
Poisson flow size is 2
flow id 8source is 14destination is 7
Poisson flow size is 0
flow id 9source is 15destination is 8
Poisson flow size is 2
flow id 10source is 6destination is 9
Poisson flow size is 1
flow id 11source is 7destination is 10
Poisson flow size is 1
[SHIELD-GH] Initialised — 16 vehicles (lightweight mode — compile with -DUSE_LIBOQS for PQC)
current time is 0
Attack state: DP-FR (Fixed Rate) ACTIVE
Solution at nodes cleared at 1
sent all flow data from node 16
current time is 1
CP Attack state: CP-TS (Target Specific) ACTIVE
At controller: updated flow source 6to destination 9flow size 3packet size 750QoS 1
At controller: updated flow source 7to destination 10flow size 3packet size 750QoS 1
At controller: updated flow source 8to destination 11flow size 3packet size 750QoS 1
At controller: updated flow source 9to destination 12flow size 0packet size 750QoS 1
At controller: updated flow source 10to destination 13flow size 1packet size 750QoS 1
At controller: updated flow source 11to destination 14flow size 1packet size 750QoS 1
At controller: updated flow source 12to destination 15flow size 0packet size 750QoS 1
At controller: updated flow source 13to destination 6flow size 1packet size 750QoS 1
At controller: updated flow source 14to destination 7flow size 1packet size 750QoS 1
At controller: updated flow source 15to destination 8flow size 0packet size 750QoS 1
At controller: updated flow source 6to destination 9flow size 1packet size 750QoS 1
At controller: updated flow source 7to destination 10flow size 3packet size 750QoS 1
link lifetime optimization beginning at 1.0345
finished writing link lifetime status at1.0345
Set parameter Username
Set parameter Threads to value 1
delay is 5781
reading lifetime from csv at1.0346
link lifetime conversion finished at+1.0346e+09ns
updating flows - path finding at1.0348
Routing stable: Number of stable paths from source: 6to destination 9is 0 at timestamp 1.0348
Routing stable: Number of stable paths from source: 7to destination 10is 6 at timestamp 1.03481
Routing stable: Number of stable paths from source: 8to destination 11is 1 at timestamp 1.03482
Routing stable: Number of stable paths from source: 9to destination 12is 1 at timestamp 1.03482
Routing stable: Number of stable paths from source: 10to destination 13is 1 at timestamp 1.03483
Routing stable: Number of stable paths from source: 11to destination 14is 3 at timestamp 1.03483
Routing stable: Number of stable paths from source: 12to destination 15is 1 at timestamp 1.03483
Routing stable: Number of stable paths from source: 13to destination 6is 0 at timestamp 1.03484
Routing stable: Number of stable paths from source: 14to destination 7is 6 at timestamp 1.03485
Routing stable: Number of stable paths from source: 15to destination 8is 6 at timestamp 1.03485
Routing stable: Number of stable paths from source: 6to destination 9is 0 at timestamp 1.03486
Routing stable: Number of stable paths from source: 7to destination 10is 6 at timestamp 1.03486
[FLOW3-DEBUG] filter_flows flow_id=0 paths=0 t=1.0356
[FLOW3-DEBUG] filter_flows flow_id=1 paths=6 t=1.0356
[FLOW3-DEBUG] filter_flows flow_id=2 paths=1 t=1.0356
[FLOW3-DEBUG] filter_flows flow_id=3 paths=1 t=1.0356
[FLOW3-DEBUG] filter_flows flow_id=4 paths=1 t=1.0356
[FLOW3-DEBUG] filter_flows flow_id=5 paths=3 t=1.0356
[FLOW3-DEBUG] filter_flows flow_id=6 paths=1 t=1.0356
[FLOW3-DEBUG] filter_flows flow_id=7 paths=0 t=1.0356
[FLOW3-DEBUG] filter_flows flow_id=8 paths=6 t=1.0356
[FLOW3-DEBUG] filter_flows flow_id=9 paths=6 t=1.0356
[FLOW3-DEBUG] filter_flows flow_id=10 paths=0 t=1.0356
[FLOW3-DEBUG] filter_flows flow_id=11 paths=6 t=1.0356
Number of connected flows 9at timestamp 1.0356
DEBUG matrix values:
  [0][1] = 3.16228e+07
  [1][0] = 3.16228e+07
  [1][2] = 3.16228e+07
  [2][1] = 3.16228e+07
  [2][3] = 3.16228e+07
  [3][2] = 3.16228e+07
  [3][4] = 3.16228e+07
  [4][3] = 3.16228e+07
  [4][5] = 3.16228e+07
  [5][4] = 3.16228e+07
  [5][6] = 3.16228e+07
  [6][5] = 3.16228e+07
  [7][8] = 3.16228e+07
  [7][14] = 3.16228e+07
  [7][16] = 15.7333
  [8][7] = 3.16228e+07
  [8][9] = 3.16228e+07
  [8][15] = 3.16228e+07
  [8][16] = 3.8658
  [9][8] = 3.16228e+07
  [9][10] = 3.16228e+07
  [10][9] = 3.16228e+07
  [10][11] = 3.16228e+07
  [11][10] = 3.16228e+07
  [11][12] = 3.16228e+07
  [12][11] = 3.16228e+07
  [12][13] = 3.16228e+07
  [13][12] = 3.16228e+07
  [14][7] = 3.16228e+07
  [14][15] = 3.16228e+07
  [14][16] = 8.5904
  [15][8] = 3.16228e+07
  [15][14] = 3.16228e+07
  [15][16] = 1.44756
  [16][7] = 15.7333
  [16][8] = 3.8658
  [16][14] = 8.5904
  [16][15] = 1.44756
DEBUG threshold: 0.4
DEBUG max lifetime in matrix: 3.16228e+07
DEBUG matrix size: 17
Proposed RL started at 1.0359
1
1
1
1
1
1
1
1
1
1
1
1
Proposed RL learning finished at 1.0359
Transmitting delta values at1.036
Initialized flow counters at 1.0995
Forcing exactly 6 attackers out of 16 vehicles
Attacker placement: mesh_start=6 (mesh region = nodes 6..15, 10 reachable nodes)
Node 6 forced as ATTACKER (mesh-restricted placement)
Node 7 forced as ATTACKER (mesh-restricted placement)
Node 8 forced as ATTACKER (mesh-restricted placement)
Node 9 forced as ATTACKER (mesh-restricted placement)
Node 10 forced as ATTACKER (mesh-restricted placement)
Node 11 forced as ATTACKER (mesh-restricted placement)
Attackers declared at t=1.1
[CQ1] flow=0 t=1.1 f_size=0 total_load=0 total_packets_this_cycle=0 data_transmission_period=1
flow id 0sub flow load is 0 next hop 0packets 0
flow id 0sub flow load is 0 next hop 1packets 0
flow id 0sub flow load is 0 next hop 2packets 0
flow id 0sub flow load is 0 next hop 3packets 0
flow id 0sub flow load is 0 next hop 4packets 0
flow id 0sub flow load is 0 next hop 5packets 0
flow id 0sub flow load is 0 next hop 6packets 0
flow id 0sub flow load is 0 next hop 7packets 0
flow id 0sub flow load is 0 next hop 8packets 0
flow id 0sub flow load is 0 next hop 9packets 0
flow id 0sub flow load is 0 next hop 10packets 0
flow id 0sub flow load is 0 next hop 11packets 0
flow id 0sub flow load is 0 next hop 12packets 0
flow id 0sub flow load is 0 next hop 13packets 0
flow id 0sub flow load is 0 next hop 14packets 0
flow id 0sub flow load is 0 next hop 15packets 0
flow id 0sub flow load is 0 next hop 16packets 0
Flow id 0 scheduled 0total packets from 6
[CQ1] flow=1 t=1.1 f_size=3 total_load=1.00001 total_packets_this_cycle=4 data_transmission_period=1
flow id 1sub flow load is 0 next hop 0packets 0
flow id 1sub flow load is 0 next hop 1packets 0
flow id 1sub flow load is 0 next hop 2packets 0
flow id 1sub flow load is 0 next hop 3packets 0
flow id 1sub flow load is 0 next hop 4packets 0
flow id 1sub flow load is 0 next hop 5packets 0
flow id 1sub flow load is 0 next hop 6packets 0
flow id 1sub flow load is 0 next hop 7packets 0
flow id 1sub flow load is 0 next hop 9packets 0
flow id 1sub flow load is 0 next hop 10packets 0
flow id 1sub flow load is 0 next hop 11packets 0
flow id 1sub flow load is 0 next hop 12packets 0
flow id 1sub flow load is 0 next hop 13packets 0
flow id 1sub flow load is 0 next hop 15packets 0
flow id 1sub flow load is 0.272331 next hop 16packets 1
flow id 1sub flow load is 0.291941 next hop 8packets 1
flow id 1sub flow load is 0.435733 next hop 14packets 2
scheduled in channel 3
scheduled in channel 2
scheduled in channel 1
Flow id 1 scheduled 4total packets from 7
[CQ1] flow=2 t=1.1 f_size=3 total_load=1 total_packets_this_cycle=3 data_transmission_period=1
flow id 2sub flow load is 0 next hop 0packets 0
flow id 2sub flow load is 0 next hop 1packets 0
flow id 2sub flow load is 0 next hop 2packets 0
flow id 2sub flow load is 0 next hop 3packets 0
flow id 2sub flow load is 0 next hop 4packets 0
flow id 2sub flow load is 0 next hop 5packets 0
flow id 2sub flow load is 0 next hop 6packets 0
flow id 2sub flow load is 0 next hop 7packets 0
flow id 2sub flow load is 0 next hop 8packets 0
flow id 2sub flow load is 0 next hop 10packets 0
flow id 2sub flow load is 0 next hop 11packets 0
flow id 2sub flow load is 0 next hop 12packets 0
flow id 2sub flow load is 0 next hop 13packets 0
flow id 2sub flow load is 0 next hop 14packets 0
flow id 2sub flow load is 0 next hop 15packets 0
flow id 2sub flow load is 0 next hop 16packets 0
flow id 2sub flow load is 1 next hop 9packets 3
scheduled in channel 1
Flow id 2 scheduled 3total packets from 8
[CQ1] flow=3 t=1.1 f_size=0 total_load=0 total_packets_this_cycle=0 data_transmission_period=1
flow id 3sub flow load is 0 next hop 0packets 0
flow id 3sub flow load is 0 next hop 1packets 0
flow id 3sub flow load is 0 next hop 2packets 0
flow id 3sub flow load is 0 next hop 3packets 0
flow id 3sub flow load is 0 next hop 4packets 0
flow id 3sub flow load is 0 next hop 5packets 0
flow id 3sub flow load is 0 next hop 6packets 0
flow id 3sub flow load is 0 next hop 7packets 0
flow id 3sub flow load is 0 next hop 8packets 0
flow id 3sub flow load is 0 next hop 9packets 0
flow id 3sub flow load is 0 next hop 10packets 0
flow id 3sub flow load is 0 next hop 11packets 0
flow id 3sub flow load is 0 next hop 12packets 0
flow id 3sub flow load is 0 next hop 13packets 0
flow id 3sub flow load is 0 next hop 14packets 0
flow id 3sub flow load is 0 next hop 15packets 0
flow id 3sub flow load is 0 next hop 16packets 0
Flow id 3 scheduled 0total packets from 9
[CQ1] flow=4 t=1.1 f_size=1 total_load=1 total_packets_this_cycle=1 data_transmission_period=1
flow id 4sub flow load is 0 next hop 0packets 0
flow id 4sub flow load is 0 next hop 1packets 0
flow id 4sub flow load is 0 next hop 2packets 0
flow id 4sub flow load is 0 next hop 3packets 0
flow id 4sub flow load is 0 next hop 4packets 0
flow id 4sub flow load is 0 next hop 5packets 0
flow id 4sub flow load is 0 next hop 6packets 0
flow id 4sub flow load is 0 next hop 7packets 0
flow id 4sub flow load is 0 next hop 8packets 0
flow id 4sub flow load is 0 next hop 9packets 0
flow id 4sub flow load is 0 next hop 10packets 0
flow id 4sub flow load is 0 next hop 12packets 0
flow id 4sub flow load is 0 next hop 13packets 0
flow id 4sub flow load is 0 next hop 14packets 0
flow id 4sub flow load is 0 next hop 15packets 0
flow id 4sub flow load is 0 next hop 16packets 0
flow id 4sub flow load is 1 next hop 11packets 1
scheduled in channel 1
Flow id 4 scheduled 1total packets from 10
[CQ1] flow=5 t=1.1 f_size=1 total_load=0 total_packets_this_cycle=0 data_transmission_period=1
flow id 5sub flow load is 0 next hop 0packets 0
flow id 5sub flow load is 0 next hop 1packets 0
flow id 5sub flow load is 0 next hop 2packets 0
flow id 5sub flow load is 0 next hop 3packets 0
flow id 5sub flow load is 0 next hop 4packets 0
flow id 5sub flow load is 0 next hop 5packets 0
flow id 5sub flow load is 0 next hop 6packets 0
flow id 5sub flow load is 0 next hop 7packets 0
flow id 5sub flow load is 0 next hop 8packets 0
flow id 5sub flow load is 0 next hop 9packets 0
flow id 5sub flow load is 0 next hop 10packets 0
flow id 5sub flow load is 0 next hop 11packets 0
flow id 5sub flow load is 0 next hop 12packets 0
flow id 5sub flow load is 0 next hop 13packets 0
flow id 5sub flow load is 0 next hop 14packets 0
flow id 5sub flow load is 0 next hop 15packets 0
flow id 5sub flow load is 0 next hop 16packets 0
Flow id 5 scheduled 0total packets from 11
[CQ1] flow=6 t=1.1 f_size=0 total_load=0 total_packets_this_cycle=0 data_transmission_period=1
flow id 6sub flow load is 0 next hop 0packets 0
flow id 6sub flow load is 0 next hop 1packets 0
flow id 6sub flow load is 0 next hop 2packets 0
flow id 6sub flow load is 0 next hop 3packets 0
flow id 6sub flow load is 0 next hop 4packets 0
flow id 6sub flow load is 0 next hop 5packets 0
flow id 6sub flow load is 0 next hop 6packets 0
flow id 6sub flow load is 0 next hop 7packets 0
flow id 6sub flow load is 0 next hop 8packets 0
flow id 6sub flow load is 0 next hop 9packets 0
flow id 6sub flow load is 0 next hop 10packets 0
flow id 6sub flow load is 0 next hop 11packets 0
flow id 6sub flow load is 0 next hop 12packets 0
flow id 6sub flow load is 0 next hop 13packets 0
flow id 6sub flow load is 0 next hop 14packets 0
flow id 6sub flow load is 0 next hop 15packets 0
flow id 6sub flow load is 0 next hop 16packets 0
Flow id 6 scheduled 0total packets from 12
[CQ1] flow=7 t=1.1 f_size=0 total_load=0 total_packets_this_cycle=0 data_transmission_period=1
flow id 7sub flow load is 0 next hop 0packets 0
flow id 7sub flow load is 0 next hop 1packets 0
flow id 7sub flow load is 0 next hop 2packets 0
flow id 7sub flow load is 0 next hop 3packets 0
flow id 7sub flow load is 0 next hop 4packets 0
flow id 7sub flow load is 0 next hop 5packets 0
flow id 7sub flow load is 0 next hop 6packets 0
flow id 7sub flow load is 0 next hop 7packets 0
flow id 7sub flow load is 0 next hop 8packets 0
flow id 7sub flow load is 0 next hop 9packets 0
flow id 7sub flow load is 0 next hop 10packets 0
flow id 7sub flow load is 0 next hop 11packets 0
flow id 7sub flow load is 0 next hop 12packets 0
flow id 7sub flow load is 0 next hop 13packets 0
flow id 7sub flow load is 0 next hop 14packets 0
flow id 7sub flow load is 0 next hop 15packets 0
flow id 7sub flow load is 0 next hop 16packets 0
Flow id 7 scheduled 0total packets from 13
[CQ1] flow=8 t=1.1 f_size=1 total_load=1 total_packets_this_cycle=2 data_transmission_period=1
flow id 8sub flow load is 0 next hop 0packets 0
flow id 8sub flow load is 0 next hop 1packets 0
flow id 8sub flow load is 0 next hop 2packets 0
flow id 8sub flow load is 0 next hop 3packets 0
flow id 8sub flow load is 0 next hop 4packets 0
flow id 8sub flow load is 0 next hop 5packets 0
flow id 8sub flow load is 0 next hop 6packets 0
flow id 8sub flow load is 0 next hop 7packets 0
flow id 8sub flow load is 0 next hop 8packets 0
flow id 8sub flow load is 0 next hop 9packets 0
flow id 8sub flow load is 0 next hop 10packets 0
flow id 8sub flow load is 0 next hop 11packets 0
flow id 8sub flow load is 0 next hop 12packets 0
flow id 8sub flow load is 0 next hop 13packets 0
flow id 8sub flow load is 0 next hop 14packets 0
flow id 8sub flow load is 0.383644 next hop 16packets 0
flow id 8sub flow load is 0.616357 next hop 15packets 2
scheduled in channel 2
scheduled in channel 1
Flow id 8 scheduled 2total packets from 14
[CQ1] flow=9 t=1.1 f_size=0 total_load=0 total_packets_this_cycle=0 data_transmission_period=1
flow id 9sub flow load is 0 next hop 0packets 0
flow id 9sub flow load is 0 next hop 1packets 0
flow id 9sub flow load is 0 next hop 2packets 0
flow id 9sub flow load is 0 next hop 3packets 0
flow id 9sub flow load is 0 next hop 4packets 0
flow id 9sub flow load is 0 next hop 5packets 0
flow id 9sub flow load is 0 next hop 6packets 0
flow id 9sub flow load is 0 next hop 7packets 0
flow id 9sub flow load is 0 next hop 8packets 0
flow id 9sub flow load is 0 next hop 9packets 0
flow id 9sub flow load is 0 next hop 10packets 0
flow id 9sub flow load is 0 next hop 11packets 0
flow id 9sub flow load is 0 next hop 12packets 0
flow id 9sub flow load is 0 next hop 13packets 0
flow id 9sub flow load is 0 next hop 14packets 0
flow id 9sub flow load is 0 next hop 15packets 0
flow id 9sub flow load is 0 next hop 16packets 0
Flow id 9 scheduled 0total packets from 15
[CQ1] flow=10 t=1.1 f_size=0 total_load=0 total_packets_this_cycle=0 data_transmission_period=1
flow id 10sub flow load is 0 next hop 0packets 0
flow id 10sub flow load is 0 next hop 1packets 0
flow id 10sub flow load is 0 next hop 2packets 0
flow id 10sub flow load is 0 next hop 3packets 0
flow id 10sub flow load is 0 next hop 4packets 0
flow id 10sub flow load is 0 next hop 5packets 0
flow id 10sub flow load is 0 next hop 6packets 0
flow id 10sub flow load is 0 next hop 7packets 0
flow id 10sub flow load is 0 next hop 8packets 0
flow id 10sub flow load is 0 next hop 9packets 0
flow id 10sub flow load is 0 next hop 10packets 0
flow id 10sub flow load is 0 next hop 11packets 0
flow id 10sub flow load is 0 next hop 12packets 0
flow id 10sub flow load is 0 next hop 13packets 0
flow id 10sub flow load is 0 next hop 14packets 0
flow id 10sub flow load is 0 next hop 15packets 0
flow id 10sub flow load is 0 next hop 16packets 0
Flow id 10 scheduled 0total packets from 6
[CQ1] flow=11 t=1.1 f_size=3 total_load=1 total_packets_this_cycle=4 data_transmission_period=1
flow id 11sub flow load is 0 next hop 0packets 0
flow id 11sub flow load is 0 next hop 1packets 0
flow id 11sub flow load is 0 next hop 2packets 0
flow id 11sub flow load is 0 next hop 3packets 0
flow id 11sub flow load is 0 next hop 4packets 0
flow id 11sub flow load is 0 next hop 5packets 0
flow id 11sub flow load is 0 next hop 6packets 0
flow id 11sub flow load is 0 next hop 7packets 0
flow id 11sub flow load is 0 next hop 9packets 0
flow id 11sub flow load is 0 next hop 10packets 0
flow id 11sub flow load is 0 next hop 11packets 0
flow id 11sub flow load is 0 next hop 12packets 0
flow id 11sub flow load is 0 next hop 13packets 0
flow id 11sub flow load is 0 next hop 15packets 0
flow id 11sub flow load is 0.272251 next hop 16packets 1
flow id 11sub flow load is 0.291851 next hop 8packets 1
flow id 11sub flow load is 0.435897 next hop 14packets 2
scheduled in channel 3
scheduled in channel 2
scheduled in channel 1
Flow id 11 scheduled 4total packets from 7
CP Controllers: M=4 malicious=2 (cp_attack_percentage=40%)
CP Node 0 controller=0 ctrl_malicious=1 CPFR=0 CPIT=0 CPTS=1
CP Node 1 controller=1 ctrl_malicious=1 CPFR=0 CPIT=0 CPTS=1
CP Node 2 controller=2 ctrl_malicious=0 CPFR=0 CPIT=0 CPTS=0
CP Node 3 controller=3 ctrl_malicious=0 CPFR=0 CPIT=0 CPTS=0
CP Node 4 controller=0 ctrl_malicious=1 CPFR=0 CPIT=0 CPTS=1
CP Node 5 controller=1 ctrl_malicious=1 CPFR=0 CPIT=0 CPTS=1
CP Node 6 controller=2 ctrl_malicious=0 CPFR=0 CPIT=0 CPTS=0
CP Node 7 controller=3 ctrl_malicious=0 CPFR=0 CPIT=0 CPTS=0
CP Node 8 controller=0 ctrl_malicious=1 CPFR=0 CPIT=0 CPTS=1
CP Node 9 controller=1 ctrl_malicious=1 CPFR=0 CPIT=0 CPTS=1
CP Node 10 controller=2 ctrl_malicious=0 CPFR=0 CPIT=0 CPTS=0
CP Node 11 controller=3 ctrl_malicious=0 CPFR=0 CPIT=0 CPTS=0
CP Node 12 controller=0 ctrl_malicious=1 CPFR=0 CPIT=0 CPTS=1
CP Node 13 controller=1 ctrl_malicious=1 CPFR=0 CPIT=0 CPTS=1
CP Node 14 controller=2 ctrl_malicious=0 CPFR=0 CPIT=0 CPTS=0
CP Node 15 controller=3 ctrl_malicious=0 CPFR=0 CPIT=0 CPTS=0
CP Attackers declared at t=1.1 malicious_controllers=2/4
[NETANIM] Vehicle index=0 ActualNodeID=2 colored GREEN (benign)
[NETANIM] Vehicle index=1 ActualNodeID=3 colored GREEN (benign)
[NETANIM] Vehicle index=2 ActualNodeID=4 colored GREEN (benign)
[NETANIM] Vehicle index=3 ActualNodeID=5 colored GREEN (benign)
[NETANIM] Vehicle index=4 ActualNodeID=6 colored GREEN (benign)
[NETANIM] Vehicle index=5 ActualNodeID=7 colored GREEN (benign)
[NETANIM] Vehicle index=6 ActualNodeID=8 colored RED (attacker)
[NETANIM] Vehicle index=7 ActualNodeID=9 colored RED (attacker)
[NETANIM] Vehicle index=8 ActualNodeID=10 colored RED (attacker)
[NETANIM] Vehicle index=9 ActualNodeID=11 colored RED (attacker)
[NETANIM] Vehicle index=10 ActualNodeID=12 colored RED (attacker)
[NETANIM] Vehicle index=11 ActualNodeID=13 colored RED (attacker)
[NETANIM] Vehicle index=12 ActualNodeID=14 colored GREEN (benign)
[NETANIM] Vehicle index=13 ActualNodeID=15 colored GREEN (benign)
[NETANIM] Vehicle index=14 ActualNodeID=16 colored GREEN (benign)
[NETANIM] Vehicle index=15 ActualNodeID=17 colored GREEN (benign)
DP-FR DROP: node=7 flow=1 t=1.22862
ATTACK PLACE 1: packet DROPPED node=7 flow=1 packetID=1 t=1.22862
DP-FR DROP: node=7 flow=1 t=1.23133
ATTACK PLACE 1: packet DROPPED node=7 flow=1 packetID=1 t=1.23133
DP-FR DROP: node=7 flow=1 t=1.23387
ATTACK PLACE 1: packet DROPPED node=7 flow=1 packetID=1 t=1.23387
DP-FR FORWARD: node=7 flow=1 t=1.23626
ATTACK PLACE 1: packet FORWARDED node=7 flow=1 packetID=1 t=1.23626
[CQ6-SITE-B] hit#1 node=7 flow=1 new_total_fwd=1 new_total_rcv=4 t=1.23626
ATTACK PLACE 2: retransmit FORWARDED node=16 flow=1 packetID=1 t=1.23757
[CQ6-SITE-A] hit#1 node=16 flow=1 new_total=1 t=1.23757
DP-FR DROP: node=8 flow=1 t=1.23921
ATTACK PLACE 2: retransmit DROPPED node=8 flow=1 packetID=1 t=1.23921
DP-FR DROP: node=7 flow=1 t=1.25006
ATTACK PLACE 1: packet DROPPED node=7 flow=1 packetID=2 t=1.25006
DP-FR DROP: node=7 flow=1 t=1.25274
ATTACK PLACE 1: packet DROPPED node=7 flow=1 packetID=2 t=1.25274
DP-FR FORWARD: node=7 flow=1 t=1.25471
ATTACK PLACE 1: packet FORWARDED node=7 flow=1 packetID=2 t=1.25471
[CQ6-SITE-B] hit#2 node=7 flow=1 new_total_fwd=2 new_total_rcv=7 t=1.25471
DP-FR FORWARD: node=8 flow=1 t=1.25598
ATTACK PLACE 2: retransmit FORWARDED node=8 flow=1 packetID=2 t=1.25598
[CQ6-SITE-A] hit#2 node=8 flow=1 new_total=1 t=1.25598
DP-FR DROP: node=9 flow=1 t=1.25826
ATTACK PLACE 2: retransmit DROPPED node=9 flow=1 packetID=2 t=1.25826
DP-FR DROP: node=7 flow=1 t=1.27149
ATTACK PLACE 1: packet DROPPED node=7 flow=1 packetID=3 t=1.27149
DP-FR FORWARD: node=7 flow=1 t=1.27445
ATTACK PLACE 1: packet FORWARDED node=7 flow=1 packetID=3 t=1.27445
[CQ6-SITE-B] hit#3 node=7 flow=1 new_total_fwd=3 new_total_rcv=9 t=1.27445
ATTACK PLACE 2: retransmit FORWARDED node=14 flow=1 packetID=3 t=1.27606
[CQ6-SITE-A] hit#3 node=14 flow=1 new_total=1 t=1.27606
ATTACK PLACE 2: retransmit FORWARDED node=15 flow=1 packetID=3 t=1.27762
[CQ6-SITE-A] hit#4 node=15 flow=1 new_total=1 t=1.27762
DP-FR FORWARD: node=8 flow=1 t=1.27932
ATTACK PLACE 2: retransmit FORWARDED node=8 flow=1 packetID=3 t=1.27932
[CQ6-SITE-A] hit#5 node=8 flow=1 new_total=2 t=1.27932
DP-FR DROP: node=9 flow=1 t=1.28173
ATTACK PLACE 2: retransmit DROPPED node=9 flow=1 packetID=3 t=1.28173
DP-FR DROP: node=7 flow=1 t=1.31505
ATTACK PLACE 1: packet DROPPED node=7 flow=1 packetID=4 t=1.31505
DP-FR DROP: node=7 flow=1 t=1.31787
ATTACK PLACE 1: packet DROPPED node=7 flow=1 packetID=4 t=1.31787
DP-FR DROP: node=7 flow=1 t=1.32043
ATTACK PLACE 1: packet DROPPED node=7 flow=1 packetID=4 t=1.32043
DP-FR DROP: node=7 flow=1 t=1.32278
ATTACK PLACE 1: packet DROPPED node=7 flow=1 packetID=4 t=1.32278
Intial transmission packet dropped for flow id 1packet ID: 4
DP-FR FORWARD: node=8 flow=2 t=1.35798
ATTACK PLACE 1: packet FORWARDED node=8 flow=2 packetID=1 t=1.35798
[CQ6-SITE-B] hit#4 node=8 flow=2 new_total_fwd=3 new_total_rcv=4 t=1.35798
DP-FR DROP: node=9 flow=2 t=1.35951
ATTACK PLACE 2: retransmit DROPPED node=9 flow=2 packetID=1 t=1.35951
DP-FR DROP: node=8 flow=2 t=1.40113
ATTACK PLACE 1: packet DROPPED node=8 flow=2 packetID=2 t=1.40113
DP-FR FORWARD: node=8 flow=2 t=1.40339
ATTACK PLACE 1: packet FORWARDED node=8 flow=2 packetID=2 t=1.40339
[CQ6-SITE-B] hit#5 node=8 flow=2 new_total_fwd=4 new_total_rcv=6 t=1.40339
DP-FR DROP: node=8 flow=2 t=1.44299
ATTACK PLACE 1: packet DROPPED node=8 flow=2 packetID=3 t=1.44299
DP-FR FORWARD: node=8 flow=2 t=1.4447
ATTACK PLACE 1: packet FORWARDED node=8 flow=2 packetID=3 t=1.4447
DP-FR FORWARD: node=10 flow=4 t=1.61448
ATTACK PLACE 1: packet FORWARDED node=10 flow=4 packetID=1 t=1.61448
DP-FR DROP: node=11 flow=4 t=1.61628
ATTACK PLACE 2: retransmit DROPPED node=11 flow=4 packetID=1 t=1.61628
[PDQ4] t=1.998 flow0_source=6 flow0_dest=9 direct_source_to_dest_lifetime=0 | source's_live_neighbor_lifetimes: 5(ll=3.16228e+07) 
average_latency 0 ms
[LW-CP-Det] Controller 0 SUSPECTED — S4:1 S5:0 S6:1
[SHIELD-GH][CP] Controller 0 grey-hole flow rule detected | S4=1 S5=0 S6=1 | Tc=0.65 | truth=MALICIOUS | t=2.00
[LW-CP-Det] Controller 1 SUSPECTED — S4:1 S5:0 S6:1
[SHIELD-GH][CP] Controller 1 grey-hole flow rule detected | S4=1 S5=0 S6=1 | Tc=0.65 | truth=MALICIOUS | t=2.00
[DX3-rcv0fallback] node=6 window=0 t=2.00 flagged=0
[MATD-DEBUG] node=7 maxspeed_kmh=90 speed_mps=25.00 t=2.00
[DQ5] node=7 window=0 t=2.00 R_i=0.27
[LW-DP-Det] Node 7 t=2.00 tau_f_eff=0.75 SUSPECTED — S1:1 S2:0 S3:0 corrPDR=0.23 variance=0.00
[DQ3] node=7 t=2.00 S_total=1.00 R_i=0.27 score=0.89 y_hat=1
[RQ1] node=7 t=2.00 y_hat=1
[RQ3] node=7 t=2.00 enable_matd=0 obs_pdr=0.23 corr_pdr=0.23
[NQ1/NQ2] node=7 t=2.00 rcv=13 response=MONITOR should_isolate=0 isolated=0
[NQ7/NQ12] node=7 t=2.00 lambda=1 lambda1=2 lambda2=5 Ri_decayed=0.27 statistical_gate=1 zkp_gate_enabled=1 zkp_cached=1 zkp_proof=PASS
[ZQ2/ZQ3] node=7 t=2.00 zkp_cum_received=13 zkp_cum_forwarded=3
[MATD-DEBUG] node=8 maxspeed_kmh=90 speed_mps=25.00 t=2.00
[DQ5] node=8 window=0 t=2.00 R_i=0.60
[LW-DP-Det] Node 8 t=2.00 tau_f_eff=0.75 SUSPECTED — S1:1 S2:0 S3:0 corrPDR=0.62 variance=0.00
[DQ3] node=8 t=2.00 S_total=1.00 R_i=0.60 score=0.76 y_hat=1
[RQ1] node=8 t=2.00 y_hat=1
[RQ3] node=8 t=2.00 enable_matd=0 obs_pdr=0.62 corr_pdr=0.62
[NQ1/NQ2] node=8 t=2.00 rcv=8 response=MONITOR should_isolate=0 isolated=0
[NQ7/NQ12] node=8 t=2.00 lambda=1 lambda1=2 lambda2=5 Ri_decayed=0.60 statistical_gate=1 zkp_gate_enabled=1 zkp_cached=1 zkp_proof=PASS
[ZQ2/ZQ3] node=8 t=2.00 zkp_cum_received=8 zkp_cum_forwarded=5
[MATD-DEBUG] node=9 maxspeed_kmh=90 speed_mps=25.00 t=2.00
[DQ5] node=9 window=0 t=2.00 R_i=0.14
[LW-DP-Det] Node 9 t=2.00 tau_f_eff=0.75 SUSPECTED — S1:1 S2:0 S3:0 corrPDR=0.00 variance=0.00
[DQ3] node=9 t=2.00 S_total=1.00 R_i=0.14 score=0.94 y_hat=1
[RQ1] node=9 t=2.00 y_hat=1
[RQ3] node=9 t=2.00 enable_matd=0 obs_pdr=0.00 corr_pdr=0.00
[NQ1/NQ2] node=9 t=2.00 rcv=5 response=MONITOR should_isolate=0 isolated=0
[NQ7/NQ12] node=9 t=2.00 lambda=1 lambda1=2 lambda2=5 Ri_decayed=0.14 statistical_gate=1 zkp_gate_enabled=1 zkp_cached=1 zkp_proof=PASS
[ZQ2/ZQ3] node=9 t=2.00 zkp_cum_received=5 zkp_cum_forwarded=0
[MATD-DEBUG] node=10 maxspeed_kmh=90 speed_mps=25.00 t=2.00
[DQ5] node=10 window=0 t=2.00 R_i=0.67
[LW-DP-Det] Node 10 t=2.00 tau_f_eff=0.75 SUSPECTED — S1:0 S2:0 S3:0 corrPDR=1.00 variance=0.00
[DQ3] node=10 t=2.00 S_total=0.00 R_i=0.67 score=0.13 y_hat=0
[RQ1] node=10 t=2.00 y_hat=0
[RQ3] node=10 t=2.00 enable_matd=0 obs_pdr=1.00 corr_pdr=1.00
[NQ1/NQ2] node=10 t=2.00 rcv=1 response=MONITOR should_isolate=0 isolated=0
[NQ7/NQ12] node=10 t=2.00 lambda=1 lambda1=2 lambda2=5 Ri_decayed=0.67 statistical_gate=1 zkp_gate_enabled=1 zkp_cached=1 zkp_proof=PASS
[ZQ2/ZQ3] node=10 t=2.00 zkp_cum_received=1 zkp_cum_forwarded=1
[NQ2-rcv] node=11 t=2.00 rcv=1
[MATD-DEBUG] node=11 maxspeed_kmh=90 speed_mps=25.00 t=2.00
[DQ5] node=11 window=0 t=2.00 R_i=0.33
[LW-DP-Det] Node 11 t=2.00 tau_f_eff=0.75 SUSPECTED — S1:1 S2:0 S3:0 corrPDR=0.00 variance=0.00
[DQ3] node=11 t=2.00 S_total=1.00 R_i=0.33 score=0.87 y_hat=1
[RQ1] node=11 t=2.00 y_hat=1
[RQ3] node=11 t=2.00 enable_matd=0 obs_pdr=0.00 corr_pdr=0.00
[NQ1/NQ2] node=11 t=2.00 rcv=1 response=MONITOR should_isolate=0 isolated=0
[NQ7/NQ12] node=11 t=2.00 lambda=1 lambda1=2 lambda2=5 Ri_decayed=0.33 statistical_gate=1 zkp_gate_enabled=1 zkp_cached=1 zkp_proof=PASS
[ZQ2/ZQ3] node=11 t=2.00 zkp_cum_received=1 zkp_cum_forwarded=0
[MATD-DEBUG] node=14 maxspeed_kmh=90 speed_mps=25.00 t=2.00
[NQ5] node=14 t=2.00 rcv=1 obs_pdr=1.00 corr_pdr=1.00
[DX2] node=14 t=2.00 S_total=0.00 R_i=0.67 score=0.13 y_hat=0
[RQ1] node=14 t=2.00 y_hat=0
[RQ3] node=14 t=2.00 enable_matd=0 obs_pdr=1.00 corr_pdr=1.00
[MATD-DEBUG] node=15 maxspeed_kmh=90 speed_mps=25.00 t=2.00
[NQ5] node=15 t=2.00 rcv=1 obs_pdr=1.00 corr_pdr=1.00
[DX2] node=15 t=2.00 S_total=0.00 R_i=0.67 score=0.13 y_hat=0
[RQ1] node=15 t=2.00 y_hat=0
[RQ3] node=15 t=2.00 enable_matd=0 obs_pdr=1.00 corr_pdr=1.00
=== SHIELD-GH DETECTION METRICS (node-level) ===
  Node TP=4 TN=10 FP=0 FN=2
  M1a Detection Accuracy: 87.50%
  M1b MCC: 0.75
  M2  False Positive Rate: 0.00%
================================================
average packet delivery ratio is 0.00
average jitter is 0.00
average load balance is 100.00
TP=0.00 TN=0.00 FP=12.00 FN=0.00
M1a Detection Accuracy: 0.00%
M1b MCC: 0.00
M2 False Positive Rate: 100.00%
M4a Detection Latency: 0.00 ms
M4b Mitigation Response Time: 0.00 ms
=== Per Node PDR ===
Node 0 | LocalPDR=0.00% (Fwd=0/Rcv=0) | E2E_PDR=0.00% (0/0) | RelayPDR=0.00% (Fwd=0/Rcv=12)
Node 1 | LocalPDR=0.00% (Fwd=0/Rcv=0) | E2E_PDR=0.00% (0/0) | RelayPDR=0.00% (Fwd=0/Rcv=12)
Node 2 | LocalPDR=0.00% (Fwd=0/Rcv=0) | E2E_PDR=0.00% (0/0) | RelayPDR=0.00% (Fwd=0/Rcv=12)
Node 3 | LocalPDR=0.00% (Fwd=0/Rcv=0) | E2E_PDR=0.00% (0/0) | RelayPDR=0.00% (Fwd=0/Rcv=12)
Node 4 | LocalPDR=0.00% (Fwd=0/Rcv=0) | E2E_PDR=0.00% (0/0) | RelayPDR=0.00% (Fwd=0/Rcv=12)
Node 5 | LocalPDR=0.00% (Fwd=0/Rcv=0) | E2E_PDR=0.00% (0/0) | RelayPDR=0.00% (Fwd=0/Rcv=12)
Node 6 | LocalPDR=0.00% (Fwd=0/Rcv=0) | E2E_PDR=0.00% (0/0) | RelayPDR=0.00% (Fwd=0/Rcv=12) [DP-ATTACKER] [CP-ATTACKER]
Node 7 | LocalPDR=23.08% (Fwd=3/Rcv=13) | E2E_PDR=0.00% (0/6) | RelayPDR=0.00% (Fwd=0/Rcv=5) [DP-ATTACKER] [CP-ATTACKER]
Node 8 | LocalPDR=62.50% (Fwd=5/Rcv=8) | E2E_PDR=0.00% (0/3) | RelayPDR=0.00% (Fwd=0/Rcv=9) [DP-ATTACKER] [CP-ATTACKER]
Node 9 | LocalPDR=0.00% (Fwd=0/Rcv=5) | E2E_PDR=0.00% (0/0) | RelayPDR=0.00% (Fwd=0/Rcv=12) [DP-ATTACKER]
Node 10 | LocalPDR=100.00% (Fwd=1/Rcv=1) | E2E_PDR=0.00% (0/1) | RelayPDR=0.00% (Fwd=0/Rcv=5) [DP-ATTACKER] [CP-ATTACKER]
Node 11 | LocalPDR=0.00% (Fwd=0/Rcv=1) | E2E_PDR=0.00% (0/1) | RelayPDR=0.00% (Fwd=0/Rcv=8) [DP-ATTACKER] [CP-ATTACKER]
Node 12 | LocalPDR=0.00% (Fwd=0/Rcv=0) | E2E_PDR=0.00% (0/0) | RelayPDR=0.00% (Fwd=0/Rcv=12)
Node 13 | LocalPDR=0.00% (Fwd=0/Rcv=0) | E2E_PDR=0.00% (0/0) | RelayPDR=0.00% (Fwd=0/Rcv=11)
Node 14 | LocalPDR=100.00% (Fwd=1/Rcv=1) | E2E_PDR=0.00% (0/1) | RelayPDR=0.00% (Fwd=0/Rcv=10) [CP-ATTACKER]
Node 15 | LocalPDR=100.00% (Fwd=1/Rcv=1) | E2E_PDR=0.00% (0/0) | RelayPDR=0.00% (Fwd=0/Rcv=12) [CP-ATTACKER]
Node 16 | LocalPDR=100.00% (Fwd=1/Rcv=1) | E2E_PDR=0.00% (0/0) | RelayPDR=0.00% (Fwd=0/Rcv=0)
Node 17 | LocalPDR=0.00% (Fwd=0/Rcv=0) | E2E_PDR=0.00% (0/0) | RelayPDR=0.00% (Fwd=0/Rcv=0)
Node 18 | LocalPDR=0.00% (Fwd=0/Rcv=0) | E2E_PDR=0.00% (0/0) | RelayPDR=0.00% (Fwd=0/Rcv=0)
Node 19 | LocalPDR=0.00% (Fwd=0/Rcv=0) | E2E_PDR=0.00% (0/0) | RelayPDR=0.00% (Fwd=0/Rcv=0)
Node 20 | LocalPDR=0.00% (Fwd=0/Rcv=0) | E2E_PDR=0.00% (0/0) | RelayPDR=0.00% (Fwd=0/Rcv=0)
Node 21 | LocalPDR=0.00% (Fwd=0/Rcv=0) | E2E_PDR=0.00% (0/0) | RelayPDR=0.00% (Fwd=0/Rcv=0)
Node 22 | LocalPDR=0.00% (Fwd=0/Rcv=0) | E2E_PDR=0.00% (0/0) | RelayPDR=0.00% (Fwd=0/Rcv=0)
Node 23 | LocalPDR=0.00% (Fwd=0/Rcv=0) | E2E_PDR=0.00% (0/0) | RelayPDR=0.00% (Fwd=0/Rcv=0)
Node 24 | LocalPDR=0.00% (Fwd=0/Rcv=0) | E2E_PDR=0.00% (0/0) | RelayPDR=0.00% (Fwd=0/Rcv=0)
Node 25 | LocalPDR=0.00% (Fwd=0/Rcv=0) | E2E_PDR=0.00% (0/0) | RelayPDR=0.00% (Fwd=0/Rcv=0)
Node 26 | LocalPDR=0.00% (Fwd=0/Rcv=0) | E2E_PDR=0.00% (0/0) | RelayPDR=0.00% (Fwd=0/Rcv=0)
Node 27 | LocalPDR=0.00% (Fwd=0/Rcv=0) | E2E_PDR=0.00% (0/0) | RelayPDR=0.00% (Fwd=0/Rcv=0)
Node 28 | LocalPDR=0.00% (Fwd=0/Rcv=0) | E2E_PDR=0.00% (0/0) | RelayPDR=0.00% (Fwd=0/Rcv=0)
Node 29 | LocalPDR=0.00% (Fwd=0/Rcv=0) | E2E_PDR=0.00% (0/0) | RelayPDR=0.00% (Fwd=0/Rcv=0)
Node 30 | LocalPDR=0.00% (Fwd=0/Rcv=0) | E2E_PDR=0.00% (0/0) | RelayPDR=0.00% (Fwd=0/Rcv=0)
Node 31 | LocalPDR=0.00% (Fwd=0/Rcv=0) | E2E_PDR=0.00% (0/0) | RelayPDR=0.00% (Fwd=0/Rcv=0)
Node 32 | LocalPDR=0.00% (Fwd=0/Rcv=0) | E2E_PDR=0.00% (0/0) | RelayPDR=0.00% (Fwd=0/Rcv=0)
Node 33 | LocalPDR=0.00% (Fwd=0/Rcv=0) | E2E_PDR=0.00% (0/0) | RelayPDR=0.00% (Fwd=0/Rcv=0)
Node 34 | LocalPDR=0.00% (Fwd=0/Rcv=0) | E2E_PDR=0.00% (0/0) | RelayPDR=0.00% (Fwd=0/Rcv=0)
Node 35 | LocalPDR=0.00% (Fwd=0/Rcv=0) | E2E_PDR=0.00% (0/0) | RelayPDR=0.00% (Fwd=0/Rcv=0)
Node 36 | LocalPDR=0.00% (Fwd=0/Rcv=0) | E2E_PDR=0.00% (0/0) | RelayPDR=0.00% (Fwd=0/Rcv=0)
Node 37 | LocalPDR=0.00% (Fwd=0/Rcv=0) | E2E_PDR=0.00% (0/0) | RelayPDR=0.00% (Fwd=0/Rcv=0)
Node 38 | LocalPDR=0.00% (Fwd=0/Rcv=0) | E2E_PDR=0.00% (0/0) | RelayPDR=0.00% (Fwd=0/Rcv=0)
Node 39 | LocalPDR=0.00% (Fwd=0/Rcv=0) | E2E_PDR=0.00% (0/0) | RelayPDR=0.00% (Fwd=0/Rcv=0)
Node 40 | LocalPDR=0.00% (Fwd=0/Rcv=0) | E2E_PDR=0.00% (0/0) | RelayPDR=0.00% (Fwd=0/Rcv=0)
Node 41 | LocalPDR=0.00% (Fwd=0/Rcv=0) | E2E_PDR=0.00% (0/0) | RelayPDR=0.00% (Fwd=0/Rcv=0)
Node 42 | LocalPDR=0.00% (Fwd=0/Rcv=0) | E2E_PDR=0.00% (0/0) | RelayPDR=0.00% (Fwd=0/Rcv=0)
Node 43 | LocalPDR=0.00% (Fwd=0/Rcv=0) | E2E_PDR=0.00% (0/0) | RelayPDR=0.00% (Fwd=0/Rcv=0)
Node 44 | LocalPDR=0.00% (Fwd=0/Rcv=0) | E2E_PDR=0.00% (0/0) | RelayPDR=0.00% (Fwd=0/Rcv=0)
Node 45 | LocalPDR=0.00% (Fwd=0/Rcv=0) | E2E_PDR=0.00% (0/0) | RelayPDR=0.00% (Fwd=0/Rcv=0)
Node 46 | LocalPDR=0.00% (Fwd=0/Rcv=0) | E2E_PDR=0.00% (0/0) | RelayPDR=0.00% (Fwd=0/Rcv=0)
Node 47 | LocalPDR=0.00% (Fwd=0/Rcv=0) | E2E_PDR=0.00% (0/0) | RelayPDR=0.00% (Fwd=0/Rcv=0)
Node 48 | LocalPDR=0.00% (Fwd=0/Rcv=0) | E2E_PDR=0.00% (0/0) | RelayPDR=0.00% (Fwd=0/Rcv=0)
Node 49 | LocalPDR=0.00% (Fwd=0/Rcv=0) | E2E_PDR=0.00% (0/0) | RelayPDR=0.00% (Fwd=0/Rcv=0)
Node 50 | LocalPDR=0.00% (Fwd=0/Rcv=0) | E2E_PDR=0.00% (0/0) | RelayPDR=0.00% (Fwd=0/Rcv=0)
Node 51 | LocalPDR=0.00% (Fwd=0/Rcv=0) | E2E_PDR=0.00% (0/0) | RelayPDR=0.00% (Fwd=0/Rcv=0)
Node 52 | LocalPDR=0.00% (Fwd=0/Rcv=0) | E2E_PDR=0.00% (0/0) | RelayPDR=0.00% (Fwd=0/Rcv=0)
Node 53 | LocalPDR=0.00% (Fwd=0/Rcv=0) | E2E_PDR=0.00% (0/0) | RelayPDR=0.00% (Fwd=0/Rcv=0)
Node 54 | LocalPDR=0.00% (Fwd=0/Rcv=0) | E2E_PDR=0.00% (0/0) | RelayPDR=0.00% (Fwd=0/Rcv=0)
Node 55 | LocalPDR=0.00% (Fwd=0/Rcv=0) | E2E_PDR=0.00% (0/0) | RelayPDR=0.00% (Fwd=0/Rcv=0)
Node 56 | LocalPDR=0.00% (Fwd=0/Rcv=0) | E2E_PDR=0.00% (0/0) | RelayPDR=0.00% (Fwd=0/Rcv=0)
Node 57 | LocalPDR=0.00% (Fwd=0/Rcv=0) | E2E_PDR=0.00% (0/0) | RelayPDR=0.00% (Fwd=0/Rcv=0)
Node 58 | LocalPDR=0.00% (Fwd=0/Rcv=0) | E2E_PDR=0.00% (0/0) | RelayPDR=0.00% (Fwd=0/Rcv=0)
Node 59 | LocalPDR=0.00% (Fwd=0/Rcv=0) | E2E_PDR=0.00% (0/0) | RelayPDR=0.00% (Fwd=0/Rcv=0)
Node 60 | LocalPDR=0.00% (Fwd=0/Rcv=0) | E2E_PDR=0.00% (0/0) | RelayPDR=0.00% (Fwd=0/Rcv=0)
Node 61 | LocalPDR=0.00% (Fwd=0/Rcv=0) | E2E_PDR=0.00% (0/0) | RelayPDR=0.00% (Fwd=0/Rcv=0)
Node 62 | LocalPDR=0.00% (Fwd=0/Rcv=0) | E2E_PDR=0.00% (0/0) | RelayPDR=0.00% (Fwd=0/Rcv=0)
Node 63 | LocalPDR=0.00% (Fwd=0/Rcv=0) | E2E_PDR=0.00% (0/0) | RelayPDR=0.00% (Fwd=0/Rcv=0)
Node 64 | LocalPDR=0.00% (Fwd=0/Rcv=0) | E2E_PDR=0.00% (0/0) | RelayPDR=0.00% (Fwd=0/Rcv=0)
Node 65 | LocalPDR=0.00% (Fwd=0/Rcv=0) | E2E_PDR=0.00% (0/0) | RelayPDR=0.00% (Fwd=0/Rcv=0)
Node 66 | LocalPDR=0.00% (Fwd=0/Rcv=0) | E2E_PDR=0.00% (0/0) | RelayPDR=0.00% (Fwd=0/Rcv=0)
Node 67 | LocalPDR=0.00% (Fwd=0/Rcv=0) | E2E_PDR=0.00% (0/0) | RelayPDR=0.00% (Fwd=0/Rcv=0)
Node 68 | LocalPDR=0.00% (Fwd=0/Rcv=0) | E2E_PDR=0.00% (0/0) | RelayPDR=0.00% (Fwd=0/Rcv=0)
Node 69 | LocalPDR=0.00% (Fwd=0/Rcv=0) | E2E_PDR=0.00% (0/0) | RelayPDR=0.00% (Fwd=0/Rcv=0)
Node 70 | LocalPDR=0.00% (Fwd=0/Rcv=0) | E2E_PDR=0.00% (0/0) | RelayPDR=0.00% (Fwd=0/Rcv=0)
Node 71 | LocalPDR=0.00% (Fwd=0/Rcv=0) | E2E_PDR=0.00% (0/0) | RelayPDR=0.00% (Fwd=0/Rcv=0)
Node 72 | LocalPDR=0.00% (Fwd=0/Rcv=0) | E2E_PDR=0.00% (0/0) | RelayPDR=0.00% (Fwd=0/Rcv=0)
Node 73 | LocalPDR=0.00% (Fwd=0/Rcv=0) | E2E_PDR=0.00% (0/0) | RelayPDR=0.00% (Fwd=0/Rcv=0)
Node 74 | LocalPDR=0.00% (Fwd=0/Rcv=0) | E2E_PDR=0.00% (0/0) | RelayPDR=0.00% (Fwd=0/Rcv=0)
Node 75 | LocalPDR=0.00% (Fwd=0/Rcv=0) | E2E_PDR=0.00% (0/0) | RelayPDR=0.00% (Fwd=0/Rcv=0)
Node 76 | LocalPDR=0.00% (Fwd=0/Rcv=0) | E2E_PDR=0.00% (0/0) | RelayPDR=0.00% (Fwd=0/Rcv=0)
Node 77 | LocalPDR=0.00% (Fwd=0/Rcv=0) | E2E_PDR=0.00% (0/0) | RelayPDR=0.00% (Fwd=0/Rcv=0)
Node 78 | LocalPDR=0.00% (Fwd=0/Rcv=0) | E2E_PDR=0.00% (0/0) | RelayPDR=0.00% (Fwd=0/Rcv=0)
Node 79 | LocalPDR=0.00% (Fwd=0/Rcv=0) | E2E_PDR=0.00% (0/0) | RelayPDR=0.00% (Fwd=0/Rcv=0)
Node 80 | LocalPDR=0.00% (Fwd=0/Rcv=0) | E2E_PDR=0.00% (0/0) | RelayPDR=0.00% (Fwd=0/Rcv=0)
Node 81 | LocalPDR=0.00% (Fwd=0/Rcv=0) | E2E_PDR=0.00% (0/0) | RelayPDR=0.00% (Fwd=0/Rcv=0)
Node 82 | LocalPDR=0.00% (Fwd=0/Rcv=0) | E2E_PDR=0.00% (0/0) | RelayPDR=0.00% (Fwd=0/Rcv=0)
Node 83 | LocalPDR=0.00% (Fwd=0/Rcv=0) | E2E_PDR=0.00% (0/0) | RelayPDR=0.00% (Fwd=0/Rcv=0)
Node 84 | LocalPDR=0.00% (Fwd=0/Rcv=0) | E2E_PDR=0.00% (0/0) | RelayPDR=0.00% (Fwd=0/Rcv=0)
Node 85 | LocalPDR=0.00% (Fwd=0/Rcv=0) | E2E_PDR=0.00% (0/0) | RelayPDR=0.00% (Fwd=0/Rcv=0)
Node 86 | LocalPDR=0.00% (Fwd=0/Rcv=0) | E2E_PDR=0.00% (0/0) | RelayPDR=0.00% (Fwd=0/Rcv=0)
Node 87 | LocalPDR=0.00% (Fwd=0/Rcv=0) | E2E_PDR=0.00% (0/0) | RelayPDR=0.00% (Fwd=0/Rcv=0)
Node 88 | LocalPDR=0.00% (Fwd=0/Rcv=0) | E2E_PDR=0.00% (0/0) | RelayPDR=0.00% (Fwd=0/Rcv=0)
Node 89 | LocalPDR=0.00% (Fwd=0/Rcv=0) | E2E_PDR=0.00% (0/0) | RelayPDR=0.00% (Fwd=0/Rcv=0)
Node 90 | LocalPDR=0.00% (Fwd=0/Rcv=0) | E2E_PDR=0.00% (0/0) | RelayPDR=0.00% (Fwd=0/Rcv=0)
Node 91 | LocalPDR=0.00% (Fwd=0/Rcv=0) | E2E_PDR=0.00% (0/0) | RelayPDR=0.00% (Fwd=0/Rcv=0)
Node 92 | LocalPDR=0.00% (Fwd=0/Rcv=0) | E2E_PDR=0.00% (0/0) | RelayPDR=0.00% (Fwd=0/Rcv=0)
Node 93 | LocalPDR=0.00% (Fwd=0/Rcv=0) | E2E_PDR=0.00% (0/0) | RelayPDR=0.00% (Fwd=0/Rcv=0)
Node 94 | LocalPDR=0.00% (Fwd=0/Rcv=0) | E2E_PDR=0.00% (0/0) | RelayPDR=0.00% (Fwd=0/Rcv=0)
Node 95 | LocalPDR=0.00% (Fwd=0/Rcv=0) | E2E_PDR=0.00% (0/0) | RelayPDR=0.00% (Fwd=0/Rcv=0)
Node 96 | LocalPDR=0.00% (Fwd=0/Rcv=0) | E2E_PDR=0.00% (0/0) | RelayPDR=0.00% (Fwd=0/Rcv=0)
Node 97 | LocalPDR=0.00% (Fwd=0/Rcv=0) | E2E_PDR=0.00% (0/0) | RelayPDR=0.00% (Fwd=0/Rcv=0)
Node 98 | LocalPDR=0.00% (Fwd=0/Rcv=0) | E2E_PDR=0.00% (0/0) | RelayPDR=0.00% (Fwd=0/Rcv=0)
Node 99 | LocalPDR=0.00% (Fwd=0/Rcv=0) | E2E_PDR=0.00% (0/0) | RelayPDR=0.00% (Fwd=0/Rcv=0)
Node 100 | LocalPDR=0.00% (Fwd=0/Rcv=0) | E2E_PDR=0.00% (0/0) | RelayPDR=0.00% (Fwd=0/Rcv=0)
Node 101 | LocalPDR=0.00% (Fwd=0/Rcv=0) | E2E_PDR=0.00% (0/0) | RelayPDR=0.00% (Fwd=0/Rcv=0)
Node 102 | LocalPDR=0.00% (Fwd=0/Rcv=0) | E2E_PDR=0.00% (0/0) | RelayPDR=0.00% (Fwd=0/Rcv=0)
Node 103 | LocalPDR=0.00% (Fwd=0/Rcv=0) | E2E_PDR=0.00% (0/0) | RelayPDR=0.00% (Fwd=0/Rcv=0)
Node 104 | LocalPDR=0.00% (Fwd=0/Rcv=0) | E2E_PDR=0.00% (0/0) | RelayPDR=0.00% (Fwd=0/Rcv=0)
Node 105 | LocalPDR=0.00% (Fwd=0/Rcv=0) | E2E_PDR=0.00% (0/0) | RelayPDR=0.00% (Fwd=0/Rcv=0)
Node 106 | LocalPDR=0.00% (Fwd=0/Rcv=0) | E2E_PDR=0.00% (0/0) | RelayPDR=0.00% (Fwd=0/Rcv=0)
Node 107 | LocalPDR=0.00% (Fwd=0/Rcv=0) | E2E_PDR=0.00% (0/0) | RelayPDR=0.00% (Fwd=0/Rcv=0)
Node 108 | LocalPDR=0.00% (Fwd=0/Rcv=0) | E2E_PDR=0.00% (0/0) | RelayPDR=0.00% (Fwd=0/Rcv=0)
Node 109 | LocalPDR=0.00% (Fwd=0/Rcv=0) | E2E_PDR=0.00% (0/0) | RelayPDR=0.00% (Fwd=0/Rcv=0)
Node 110 | LocalPDR=0.00% (Fwd=0/Rcv=0) | E2E_PDR=0.00% (0/0) | RelayPDR=0.00% (Fwd=0/Rcv=0)
Node 111 | LocalPDR=0.00% (Fwd=0/Rcv=0) | E2E_PDR=0.00% (0/0) | RelayPDR=0.00% (Fwd=0/Rcv=0)
Node 112 | LocalPDR=0.00% (Fwd=0/Rcv=0) | E2E_PDR=0.00% (0/0) | RelayPDR=0.00% (Fwd=0/Rcv=0)
Node 113 | LocalPDR=0.00% (Fwd=0/Rcv=0) | E2E_PDR=0.00% (0/0) | RelayPDR=0.00% (Fwd=0/Rcv=0)
Node 114 | LocalPDR=0.00% (Fwd=0/Rcv=0) | E2E_PDR=0.00% (0/0) | RelayPDR=0.00% (Fwd=0/Rcv=0)
Node 115 | LocalPDR=0.00% (Fwd=0/Rcv=0) | E2E_PDR=0.00% (0/0) | RelayPDR=0.00% (Fwd=0/Rcv=0)
Node 116 | LocalPDR=0.00% (Fwd=0/Rcv=0) | E2E_PDR=0.00% (0/0) | RelayPDR=0.00% (Fwd=0/Rcv=0)
Node 117 | LocalPDR=0.00% (Fwd=0/Rcv=0) | E2E_PDR=0.00% (0/0) | RelayPDR=0.00% (Fwd=0/Rcv=0)
Node 118 | LocalPDR=0.00% (Fwd=0/Rcv=0) | E2E_PDR=0.00% (0/0) | RelayPDR=0.00% (Fwd=0/Rcv=0)
Node 119 | LocalPDR=0.00% (Fwd=0/Rcv=0) | E2E_PDR=0.00% (0/0) | RelayPDR=0.00% (Fwd=0/Rcv=0)
Node 120 | LocalPDR=0.00% (Fwd=0/Rcv=0) | E2E_PDR=0.00% (0/0) | RelayPDR=0.00% (Fwd=0/Rcv=0)
Node 121 | LocalPDR=0.00% (Fwd=0/Rcv=0) | E2E_PDR=0.00% (0/0) | RelayPDR=0.00% (Fwd=0/Rcv=0)
Node 122 | LocalPDR=0.00% (Fwd=0/Rcv=0) | E2E_PDR=0.00% (0/0) | RelayPDR=0.00% (Fwd=0/Rcv=0)
Node 123 | LocalPDR=0.00% (Fwd=0/Rcv=0) | E2E_PDR=0.00% (0/0) | RelayPDR=0.00% (Fwd=0/Rcv=0)
Node 124 | LocalPDR=0.00% (Fwd=0/Rcv=0) | E2E_PDR=0.00% (0/0) | RelayPDR=0.00% (Fwd=0/Rcv=0)
Node 125 | LocalPDR=0.00% (Fwd=0/Rcv=0) | E2E_PDR=0.00% (0/0) | RelayPDR=0.00% (Fwd=0/Rcv=0)
Node 126 | LocalPDR=0.00% (Fwd=0/Rcv=0) | E2E_PDR=0.00% (0/0) | RelayPDR=0.00% (Fwd=0/Rcv=0)
Node 127 | LocalPDR=0.00% (Fwd=0/Rcv=0) | E2E_PDR=0.00% (0/0) | RelayPDR=0.00% (Fwd=0/Rcv=0)
Node 128 | LocalPDR=0.00% (Fwd=0/Rcv=0) | E2E_PDR=0.00% (0/0) | RelayPDR=0.00% (Fwd=0/Rcv=0)
Node 129 | LocalPDR=0.00% (Fwd=0/Rcv=0) | E2E_PDR=0.00% (0/0) | RelayPDR=0.00% (Fwd=0/Rcv=0)
Node 130 | LocalPDR=0.00% (Fwd=0/Rcv=0) | E2E_PDR=0.00% (0/0) | RelayPDR=0.00% (Fwd=0/Rcv=0)
Node 131 | LocalPDR=0.00% (Fwd=0/Rcv=0) | E2E_PDR=0.00% (0/0) | RelayPDR=0.00% (Fwd=0/Rcv=0)
Node 132 | LocalPDR=0.00% (Fwd=0/Rcv=0) | E2E_PDR=0.00% (0/0) | RelayPDR=0.00% (Fwd=0/Rcv=0)
Node 133 | LocalPDR=0.00% (Fwd=0/Rcv=0) | E2E_PDR=0.00% (0/0) | RelayPDR=0.00% (Fwd=0/Rcv=0)
Node 134 | LocalPDR=0.00% (Fwd=0/Rcv=0) | E2E_PDR=0.00% (0/0) | RelayPDR=0.00% (Fwd=0/Rcv=0)
Node 135 | LocalPDR=0.00% (Fwd=0/Rcv=0) | E2E_PDR=0.00% (0/0) | RelayPDR=0.00% (Fwd=0/Rcv=0)
Node 136 | LocalPDR=0.00% (Fwd=0/Rcv=0) | E2E_PDR=0.00% (0/0) | RelayPDR=0.00% (Fwd=0/Rcv=0)
Node 137 | LocalPDR=0.00% (Fwd=0/Rcv=0) | E2E_PDR=0.00% (0/0) | RelayPDR=0.00% (Fwd=0/Rcv=0)
Node 138 | LocalPDR=0.00% (Fwd=0/Rcv=0) | E2E_PDR=0.00% (0/0) | RelayPDR=0.00% (Fwd=0/Rcv=0)
Node 139 | LocalPDR=0.00% (Fwd=0/Rcv=0) | E2E_PDR=0.00% (0/0) | RelayPDR=0.00% (Fwd=0/Rcv=0)
Node 140 | LocalPDR=0.00% (Fwd=0/Rcv=0) | E2E_PDR=0.00% (0/0) | RelayPDR=0.00% (Fwd=0/Rcv=0)
Node 141 | LocalPDR=0.00% (Fwd=0/Rcv=0) | E2E_PDR=0.00% (0/0) | RelayPDR=0.00% (Fwd=0/Rcv=0)
Node 142 | LocalPDR=0.00% (Fwd=0/Rcv=0) | E2E_PDR=0.00% (0/0) | RelayPDR=0.00% (Fwd=0/Rcv=0)
Node 143 | LocalPDR=0.00% (Fwd=0/Rcv=0) | E2E_PDR=0.00% (0/0) | RelayPDR=0.00% (Fwd=0/Rcv=0)
Node 144 | LocalPDR=0.00% (Fwd=0/Rcv=0) | E2E_PDR=0.00% (0/0) | RelayPDR=0.00% (Fwd=0/Rcv=0)
Node 145 | LocalPDR=0.00% (Fwd=0/Rcv=0) | E2E_PDR=0.00% (0/0) | RelayPDR=0.00% (Fwd=0/Rcv=0)
Node 146 | LocalPDR=0.00% (Fwd=0/Rcv=0) | E2E_PDR=0.00% (0/0) | RelayPDR=0.00% (Fwd=0/Rcv=0)
Node 147 | LocalPDR=0.00% (Fwd=0/Rcv=0) | E2E_PDR=0.00% (0/0) | RelayPDR=0.00% (Fwd=0/Rcv=0)
Node 148 | LocalPDR=0.00% (Fwd=0/Rcv=0) | E2E_PDR=0.00% (0/0) | RelayPDR=0.00% (Fwd=0/Rcv=0)
Node 149 | LocalPDR=0.00% (Fwd=0/Rcv=0) | E2E_PDR=0.00% (0/0) | RelayPDR=0.00% (Fwd=0/Rcv=0)
Node 150 | LocalPDR=0.00% (Fwd=0/Rcv=0) | E2E_PDR=0.00% (0/0) | RelayPDR=0.00% (Fwd=0/Rcv=0)
Node 151 | LocalPDR=0.00% (Fwd=0/Rcv=0) | E2E_PDR=0.00% (0/0) | RelayPDR=0.00% (Fwd=0/Rcv=0)
Node 152 | LocalPDR=0.00% (Fwd=0/Rcv=0) | E2E_PDR=0.00% (0/0) | RelayPDR=0.00% (Fwd=0/Rcv=0)
Node 153 | LocalPDR=0.00% (Fwd=0/Rcv=0) | E2E_PDR=0.00% (0/0) | RelayPDR=0.00% (Fwd=0/Rcv=0)
Node 154 | LocalPDR=0.00% (Fwd=0/Rcv=0) | E2E_PDR=0.00% (0/0) | RelayPDR=0.00% (Fwd=0/Rcv=0)
Node 155 | LocalPDR=0.00% (Fwd=0/Rcv=0) | E2E_PDR=0.00% (0/0) | RelayPDR=0.00% (Fwd=0/Rcv=0)
Node 156 | LocalPDR=0.00% (Fwd=0/Rcv=0) | E2E_PDR=0.00% (0/0) | RelayPDR=0.00% (Fwd=0/Rcv=0)
Node 157 | LocalPDR=0.00% (Fwd=0/Rcv=0) | E2E_PDR=0.00% (0/0) | RelayPDR=0.00% (Fwd=0/Rcv=0)
Node 158 | LocalPDR=0.00% (Fwd=0/Rcv=0) | E2E_PDR=0.00% (0/0) | RelayPDR=0.00% (Fwd=0/Rcv=0)
Node 159 | LocalPDR=0.00% (Fwd=0/Rcv=0) | E2E_PDR=0.00% (0/0) | RelayPDR=0.00% (Fwd=0/Rcv=0)
Node 160 | LocalPDR=0.00% (Fwd=0/Rcv=0) | E2E_PDR=0.00% (0/0) | RelayPDR=0.00% (Fwd=0/Rcv=0)
Node 161 | LocalPDR=0.00% (Fwd=0/Rcv=0) | E2E_PDR=0.00% (0/0) | RelayPDR=0.00% (Fwd=0/Rcv=0)
Node 162 | LocalPDR=0.00% (Fwd=0/Rcv=0) | E2E_PDR=0.00% (0/0) | RelayPDR=0.00% (Fwd=0/Rcv=0)
Node 163 | LocalPDR=0.00% (Fwd=0/Rcv=0) | E2E_PDR=0.00% (0/0) | RelayPDR=0.00% (Fwd=0/Rcv=0)
Node 164 | LocalPDR=0.00% (Fwd=0/Rcv=0) | E2E_PDR=0.00% (0/0) | RelayPDR=0.00% (Fwd=0/Rcv=0)
Node 165 | LocalPDR=0.00% (Fwd=0/Rcv=0) | E2E_PDR=0.00% (0/0) | RelayPDR=0.00% (Fwd=0/Rcv=0)
Node 166 | LocalPDR=0.00% (Fwd=0/Rcv=0) | E2E_PDR=0.00% (0/0) | RelayPDR=0.00% (Fwd=0/Rcv=0)
Node 167 | LocalPDR=0.00% (Fwd=0/Rcv=0) | E2E_PDR=0.00% (0/0) | RelayPDR=0.00% (Fwd=0/Rcv=0)
Node 168 | LocalPDR=0.00% (Fwd=0/Rcv=0) | E2E_PDR=0.00% (0/0) | RelayPDR=0.00% (Fwd=0/Rcv=0)
Node 169 | LocalPDR=0.00% (Fwd=0/Rcv=0) | E2E_PDR=0.00% (0/0) | RelayPDR=0.00% (Fwd=0/Rcv=0)
Node 170 | LocalPDR=0.00% (Fwd=0/Rcv=0) | E2E_PDR=0.00% (0/0) | RelayPDR=0.00% (Fwd=0/Rcv=0)
Node 171 | LocalPDR=0.00% (Fwd=0/Rcv=0) | E2E_PDR=0.00% (0/0) | RelayPDR=0.00% (Fwd=0/Rcv=0)
Node 172 | LocalPDR=0.00% (Fwd=0/Rcv=0) | E2E_PDR=0.00% (0/0) | RelayPDR=0.00% (Fwd=0/Rcv=0)
Node 173 | LocalPDR=0.00% (Fwd=0/Rcv=0) | E2E_PDR=0.00% (0/0) | RelayPDR=0.00% (Fwd=0/Rcv=0)
Node 174 | LocalPDR=0.00% (Fwd=0/Rcv=0) | E2E_PDR=0.00% (0/0) | RelayPDR=0.00% (Fwd=0/Rcv=0)
Node 175 | LocalPDR=0.00% (Fwd=0/Rcv=0) | E2E_PDR=0.00% (0/0) | RelayPDR=0.00% (Fwd=0/Rcv=0)
Node 176 | LocalPDR=0.00% (Fwd=0/Rcv=0) | E2E_PDR=0.00% (0/0) | RelayPDR=0.00% (Fwd=0/Rcv=0)
Node 177 | LocalPDR=0.00% (Fwd=0/Rcv=0) | E2E_PDR=0.00% (0/0) | RelayPDR=0.00% (Fwd=0/Rcv=0)
Node 178 | LocalPDR=0.00% (Fwd=0/Rcv=0) | E2E_PDR=0.00% (0/0) | RelayPDR=0.00% (Fwd=0/Rcv=0)
Node 179 | LocalPDR=0.00% (Fwd=0/Rcv=0) | E2E_PDR=0.00% (0/0) | RelayPDR=0.00% (Fwd=0/Rcv=0)
Node 180 | LocalPDR=0.00% (Fwd=0/Rcv=0) | E2E_PDR=0.00% (0/0) | RelayPDR=0.00% (Fwd=0/Rcv=0)
Node 181 | LocalPDR=0.00% (Fwd=0/Rcv=0) | E2E_PDR=0.00% (0/0) | RelayPDR=0.00% (Fwd=0/Rcv=0)
Node 182 | LocalPDR=0.00% (Fwd=0/Rcv=0) | E2E_PDR=0.00% (0/0) | RelayPDR=0.00% (Fwd=0/Rcv=0)
Node 183 | LocalPDR=0.00% (Fwd=0/Rcv=0) | E2E_PDR=0.00% (0/0) | RelayPDR=0.00% (Fwd=0/Rcv=0)
Node 184 | LocalPDR=0.00% (Fwd=0/Rcv=0) | E2E_PDR=0.00% (0/0) | RelayPDR=0.00% (Fwd=0/Rcv=0)
Node 185 | LocalPDR=0.00% (Fwd=0/Rcv=0) | E2E_PDR=0.00% (0/0) | RelayPDR=0.00% (Fwd=0/Rcv=0)
Node 186 | LocalPDR=0.00% (Fwd=0/Rcv=0) | E2E_PDR=0.00% (0/0) | RelayPDR=0.00% (Fwd=0/Rcv=0)
Node 187 | LocalPDR=0.00% (Fwd=0/Rcv=0) | E2E_PDR=0.00% (0/0) | RelayPDR=0.00% (Fwd=0/Rcv=0)
Node 188 | LocalPDR=0.00% (Fwd=0/Rcv=0) | E2E_PDR=0.00% (0/0) | RelayPDR=0.00% (Fwd=0/Rcv=0)
Node 189 | LocalPDR=0.00% (Fwd=0/Rcv=0) | E2E_PDR=0.00% (0/0) | RelayPDR=0.00% (Fwd=0/Rcv=0)
Node 190 | LocalPDR=0.00% (Fwd=0/Rcv=0) | E2E_PDR=0.00% (0/0) | RelayPDR=0.00% (Fwd=0/Rcv=0)
Node 191 | LocalPDR=0.00% (Fwd=0/Rcv=0) | E2E_PDR=0.00% (0/0) | RelayPDR=0.00% (Fwd=0/Rcv=0)
Node 192 | LocalPDR=0.00% (Fwd=0/Rcv=0) | E2E_PDR=0.00% (0/0) | RelayPDR=0.00% (Fwd=0/Rcv=0)
Node 193 | LocalPDR=0.00% (Fwd=0/Rcv=0) | E2E_PDR=0.00% (0/0) | RelayPDR=0.00% (Fwd=0/Rcv=0)
Node 194 | LocalPDR=0.00% (Fwd=0/Rcv=0) | E2E_PDR=0.00% (0/0) | RelayPDR=0.00% (Fwd=0/Rcv=0)
Node 195 | LocalPDR=0.00% (Fwd=0/Rcv=0) | E2E_PDR=0.00% (0/0) | RelayPDR=0.00% (Fwd=0/Rcv=0)
Node 196 | LocalPDR=0.00% (Fwd=0/Rcv=0) | E2E_PDR=0.00% (0/0) | RelayPDR=0.00% (Fwd=0/Rcv=0)
Node 197 | LocalPDR=0.00% (Fwd=0/Rcv=0) | E2E_PDR=0.00% (0/0) | RelayPDR=0.00% (Fwd=0/Rcv=0)
Node 198 | LocalPDR=0.00% (Fwd=0/Rcv=0) | E2E_PDR=0.00% (0/0) | RelayPDR=0.00% (Fwd=0/Rcv=0)
Node 199 | LocalPDR=0.00% (Fwd=0/Rcv=0) | E2E_PDR=0.00% (0/0) | RelayPDR=0.00% (Fwd=0/Rcv=0)
Node 200 | LocalPDR=0.00% (Fwd=0/Rcv=0) | E2E_PDR=0.00% (0/0) | RelayPDR=0.00% (Fwd=0/Rcv=0)
Node 201 | LocalPDR=0.00% (Fwd=0/Rcv=0) | E2E_PDR=0.00% (0/0) | RelayPDR=0.00% (Fwd=0/Rcv=0)
Node 202 | LocalPDR=0.00% (Fwd=0/Rcv=0) | E2E_PDR=0.00% (0/0) | RelayPDR=0.00% (Fwd=0/Rcv=0)
Node 203 | LocalPDR=0.00% (Fwd=0/Rcv=0) | E2E_PDR=0.00% (0/0) | RelayPDR=0.00% (Fwd=0/Rcv=0)
Node 204 | LocalPDR=0.00% (Fwd=0/Rcv=0) | E2E_PDR=0.00% (0/0) | RelayPDR=0.00% (Fwd=0/Rcv=0)
====================
written to file successfully
[CQ8] window=1 node=7 cum_received=13 cum_forwarded=3
[CQ8] window=1 node=8 cum_received=8 cum_forwarded=5
[CQ8] window=1 node=9 cum_received=5 cum_forwarded=0
[CQ8] window=1 node=10 cum_received=1 cum_forwarded=1
[CQ8] window=1 node=11 cum_received=1 cum_forwarded=0
Solution at nodes cleared at 2.00
sent all flow data from node 16
current time is 2.00
At controller: updated flow source 6to destination 9flow size 3packet size 750QoS 1
At controller: updated flow source 7to destination 10flow size 3packet size 750QoS 1
At controller: updated flow source 8to destination 11flow size 1packet size 750QoS 1
At controller: updated flow source 9to destination 12flow size 0packet size 750QoS 1
At controller: updated flow source 10to destination 13flow size 1packet size 750QoS 1
At controller: updated flow source 11to destination 14flow size 1packet size 750QoS 1
At controller: updated flow source 12to destination 15flow size 3packet size 750QoS 1
At controller: updated flow source 13to destination 6flow size 0packet size 750QoS 1
At controller: updated flow source 14to destination 7flow size 3packet size 750QoS 1
At controller: updated flow source 15to destination 8flow size 2packet size 750QoS 1
At controller: updated flow source 6to destination 9flow size 3packet size 750QoS 1
At controller: updated flow source 7to destination 10flow size 1packet size 750QoS 1
Retransmission packet dropped for flow id 2packet ID: 3
Retransmission packet dropped for flow id 2packet ID: 2
link lifetime optimization beginning at 2.03
finished writing link lifetime status at2.03
Set parameter Username
Set parameter Threads to value 1
delay is 4142
reading lifetime from csv at2.03
link lifetime conversion finished at+2034600000.00ns
updating flows - path finding at2.03
Routing stable: Number of stable paths from source: 6to destination 9is 0 at timestamp 2.03
Routing stable: Number of stable paths from source: 7to destination 10is 5 at timestamp 2.03
Routing stable: Number of stable paths from source: 8to destination 11is 1 at timestamp 2.03
Routing stable: Number of stable paths from source: 9to destination 12is 1 at timestamp 2.03
Routing stable: Number of stable paths from source: 10to destination 13is 1 at timestamp 2.03
Routing stable: Number of stable paths from source: 11to destination 14is 3 at timestamp 2.03
Routing stable: Number of stable paths from source: 12to destination 15is 1 at timestamp 2.03
Routing stable: Number of stable paths from source: 13to destination 6is 0 at timestamp 2.03
Routing stable: Number of stable paths from source: 14to destination 7is 4 at timestamp 2.03
Routing stable: Number of stable paths from source: 15to destination 8is 3 at timestamp 2.03
Routing stable: Number of stable paths from source: 6to destination 9is 0 at timestamp 2.03
Routing stable: Number of stable paths from source: 7to destination 10is 5 at timestamp 2.03
[FLOW3-DEBUG] filter_flows flow_id=0 paths=0 t=2.04
[FLOW3-DEBUG] filter_flows flow_id=1 paths=5 t=2.04
[FLOW3-DEBUG] filter_flows flow_id=2 paths=1 t=2.04
[FLOW3-DEBUG] filter_flows flow_id=3 paths=1 t=2.04
[FLOW3-DEBUG] filter_flows flow_id=4 paths=1 t=2.04
[FLOW3-DEBUG] filter_flows flow_id=5 paths=3 t=2.04
[FLOW3-DEBUG] filter_flows flow_id=6 paths=1 t=2.04
[FLOW3-DEBUG] filter_flows flow_id=7 paths=0 t=2.04
[FLOW3-DEBUG] filter_flows flow_id=8 paths=4 t=2.04
[FLOW3-DEBUG] filter_flows flow_id=9 paths=3 t=2.04
[FLOW3-DEBUG] filter_flows flow_id=10 paths=0 t=2.04
[FLOW3-DEBUG] filter_flows flow_id=11 paths=5 t=2.04
Number of connected flows 9at timestamp 2.04
DEBUG matrix values:
  [0][1] = 31622768.86
  [1][0] = 31622768.86
  [1][2] = 31622768.86
  [2][1] = 31622768.86
  [2][3] = 31622768.86
  [3][2] = 31622768.86
  [3][4] = 31622768.86
  [4][3] = 31622768.86
  [4][5] = 31622768.86
  [5][4] = 31622768.86
  [5][6] = 31622768.86
  [6][5] = 31622768.86
  [7][8] = 31622768.86
  [7][14] = 31622768.86
  [7][16] = 8.65
  [8][7] = 31622768.86
  [8][9] = 31622768.86
  [8][15] = 31622768.86
  [8][16] = 1.10
  [9][8] = 31622768.86
  [9][10] = 31622768.86
  [10][9] = 31622768.86
  [10][11] = 31622768.86
  [11][10] = 31622768.86
  [11][12] = 31622768.86
  [12][11] = 31622768.86
  [12][13] = 31622768.86
  [13][12] = 31622768.86
  [14][7] = 31622768.86
  [14][15] = 31622768.86
  [14][16] = 4.10
  [15][8] = 31622768.86
  [15][14] = 31622768.86
  [16][7] = 8.65
  [16][8] = 1.10
  [16][14] = 4.10
DEBUG threshold: 0.40
DEBUG max lifetime in matrix: 31622768.86
DEBUG matrix size: 17
Proposed RL started at 2.04
1
1
1
1
1
1
1
1
1
1
1
1
Proposed RL learning finished at 2.04
Transmitting delta values at2.04
CP-TS TAMPER (target flow=0): node=0 flow=0 t=2.04
CP-TS NO TAMPER (non-target flow): node=0 flow=1
CP-TS NO TAMPER (non-target flow): node=0 flow=2
CP-TS NO TAMPER (non-target flow): node=0 flow=3
CP-TS NO TAMPER (non-target flow): node=0 flow=4
CP-TS NO TAMPER (non-target flow): node=0 flow=5
CP-TS NO TAMPER (non-target flow): node=0 flow=6
CP-TS NO TAMPER (non-target flow): node=0 flow=7
CP-TS NO TAMPER (non-target flow): node=0 flow=8
CP-TS NO TAMPER (non-target flow): node=0 flow=9
CP-TS NO TAMPER (non-target flow): node=0 flow=10
CP-TS NO TAMPER (non-target flow): node=0 flow=11
CP-TS TAMPER (target flow=0): node=1 flow=0 t=2.04
CP-TS NO TAMPER (non-target flow): node=1 flow=1
CP-TS NO TAMPER (non-target flow): node=1 flow=2
CP-TS NO TAMPER (non-target flow): node=1 flow=3
CP-TS NO TAMPER (non-target flow): node=1 flow=4
CP-TS NO TAMPER (non-target flow): node=1 flow=5
CP-TS NO TAMPER (non-target flow): node=1 flow=6
CP-TS NO TAMPER (non-target flow): node=1 flow=7
CP-TS NO TAMPER (non-target flow): node=1 flow=8
CP-TS NO TAMPER (non-target flow): node=1 flow=9
CP-TS NO TAMPER (non-target flow): node=1 flow=10
CP-TS NO TAMPER (non-target flow): node=1 flow=11
CP-TS TAMPER (target flow=0): node=4 flow=0 t=2.04
CP-TS NO TAMPER (non-target flow): node=4 flow=1
CP-TS NO TAMPER (non-target flow): node=4 flow=2
CP-TS NO TAMPER (non-target flow): node=4 flow=3
CP-TS NO TAMPER (non-target flow): node=4 flow=4
CP-TS NO TAMPER (non-target flow): node=4 flow=5
CP-TS NO TAMPER (non-target flow): node=4 flow=6
CP-TS NO TAMPER (non-target flow): node=4 flow=7
CP-TS NO TAMPER (non-target flow): node=4 flow=8
CP-TS NO TAMPER (non-target flow): node=4 flow=9
CP-TS NO TAMPER (non-target flow): node=4 flow=10
CP-TS NO TAMPER (non-target flow): node=4 flow=11
CP-TS TAMPER (target flow=0): node=5 flow=0 t=2.04
CP-TS NO TAMPER (non-target flow): node=5 flow=1
CP-TS NO TAMPER (non-target flow): node=5 flow=2
CP-TS NO TAMPER (non-target flow): node=5 flow=3
CP-TS NO TAMPER (non-target flow): node=5 flow=4
CP-TS NO TAMPER (non-target flow): node=5 flow=5
CP-TS NO TAMPER (non-target flow): node=5 flow=6
CP-TS NO TAMPER (non-target flow): node=5 flow=7
CP-TS NO TAMPER (non-target flow): node=5 flow=8
CP-TS NO TAMPER (non-target flow): node=5 flow=9
CP-TS NO TAMPER (non-target flow): node=5 flow=10
CP-TS NO TAMPER (non-target flow): node=5 flow=11
CP-TS TAMPER (target flow=0): node=8 flow=0 t=2.04
CP-TS NO TAMPER (non-target flow): node=8 flow=1
CP-TS NO TAMPER (non-target flow): node=8 flow=2
CP-TS NO TAMPER (non-target flow): node=8 flow=3
CP-TS NO TAMPER (non-target flow): node=8 flow=4
CP-TS NO TAMPER (non-target flow): node=8 flow=5
CP-TS NO TAMPER (non-target flow): node=8 flow=6
CP-TS NO TAMPER (non-target flow): node=8 flow=7
CP-TS NO TAMPER (non-target flow): node=8 flow=8
CP-TS NO TAMPER (non-target flow): node=8 flow=9
CP-TS NO TAMPER (non-target flow): node=8 flow=10
CP-TS NO TAMPER (non-target flow): node=8 flow=11
CP-TS TAMPER (target flow=0): node=9 flow=0 t=2.04
CP-TS NO TAMPER (non-target flow): node=9 flow=1
CP-TS NO TAMPER (non-target flow): node=9 flow=2
CP-TS NO TAMPER (non-target flow): node=9 flow=3
CP-TS NO TAMPER (non-target flow): node=9 flow=4
CP-TS NO TAMPER (non-target flow): node=9 flow=5
CP-TS NO TAMPER (non-target flow): node=9 flow=6
CP-TS NO TAMPER (non-target flow): node=9 flow=7
CP-TS NO TAMPER (non-target flow): node=9 flow=8
CP-TS NO TAMPER (non-target flow): node=9 flow=9
CP-TS NO TAMPER (non-target flow): node=9 flow=10
CP-TS NO TAMPER (non-target flow): node=9 flow=11
CP-TS TAMPER (target flow=0): node=12 flow=0 t=2.04
CP-TS NO TAMPER (non-target flow): node=12 flow=1
CP-TS NO TAMPER (non-target flow): node=12 flow=2
CP-TS NO TAMPER (non-target flow): node=12 flow=3
CP-TS NO TAMPER (non-target flow): node=12 flow=4
CP-TS NO TAMPER (non-target flow): node=12 flow=5
CP-TS NO TAMPER (non-target flow): node=12 flow=6
CP-TS NO TAMPER (non-target flow): node=12 flow=7
CP-TS NO TAMPER (non-target flow): node=12 flow=8
CP-TS NO TAMPER (non-target flow): node=12 flow=9
CP-TS NO TAMPER (non-target flow): node=12 flow=10
CP-TS NO TAMPER (non-target flow): node=12 flow=11
CP-TS TAMPER (target flow=0): node=13 flow=0 t=2.04
CP-TS NO TAMPER (non-target flow): node=13 flow=1
CP-TS NO TAMPER (non-target flow): node=13 flow=2
CP-TS NO TAMPER (non-target flow): node=13 flow=3
CP-TS NO TAMPER (non-target flow): node=13 flow=4
CP-TS NO TAMPER (non-target flow): node=13 flow=5
CP-TS NO TAMPER (non-target flow): node=13 flow=6
CP-TS NO TAMPER (non-target flow): node=13 flow=7
CP-TS NO TAMPER (non-target flow): node=13 flow=8
CP-TS NO TAMPER (non-target flow): node=13 flow=9
CP-TS NO TAMPER (non-target flow): node=13 flow=10
CP-TS NO TAMPER (non-target flow): node=13 flow=11
Initialized flow counters at 2.10
[CQ1] flow=0 t=2.10 f_size=0 total_load=0.00 total_packets_this_cycle=0 data_transmission_period=1.00
flow id 0sub flow load is 0.00 next hop 0packets 0
flow id 0sub flow load is 0.00 next hop 1packets 0
flow id 0sub flow load is 0.00 next hop 2packets 0
flow id 0sub flow load is 0.00 next hop 3packets 0
flow id 0sub flow load is 0.00 next hop 4packets 0
flow id 0sub flow load is 0.00 next hop 5packets 0
flow id 0sub flow load is 0.00 next hop 6packets 0
flow id 0sub flow load is 0.00 next hop 7packets 0
flow id 0sub flow load is 0.00 next hop 8packets 0
flow id 0sub flow load is 0.00 next hop 9packets 0
flow id 0sub flow load is 0.00 next hop 10packets 0
flow id 0sub flow load is 0.00 next hop 11packets 0
flow id 0sub flow load is 0.00 next hop 12packets 0
flow id 0sub flow load is 0.00 next hop 13packets 0
flow id 0sub flow load is 0.00 next hop 14packets 0
flow id 0sub flow load is 0.00 next hop 15packets 0
flow id 0sub flow load is 0.00 next hop 16packets 0
Flow id 0 scheduled 0total packets from 6
[CQ1] flow=1 t=2.10 f_size=3 total_load=1.00 total_packets_this_cycle=3 data_transmission_period=1.00
flow id 1sub flow load is 0.00 next hop 0packets 0
flow id 1sub flow load is 0.00 next hop 1packets 0
flow id 1sub flow load is 0.00 next hop 2packets 0
flow id 1sub flow load is 0.00 next hop 3packets 0
flow id 1sub flow load is 0.00 next hop 4packets 0
flow id 1sub flow load is 0.00 next hop 5packets 0
flow id 1sub flow load is 0.00 next hop 6packets 0
flow id 1sub flow load is 0.00 next hop 7packets 0
flow id 1sub flow load is 0.00 next hop 9packets 0
flow id 1sub flow load is 0.00 next hop 10packets 0
flow id 1sub flow load is 0.00 next hop 11packets 0
flow id 1sub flow load is 0.00 next hop 12packets 0
flow id 1sub flow load is 0.00 next hop 13packets 0
flow id 1sub flow load is 0.00 next hop 15packets 0
flow id 1sub flow load is 0.24 next hop 16packets 0
flow id 1sub flow load is 0.33 next hop 8packets 0
flow id 1sub flow load is 0.43 next hop 14packets 3
scheduled in channel 3
scheduled in channel 2
scheduled in channel 1
Flow id 1 scheduled 3total packets from 7
[CQ1] flow=2 t=2.10 f_size=1 total_load=1.00 total_packets_this_cycle=1 data_transmission_period=1.00
flow id 2sub flow load is 0.00 next hop 0packets 0
flow id 2sub flow load is 0.00 next hop 1packets 0
flow id 2sub flow load is 0.00 next hop 2packets 0
flow id 2sub flow load is 0.00 next hop 3packets 0
flow id 2sub flow load is 0.00 next hop 4packets 0
flow id 2sub flow load is 0.00 next hop 5packets 0
flow id 2sub flow load is 0.00 next hop 6packets 0
flow id 2sub flow load is 0.00 next hop 7packets 0
flow id 2sub flow load is 0.00 next hop 8packets 0
flow id 2sub flow load is 0.00 next hop 10packets 0
flow id 2sub flow load is 0.00 next hop 11packets 0
flow id 2sub flow load is 0.00 next hop 12packets 0
flow id 2sub flow load is 0.00 next hop 13packets 0
flow id 2sub flow load is 0.00 next hop 14packets 0
flow id 2sub flow load is 0.00 next hop 15packets 0
flow id 2sub flow load is 0.00 next hop 16packets 0
flow id 2sub flow load is 1.00 next hop 9packets 1
scheduled in channel 1
Flow id 2 scheduled 1total packets from 8
[CQ1] flow=3 t=2.10 f_size=0 total_load=0.00 total_packets_this_cycle=0 data_transmission_period=1.00
flow id 3sub flow load is 0.00 next hop 0packets 0
flow id 3sub flow load is 0.00 next hop 1packets 0
flow id 3sub flow load is 0.00 next hop 2packets 0
flow id 3sub flow load is 0.00 next hop 3packets 0
flow id 3sub flow load is 0.00 next hop 4packets 0
flow id 3sub flow load is 0.00 next hop 5packets 0
flow id 3sub flow load is 0.00 next hop 6packets 0
flow id 3sub flow load is 0.00 next hop 7packets 0
flow id 3sub flow load is 0.00 next hop 8packets 0
flow id 3sub flow load is 0.00 next hop 9packets 0
flow id 3sub flow load is 0.00 next hop 10packets 0
flow id 3sub flow load is 0.00 next hop 11packets 0
flow id 3sub flow load is 0.00 next hop 12packets 0
flow id 3sub flow load is 0.00 next hop 13packets 0
flow id 3sub flow load is 0.00 next hop 14packets 0
flow id 3sub flow load is 0.00 next hop 15packets 0
flow id 3sub flow load is 0.00 next hop 16packets 0
Flow id 3 scheduled 0total packets from 9
[CQ1] flow=4 t=2.10 f_size=1 total_load=1.00 total_packets_this_cycle=1 data_transmission_period=1.00
flow id 4sub flow load is 0.00 next hop 0packets 0
flow id 4sub flow load is 0.00 next hop 1packets 0
flow id 4sub flow load is 0.00 next hop 2packets 0
flow id 4sub flow load is 0.00 next hop 3packets 0
flow id 4sub flow load is 0.00 next hop 4packets 0
flow id 4sub flow load is 0.00 next hop 5packets 0
flow id 4sub flow load is 0.00 next hop 6packets 0
flow id 4sub flow load is 0.00 next hop 7packets 0
flow id 4sub flow load is 0.00 next hop 8packets 0
flow id 4sub flow load is 0.00 next hop 9packets 0
flow id 4sub flow load is 0.00 next hop 10packets 0
flow id 4sub flow load is 0.00 next hop 12packets 0
flow id 4sub flow load is 0.00 next hop 13packets 0
flow id 4sub flow load is 0.00 next hop 14packets 0
flow id 4sub flow load is 0.00 next hop 15packets 0
flow id 4sub flow load is 0.00 next hop 16packets 0
flow id 4sub flow load is 1.00 next hop 11packets 1
scheduled in channel 1
Flow id 4 scheduled 1total packets from 10
[CQ1] flow=5 t=2.10 f_size=1 total_load=1.00 total_packets_this_cycle=1 data_transmission_period=1.00
flow id 5sub flow load is 0.00 next hop 0packets 0
flow id 5sub flow load is 0.00 next hop 1packets 0
flow id 5sub flow load is 0.00 next hop 2packets 0
flow id 5sub flow load is 0.00 next hop 3packets 0
flow id 5sub flow load is 0.00 next hop 4packets 0
flow id 5sub flow load is 0.00 next hop 5packets 0
flow id 5sub flow load is 0.00 next hop 6packets 0
flow id 5sub flow load is 0.00 next hop 7packets 0
flow id 5sub flow load is 0.00 next hop 8packets 0
flow id 5sub flow load is 0.00 next hop 9packets 0
flow id 5sub flow load is 0.00 next hop 11packets 0
flow id 5sub flow load is 0.00 next hop 12packets 0
flow id 5sub flow load is 0.00 next hop 13packets 0
flow id 5sub flow load is 0.00 next hop 14packets 0
flow id 5sub flow load is 0.00 next hop 15packets 0
flow id 5sub flow load is 0.00 next hop 16packets 0
flow id 5sub flow load is 1.00 next hop 10packets 1
scheduled in channel 1
Flow id 5 scheduled 1total packets from 11
[CQ1] flow=6 t=2.10 f_size=3 total_load=1.00 total_packets_this_cycle=3 data_transmission_period=1.00
flow id 6sub flow load is 0.00 next hop 0packets 0
flow id 6sub flow load is 0.00 next hop 1packets 0
flow id 6sub flow load is 0.00 next hop 2packets 0
flow id 6sub flow load is 0.00 next hop 3packets 0
flow id 6sub flow load is 0.00 next hop 4packets 0
flow id 6sub flow load is 0.00 next hop 5packets 0
flow id 6sub flow load is 0.00 next hop 6packets 0
flow id 6sub flow load is 0.00 next hop 7packets 0
flow id 6sub flow load is 0.00 next hop 8packets 0
flow id 6sub flow load is 0.00 next hop 9packets 0
flow id 6sub flow load is 0.00 next hop 10packets 0
flow id 6sub flow load is 0.00 next hop 12packets 0
flow id 6sub flow load is 0.00 next hop 13packets 0
flow id 6sub flow load is 0.00 next hop 14packets 0
flow id 6sub flow load is 0.00 next hop 15packets 0
flow id 6sub flow load is 0.00 next hop 16packets 0
flow id 6sub flow load is 1.00 next hop 11packets 3
scheduled in channel 1
Flow id 6 scheduled 3total packets from 12
[CQ1] flow=7 t=2.10 f_size=0 total_load=0.00 total_packets_this_cycle=0 data_transmission_period=1.00
flow id 7sub flow load is 0.00 next hop 0packets 0
flow id 7sub flow load is 0.00 next hop 1packets 0
flow id 7sub flow load is 0.00 next hop 2packets 0
flow id 7sub flow load is 0.00 next hop 3packets 0
flow id 7sub flow load is 0.00 next hop 4packets 0
flow id 7sub flow load is 0.00 next hop 5packets 0
flow id 7sub flow load is 0.00 next hop 6packets 0
flow id 7sub flow load is 0.00 next hop 7packets 0
flow id 7sub flow load is 0.00 next hop 8packets 0
flow id 7sub flow load is 0.00 next hop 9packets 0
flow id 7sub flow load is 0.00 next hop 10packets 0
flow id 7sub flow load is 0.00 next hop 11packets 0
flow id 7sub flow load is 0.00 next hop 12packets 0
flow id 7sub flow load is 0.00 next hop 13packets 0
flow id 7sub flow load is 0.00 next hop 14packets 0
flow id 7sub flow load is 0.00 next hop 15packets 0
flow id 7sub flow load is 0.00 next hop 16packets 0
Flow id 7 scheduled 0total packets from 13
[CQ1] flow=8 t=2.10 f_size=3 total_load=1.00 total_packets_this_cycle=4 data_transmission_period=1.00
flow id 8sub flow load is 0.00 next hop 0packets 0
flow id 8sub flow load is 0.00 next hop 1packets 0
flow id 8sub flow load is 0.00 next hop 2packets 0
flow id 8sub flow load is 0.00 next hop 3packets 0
flow id 8sub flow load is 0.00 next hop 4packets 0
flow id 8sub flow load is 0.00 next hop 5packets 0
flow id 8sub flow load is 0.00 next hop 6packets 0
flow id 8sub flow load is 0.00 next hop 7packets 0
flow id 8sub flow load is 0.00 next hop 8packets 0
flow id 8sub flow load is 0.00 next hop 9packets 0
flow id 8sub flow load is 0.00 next hop 10packets 0
flow id 8sub flow load is 0.00 next hop 11packets 0
flow id 8sub flow load is 0.00 next hop 12packets 0
flow id 8sub flow load is 0.00 next hop 13packets 0
flow id 8sub flow load is 0.00 next hop 14packets 0
flow id 8sub flow load is 0.44 next hop 16packets 1
flow id 8sub flow load is 0.56 next hop 15packets 3
scheduled in channel 2
scheduled in channel 1
Flow id 8 scheduled 4total packets from 14
[CQ1] flow=9 t=2.10 f_size=2 total_load=1.00 total_packets_this_cycle=2 data_transmission_period=1.00
flow id 9sub flow load is 0.00 next hop 0packets 0
flow id 9sub flow load is 0.00 next hop 1packets 0
flow id 9sub flow load is 0.00 next hop 2packets 0
flow id 9sub flow load is 0.00 next hop 3packets 0
flow id 9sub flow load is 0.00 next hop 4packets 0
flow id 9sub flow load is 0.00 next hop 5packets 0
flow id 9sub flow load is 0.00 next hop 6packets 0
flow id 9sub flow load is 0.00 next hop 7packets 0
flow id 9sub flow load is 0.00 next hop 8packets 0
flow id 9sub flow load is 0.00 next hop 9packets 0
flow id 9sub flow load is 0.00 next hop 10packets 0
flow id 9sub flow load is 0.00 next hop 11packets 0
flow id 9sub flow load is 0.00 next hop 12packets 0
flow id 9sub flow load is 0.00 next hop 13packets 0
flow id 9sub flow load is 0.00 next hop 15packets 0
flow id 9sub flow load is 0.00 next hop 16packets 0
flow id 9sub flow load is 1.00 next hop 14packets 2
scheduled in channel 1
Flow id 9 scheduled 2total packets from 15
[CQ1] flow=10 t=2.10 f_size=0 total_load=0.00 total_packets_this_cycle=0 data_transmission_period=1.00
flow id 10sub flow load is 0.00 next hop 0packets 0
flow id 10sub flow load is 0.00 next hop 1packets 0
flow id 10sub flow load is 0.00 next hop 2packets 0
flow id 10sub flow load is 0.00 next hop 3packets 0
flow id 10sub flow load is 0.00 next hop 4packets 0
flow id 10sub flow load is 0.00 next hop 5packets 0
flow id 10sub flow load is 0.00 next hop 6packets 0
flow id 10sub flow load is 0.00 next hop 7packets 0
flow id 10sub flow load is 0.00 next hop 8packets 0
flow id 10sub flow load is 0.00 next hop 9packets 0
flow id 10sub flow load is 0.00 next hop 10packets 0
flow id 10sub flow load is 0.00 next hop 11packets 0
flow id 10sub flow load is 0.00 next hop 12packets 0
flow id 10sub flow load is 0.00 next hop 13packets 0
flow id 10sub flow load is 0.00 next hop 14packets 0
flow id 10sub flow load is 0.00 next hop 15packets 0
flow id 10sub flow load is 0.00 next hop 16packets 0
Flow id 10 scheduled 0total packets from 6
[CQ1] flow=11 t=2.10 f_size=1 total_load=1.00 total_packets_this_cycle=1 data_transmission_period=1.00
flow id 11sub flow load is 0.00 next hop 0packets 0
flow id 11sub flow load is 0.00 next hop 1packets 0
flow id 11sub flow load is 0.00 next hop 2packets 0
flow id 11sub flow load is 0.00 next hop 3packets 0
flow id 11sub flow load is 0.00 next hop 4packets 0
flow id 11sub flow load is 0.00 next hop 5packets 0
flow id 11sub flow load is 0.00 next hop 6packets 0
flow id 11sub flow load is 0.00 next hop 7packets 0
flow id 11sub flow load is 0.00 next hop 9packets 0
flow id 11sub flow load is 0.00 next hop 10packets 0
flow id 11sub flow load is 0.00 next hop 11packets 0
flow id 11sub flow load is 0.00 next hop 12packets 0
flow id 11sub flow load is 0.00 next hop 13packets 0
flow id 11sub flow load is 0.00 next hop 15packets 0
flow id 11sub flow load is 0.27 next hop 16packets 0
flow id 11sub flow load is 0.31 next hop 8packets 0
flow id 11sub flow load is 0.41 next hop 14packets 1
scheduled in channel 3
scheduled in channel 2
scheduled in channel 1
Flow id 11 scheduled 1total packets from 7
ATTACK PLACE 1: packet FORWARDED node=14 flow=8 packetID=1 t=2.13
ATTACK PLACE 2: retransmit FORWARDED node=15 flow=8 packetID=1 t=2.13
DP-FR DROP: node=8 flow=8 t=2.13
ATTACK PLACE 2: retransmit DROPPED node=8 flow=8 packetID=1 t=2.13
ATTACK PLACE 1: packet FORWARDED node=14 flow=8 packetID=2 t=2.17
ATTACK PLACE 2: retransmit FORWARDED node=15 flow=8 packetID=2 t=2.18
DP-FR FORWARD: node=7 flow=1 t=2.23
ATTACK PLACE 1: packet FORWARDED node=7 flow=1 packetID=1 t=2.23
ATTACK PLACE 2: retransmit FORWARDED node=14 flow=1 packetID=1 t=2.23
ATTACK PLACE 2: retransmit FORWARDED node=15 flow=1 packetID=1 t=2.23
DP-FR DROP: node=8 flow=1 t=2.23
ATTACK PLACE 2: retransmit DROPPED node=8 flow=1 packetID=1 t=2.23
DP-FR FORWARD: node=7 flow=1 t=2.27
ATTACK PLACE 1: packet FORWARDED node=7 flow=1 packetID=2 t=2.27
ATTACK PLACE 2: retransmit FORWARDED node=14 flow=1 packetID=2 t=2.27
ATTACK PLACE 2: retransmit FORWARDED node=15 flow=1 packetID=2 t=2.27
DP-FR DROP: node=7 flow=1 t=2.31
ATTACK PLACE 1: packet DROPPED node=7 flow=1 packetID=3 t=2.31
DP-FR FORWARD: node=7 flow=1 t=2.32
ATTACK PLACE 1: packet FORWARDED node=7 flow=1 packetID=3 t=2.32
ATTACK PLACE 2: retransmit FORWARDED node=14 flow=1 packetID=3 t=2.32
ATTACK PLACE 2: retransmit FORWARDED node=15 flow=1 packetID=3 t=2.32
DP-FR FORWARD: node=8 flow=2 t=2.36
ATTACK PLACE 1: packet FORWARDED node=8 flow=2 packetID=1 t=2.36
DP-FR DROP: node=9 flow=2 t=2.36
ATTACK PLACE 2: retransmit DROPPED node=9 flow=2 packetID=1 t=2.36
DP-FR DROP: node=7 flow=11 t=2.51
ATTACK PLACE 1: packet DROPPED node=7 flow=11 packetID=1 t=2.51
DP-FR FORWARD: node=7 flow=11 t=2.52
ATTACK PLACE 1: packet FORWARDED node=7 flow=11 packetID=1 t=2.52
ATTACK PLACE 2: retransmit FORWARDED node=16 flow=11 packetID=1 t=2.52
DP-FR DROP: node=8 flow=11 t=2.52
ATTACK PLACE 2: retransmit DROPPED node=8 flow=11 packetID=1 t=2.52
DP-FR FORWARD: node=7 flow=11 t=2.54
ATTACK PLACE 1: packet FORWARDED node=7 flow=11 packetID=2 t=2.54
DP-FR DROP: node=8 flow=11 t=2.54
ATTACK PLACE 2: retransmit DROPPED node=8 flow=11 packetID=2 t=2.54
DP-FR DROP: node=10 flow=4 t=2.61
ATTACK PLACE 1: packet DROPPED node=10 flow=4 packetID=1 t=2.61
DP-FR DROP: node=10 flow=4 t=2.62
ATTACK PLACE 1: packet DROPPED node=10 flow=4 packetID=1 t=2.62
DP-FR DROP: node=10 flow=4 t=2.62
ATTACK PLACE 1: packet DROPPED node=10 flow=4 packetID=1 t=2.62
DP-FR FORWARD: node=10 flow=4 t=2.62
ATTACK PLACE 1: packet FORWARDED node=10 flow=4 packetID=1 t=2.62
DP-FR DROP: node=11 flow=4 t=2.62
ATTACK PLACE 2: retransmit DROPPED node=11 flow=4 packetID=1 t=2.62
DP-FR DROP: node=11 flow=5 t=2.74
ATTACK PLACE 1: packet DROPPED node=11 flow=5 packetID=1 t=2.74
DP-FR DROP: node=11 flow=5 t=2.75
ATTACK PLACE 1: packet DROPPED node=11 flow=5 packetID=1 t=2.75
DP-FR FORWARD: node=11 flow=5 t=2.75
ATTACK PLACE 1: packet FORWARDED node=11 flow=5 packetID=1 t=2.75
DP-FR FORWARD: node=10 flow=5 t=2.75
ATTACK PLACE 2: retransmit FORWARDED node=10 flow=5 packetID=1 t=2.75
DP-FR FORWARD: node=9 flow=5 t=2.75
ATTACK PLACE 2: retransmit FORWARDED node=9 flow=5 packetID=1 t=2.75
DP-FR DROP: node=8 flow=5 t=2.75
ATTACK PLACE 2: retransmit DROPPED node=8 flow=5 packetID=1 t=2.75
ATTACK PLACE 1: packet FORWARDED node=12 flow=6 packetID=1 t=2.87
DP-FR DROP: node=11 flow=6 t=2.87
ATTACK PLACE 2: retransmit DROPPED node=11 flow=6 packetID=1 t=2.87
ATTACK PLACE 1: packet FORWARDED node=12 flow=6 packetID=2 t=2.92
ATTACK PLACE 1: packet FORWARDED node=12 flow=6 packetID=3 t=2.96
[PDQ4] t=3.00 flow0_source=6 flow0_dest=9 direct_source_to_dest_lifetime=0.00 | source's_live_neighbor_lifetimes: 5(ll=3.16228e+07) 
average_latency 0.00 ms
[LW-CP-Det] Controller 0 SUSPECTED — S4:1 S5:0 S6:1
[SHIELD-GH][CP] Controller 0 grey-hole flow rule detected | S4=1 S5=0 S6=1 | Tc=0.30 | truth=MALICIOUS | t=3.00
[SHIELD-GH][CP-MIT] Controller 0 FAILOVER — Tc=0.30 < θc=0.40 | RSU threshold FlowMod 3/3 co-signed, quorum_ok=1 | whitelist-only rules reinstalled | t=3.00
[LW-CP-Det] Controller 1 SUSPECTED — S4:1 S5:0 S6:1
[SHIELD-GH][CP] Controller 1 grey-hole flow rule detected | S4=1 S5=0 S6=1 | Tc=0.30 | truth=MALICIOUS | t=3.00
[SHIELD-GH][CP-MIT] Controller 1 FAILOVER — Tc=0.30 < θc=0.40 | RSU threshold FlowMod 3/3 co-signed, quorum_ok=1 | whitelist-only rules reinstalled | t=3.00
[DX3-rcv0fallback] node=6 window=1 t=3.00 flagged=0
[MATD-DEBUG] node=7 maxspeed_kmh=90 speed_mps=25.00 t=3.00
[DQ5] node=7 window=1 t=3.00 R_i=0.47
[LW-DP-Det] Node 7 t=3.00 tau_f_eff=0.75 SUSPECTED — S1:1 S2:0 S3:0 corrPDR=0.40 variance=0.06
[DQ3] node=7 t=3.00 S_total=1.00 R_i=0.47 score=0.81 y_hat=1
[RQ1] node=7 t=3.00 y_hat=1
[RQ3] node=7 t=3.00 enable_matd=0 obs_pdr=0.71 corr_pdr=0.71
[NQ1/NQ2] node=7 t=3.00 rcv=7 response=RATE_LIMIT should_isolate=0 isolated=0
[NQ7/NQ12] node=7 t=3.00 lambda=2 lambda1=2 lambda2=5 Ri_decayed=0.47 statistical_gate=1 zkp_gate_enabled=1 zkp_cached=1 zkp_proof=PASS
[ZQ2/ZQ3] node=7 t=3.00 zkp_cum_received=20 zkp_cum_forwarded=8
[SHIELD-GH] Node 7 RATE-LIMITED | Λ=2
[MATD-DEBUG] node=8 maxspeed_kmh=90 speed_mps=25.00 t=3.00
[DQ5] node=8 window=1 t=3.00 R_i=0.39
[LW-DP-Det] Node 8 t=3.00 tau_f_eff=0.75 SUSPECTED — S1:1 S2:0 S3:0 corrPDR=0.35 variance=0.07
[DQ3] node=8 t=3.00 S_total=1.00 R_i=0.39 score=0.84 y_hat=1
[RQ1] node=8 t=3.00 y_hat=1
[RQ3] node=8 t=3.00 enable_matd=0 obs_pdr=0.11 corr_pdr=0.11
[NQ1/NQ2] node=8 t=3.00 rcv=9 response=RATE_LIMIT should_isolate=0 isolated=0
[NQ7/NQ12] node=8 t=3.00 lambda=2 lambda1=2 lambda2=5 Ri_decayed=0.39 statistical_gate=1 zkp_gate_enabled=1 zkp_cached=1 zkp_proof=PASS
[ZQ2/ZQ3] node=8 t=3.00 zkp_cum_received=17 zkp_cum_forwarded=6
[SHIELD-GH] Node 8 RATE-LIMITED | Λ=2
[MATD-DEBUG] node=9 maxspeed_kmh=90 speed_mps=25.00 t=3.00
[DQ5] node=9 window=1 t=3.00 R_i=0.32
[LW-DP-Det] Node 9 t=3.00 tau_f_eff=0.75 SUSPECTED — S1:1 S2:0 S3:0 corrPDR=0.14 variance=0.07
[DQ3] node=9 t=3.00 S_total=1.00 R_i=0.32 score=0.87 y_hat=1
[RQ1] node=9 t=3.00 y_hat=1
[RQ3] node=9 t=3.00 enable_matd=0 obs_pdr=0.50 corr_pdr=0.50
[NQ1/NQ2] node=9 t=3.00 rcv=2 response=RATE_LIMIT should_isolate=0 isolated=0
[NQ7/NQ12] node=9 t=3.00 lambda=2 lambda1=2 lambda2=5 Ri_decayed=0.32 statistical_gate=1 zkp_gate_enabled=1 zkp_cached=1 zkp_proof=PASS
[ZQ2/ZQ3] node=9 t=3.00 zkp_cum_received=7 zkp_cum_forwarded=1
[SHIELD-GH] Node 9 RATE-LIMITED | Λ=2
[MATD-DEBUG] node=10 maxspeed_kmh=90 speed_mps=25.00 t=3.00
[DQ5] node=10 window=1 t=3.00 R_i=0.55
[LW-DP-Det] Node 10 t=3.00 tau_f_eff=0.75 SUSPECTED — S1:1 S2:0 S3:0 corrPDR=0.50 variance=0.13
[DQ3] node=10 t=3.00 S_total=1.00 R_i=0.55 score=0.78 y_hat=1
[RQ1] node=10 t=3.00 y_hat=1
[RQ3] node=10 t=3.00 enable_matd=0 obs_pdr=0.40 corr_pdr=0.40
[NQ1/NQ2] node=10 t=3.00 rcv=5 response=RATE_LIMIT should_isolate=0 isolated=0
[NQ7/NQ12] node=10 t=3.00 lambda=2 lambda1=2 lambda2=5 Ri_decayed=0.55 statistical_gate=1 zkp_gate_enabled=1 zkp_cached=1 zkp_proof=PASS
[ZQ2/ZQ3] node=10 t=3.00 zkp_cum_received=6 zkp_cum_forwarded=3
[SHIELD-GH] Node 10 RATE-LIMITED | Λ=2
[NQ2-rcv] node=11 t=3.00 rcv=7
[MATD-DEBUG] node=11 maxspeed_kmh=90 speed_mps=25.00 t=3.00
[DQ5] node=11 window=1 t=3.00 R_i=0.28
[LW-DP-Det] Node 11 t=3.00 tau_f_eff=0.75 SUSPECTED — S1:1 S2:0 S3:0 corrPDR=0.12 variance=0.01
[DQ3] node=11 t=3.00 S_total=1.00 R_i=0.28 score=0.89 y_hat=1
[RQ1] node=11 t=3.00 y_hat=1
[RQ3] node=11 t=3.00 enable_matd=0 obs_pdr=0.14 corr_pdr=0.14
[NQ1/NQ2] node=11 t=3.00 rcv=7 response=RATE_LIMIT should_isolate=0 isolated=0
[NQ7/NQ12] node=11 t=3.00 lambda=2 lambda1=2 lambda2=5 Ri_decayed=0.28 statistical_gate=1 zkp_gate_enabled=1 zkp_cached=1 zkp_proof=PASS
[ZQ2/ZQ3] node=11 t=3.00 zkp_cum_received=8 zkp_cum_forwarded=1
[SHIELD-GH] Node 11 RATE-LIMITED | Λ=2
[MATD-DEBUG] node=12 maxspeed_kmh=90 speed_mps=25.00 t=3.00
[NQ5] node=12 t=3.00 rcv=3 obs_pdr=1.00 corr_pdr=1.00
[DX2] node=12 t=3.00 S_total=0.00 R_i=0.80 score=0.08 y_hat=0
[RQ1] node=12 t=3.00 y_hat=0
[RQ3] node=12 t=3.00 enable_matd=0 obs_pdr=1.00 corr_pdr=1.00
[MATD-DEBUG] node=14 maxspeed_kmh=90 speed_mps=25.00 t=3.00
[NQ5] node=14 t=3.00 rcv=5 obs_pdr=1.00 corr_pdr=1.00
[DX2] node=14 t=3.00 S_total=0.00 R_i=0.76 score=0.10 y_hat=0
[RQ1] node=14 t=3.00 y_hat=0
[RQ3] node=14 t=3.00 enable_matd=0 obs_pdr=1.00 corr_pdr=1.00
[MATD-DEBUG] node=15 maxspeed_kmh=90 speed_mps=25.00 t=3.00
[NQ5] node=15 t=3.00 rcv=5 obs_pdr=1.00 corr_pdr=1.00
[DX2] node=15 t=3.00 S_total=0.00 R_i=0.76 score=0.10 y_hat=0
[RQ1] node=15 t=3.00 y_hat=0
[RQ3] node=15 t=3.00 enable_matd=0 obs_pdr=1.00 corr_pdr=1.00
=== SHIELD-GH DETECTION METRICS (node-level) ===
  Node TP=5 TN=10 FP=0 FN=1
  M1a Detection Accuracy: 93.75%
  M1b MCC: 0.87
  M2  False Positive Rate: 0.00%
================================================
average packet delivery ratio is 0.00
average jitter is 0.00
average load balance is 96.52
TP=0.00 TN=0.00 FP=15.00 FN=0.00
M1a Detection Accuracy: 0.00%
M1b MCC: 0.00
M2 False Positive Rate: 100.00%
M4a Detection Latency: 0.00 ms
M4b Mitigation Response Time: 0.00 ms
=== Per Node PDR ===
Node 0 | LocalPDR=0.00% (Fwd=0/Rcv=0) | E2E_PDR=0.00% (0/0) | RelayPDR=0.00% (Fwd=0/Rcv=15)
Node 1 | LocalPDR=0.00% (Fwd=0/Rcv=0) | E2E_PDR=0.00% (0/0) | RelayPDR=0.00% (Fwd=0/Rcv=15)
Node 2 | LocalPDR=0.00% (Fwd=0/Rcv=0) | E2E_PDR=0.00% (0/0) | RelayPDR=0.00% (Fwd=0/Rcv=15)
Node 3 | LocalPDR=0.00% (Fwd=0/Rcv=0) | E2E_PDR=0.00% (0/0) | RelayPDR=0.00% (Fwd=0/Rcv=15)
Node 4 | LocalPDR=0.00% (Fwd=0/Rcv=0) | E2E_PDR=0.00% (0/0) | RelayPDR=0.00% (Fwd=0/Rcv=15)
Node 5 | LocalPDR=0.00% (Fwd=0/Rcv=0) | E2E_PDR=0.00% (0/0) | RelayPDR=0.00% (Fwd=0/Rcv=15)
Node 6 | LocalPDR=0.00% (Fwd=0/Rcv=0) | E2E_PDR=0.00% (0/0) | RelayPDR=0.00% (Fwd=0/Rcv=15) [DP-ATTACKER] [CP-ATTACKER]
Node 7 | LocalPDR=71.43% (Fwd=5/Rcv=7) | E2E_PDR=0.00% (0/4) | RelayPDR=0.00% (Fwd=0/Rcv=8) [DP-ATTACKER] [CP-ATTACKER]
Node 8 | LocalPDR=11.11% (Fwd=1/Rcv=9) | E2E_PDR=0.00% (0/1) | RelayPDR=0.00% (Fwd=0/Rcv=12) [DP-ATTACKER] [CP-ATTACKER]
Node 9 | LocalPDR=50.00% (Fwd=1/Rcv=2) | E2E_PDR=0.00% (0/0) | RelayPDR=0.00% (Fwd=0/Rcv=15) [DP-ATTACKER]
Node 10 | LocalPDR=40.00% (Fwd=2/Rcv=5) | E2E_PDR=0.00% (0/1) | RelayPDR=0.00% (Fwd=0/Rcv=10) [DP-ATTACKER] [CP-ATTACKER]
Node 11 | LocalPDR=14.29% (Fwd=1/Rcv=7) | E2E_PDR=0.00% (0/1) | RelayPDR=0.00% (Fwd=0/Rcv=13) [DP-ATTACKER] [CP-ATTACKER]
Node 12 | LocalPDR=100.00% (Fwd=3/Rcv=3) | E2E_PDR=0.00% (0/3) | RelayPDR=0.00% (Fwd=0/Rcv=12) [CP-ATTACKER]
Node 13 | LocalPDR=0.00% (Fwd=0/Rcv=0) | E2E_PDR=0.00% (0/0) | RelayPDR=0.00% (Fwd=0/Rcv=14)
Node 14 | LocalPDR=100.00% (Fwd=5/Rcv=5) | E2E_PDR=0.00% (0/3) | RelayPDR=0.00% (Fwd=0/Rcv=11) [CP-ATTACKER]
Node 15 | LocalPDR=100.00% (Fwd=5/Rcv=5) | E2E_PDR=0.00% (0/2) | RelayPDR=0.00% (Fwd=0/Rcv=10) [CP-ATTACKER]
Node 16 | LocalPDR=100.00% (Fwd=1/Rcv=1) | E2E_PDR=0.00% (0/0) | RelayPDR=0.00% (Fwd=0/Rcv=0)
Node 17 | LocalPDR=0.00% (Fwd=0/Rcv=0) | E2E_PDR=0.00% (0/0) | RelayPDR=0.00% (Fwd=0/Rcv=0)
Node 18 | LocalPDR=0.00% (Fwd=0/Rcv=0) | E2E_PDR=0.00% (0/0) | RelayPDR=0.00% (Fwd=0/Rcv=0)
Node 19 | LocalPDR=0.00% (Fwd=0/Rcv=0) | E2E_PDR=0.00% (0/0) | RelayPDR=0.00% (Fwd=0/Rcv=0)
Node 20 | LocalPDR=0.00% (Fwd=0/Rcv=0) | E2E_PDR=0.00% (0/0) | RelayPDR=0.00% (Fwd=0/Rcv=0)
Node 21 | LocalPDR=0.00% (Fwd=0/Rcv=0) | E2E_PDR=0.00% (0/0) | RelayPDR=0.00% (Fwd=0/Rcv=0)
Node 22 | LocalPDR=0.00% (Fwd=0/Rcv=0) | E2E_PDR=0.00% (0/0) | RelayPDR=0.00% (Fwd=0/Rcv=0)
Node 23 | LocalPDR=0.00% (Fwd=0/Rcv=0) | E2E_PDR=0.00% (0/0) | RelayPDR=0.00% (Fwd=0/Rcv=0)
Node 24 | LocalPDR=0.00% (Fwd=0/Rcv=0) | E2E_PDR=0.00% (0/0) | RelayPDR=0.00% (Fwd=0/Rcv=0)
Node 25 | LocalPDR=0.00% (Fwd=0/Rcv=0) | E2E_PDR=0.00% (0/0) | RelayPDR=0.00% (Fwd=0/Rcv=0)
Node 26 | LocalPDR=0.00% (Fwd=0/Rcv=0) | E2E_PDR=0.00% (0/0) | RelayPDR=0.00% (Fwd=0/Rcv=0)
Node 27 | LocalPDR=0.00% (Fwd=0/Rcv=0) | E2E_PDR=0.00% (0/0) | RelayPDR=0.00% (Fwd=0/Rcv=0)
Node 28 | LocalPDR=0.00% (Fwd=0/Rcv=0) | E2E_PDR=0.00% (0/0) | RelayPDR=0.00% (Fwd=0/Rcv=0)
Node 29 | LocalPDR=0.00% (Fwd=0/Rcv=0) | E2E_PDR=0.00% (0/0) | RelayPDR=0.00% (Fwd=0/Rcv=0)
Node 30 | LocalPDR=0.00% (Fwd=0/Rcv=0) | E2E_PDR=0.00% (0/0) | RelayPDR=0.00% (Fwd=0/Rcv=0)
Node 31 | LocalPDR=0.00% (Fwd=0/Rcv=0) | E2E_PDR=0.00% (0/0) | RelayPDR=0.00% (Fwd=0/Rcv=0)
Node 32 | LocalPDR=0.00% (Fwd=0/Rcv=0) | E2E_PDR=0.00% (0/0) | RelayPDR=0.00% (Fwd=0/Rcv=0)
Node 33 | LocalPDR=0.00% (Fwd=0/Rcv=0) | E2E_PDR=0.00% (0/0) | RelayPDR=0.00% (Fwd=0/Rcv=0)
Node 34 | LocalPDR=0.00% (Fwd=0/Rcv=0) | E2E_PDR=0.00% (0/0) | RelayPDR=0.00% (Fwd=0/Rcv=0)
Node 35 | LocalPDR=0.00% (Fwd=0/Rcv=0) | E2E_PDR=0.00% (0/0) | RelayPDR=0.00% (Fwd=0/Rcv=0)
Node 36 | LocalPDR=0.00% (Fwd=0/Rcv=0) | E2E_PDR=0.00% (0/0) | RelayPDR=0.00% (Fwd=0/Rcv=0)
Node 37 | LocalPDR=0.00% (Fwd=0/Rcv=0) | E2E_PDR=0.00% (0/0) | RelayPDR=0.00% (Fwd=0/Rcv=0)
Node 38 | LocalPDR=0.00% (Fwd=0/Rcv=0) | E2E_PDR=0.00% (0/0) | RelayPDR=0.00% (Fwd=0/Rcv=0)
Node 39 | LocalPDR=0.00% (Fwd=0/Rcv=0) | E2E_PDR=0.00% (0/0) | RelayPDR=0.00% (Fwd=0/Rcv=0)
Node 40 | LocalPDR=0.00% (Fwd=0/Rcv=0) | E2E_PDR=0.00% (0/0) | RelayPDR=0.00% (Fwd=0/Rcv=0)
Node 41 | LocalPDR=0.00% (Fwd=0/Rcv=0) | E2E_PDR=0.00% (0/0) | RelayPDR=0.00% (Fwd=0/Rcv=0)
Node 42 | LocalPDR=0.00% (Fwd=0/Rcv=0) | E2E_PDR=0.00% (0/0) | RelayPDR=0.00% (Fwd=0/Rcv=0)
Node 43 | LocalPDR=0.00% (Fwd=0/Rcv=0) | E2E_PDR=0.00% (0/0) | RelayPDR=0.00% (Fwd=0/Rcv=0)
Node 44 | LocalPDR=0.00% (Fwd=0/Rcv=0) | E2E_PDR=0.00% (0/0) | RelayPDR=0.00% (Fwd=0/Rcv=0)
Node 45 | LocalPDR=0.00% (Fwd=0/Rcv=0) | E2E_PDR=0.00% (0/0) | RelayPDR=0.00% (Fwd=0/Rcv=0)
Node 46 | LocalPDR=0.00% (Fwd=0/Rcv=0) | E2E_PDR=0.00% (0/0) | RelayPDR=0.00% (Fwd=0/Rcv=0)
Node 47 | LocalPDR=0.00% (Fwd=0/Rcv=0) | E2E_PDR=0.00% (0/0) | RelayPDR=0.00% (Fwd=0/Rcv=0)
Node 48 | LocalPDR=0.00% (Fwd=0/Rcv=0) | E2E_PDR=0.00% (0/0) | RelayPDR=0.00% (Fwd=0/Rcv=0)
Node 49 | LocalPDR=0.00% (Fwd=0/Rcv=0) | E2E_PDR=0.00% (0/0) | RelayPDR=0.00% (Fwd=0/Rcv=0)
Node 50 | LocalPDR=0.00% (Fwd=0/Rcv=0) | E2E_PDR=0.00% (0/0) | RelayPDR=0.00% (Fwd=0/Rcv=0)
Node 51 | LocalPDR=0.00% (Fwd=0/Rcv=0) | E2E_PDR=0.00% (0/0) | RelayPDR=0.00% (Fwd=0/Rcv=0)
Node 52 | LocalPDR=0.00% (Fwd=0/Rcv=0) | E2E_PDR=0.00% (0/0) | RelayPDR=0.00% (Fwd=0/Rcv=0)
Node 53 | LocalPDR=0.00% (Fwd=0/Rcv=0) | E2E_PDR=0.00% (0/0) | RelayPDR=0.00% (Fwd=0/Rcv=0)
Node 54 | LocalPDR=0.00% (Fwd=0/Rcv=0) | E2E_PDR=0.00% (0/0) | RelayPDR=0.00% (Fwd=0/Rcv=0)
Node 55 | LocalPDR=0.00% (Fwd=0/Rcv=0) | E2E_PDR=0.00% (0/0) | RelayPDR=0.00% (Fwd=0/Rcv=0)
Node 56 | LocalPDR=0.00% (Fwd=0/Rcv=0) | E2E_PDR=0.00% (0/0) | RelayPDR=0.00% (Fwd=0/Rcv=0)
Node 57 | LocalPDR=0.00% (Fwd=0/Rcv=0) | E2E_PDR=0.00% (0/0) | RelayPDR=0.00% (Fwd=0/Rcv=0)
Node 58 | LocalPDR=0.00% (Fwd=0/Rcv=0) | E2E_PDR=0.00% (0/0) | RelayPDR=0.00% (Fwd=0/Rcv=0)
Node 59 | LocalPDR=0.00% (Fwd=0/Rcv=0) | E2E_PDR=0.00% (0/0) | RelayPDR=0.00% (Fwd=0/Rcv=0)
Node 60 | LocalPDR=0.00% (Fwd=0/Rcv=0) | E2E_PDR=0.00% (0/0) | RelayPDR=0.00% (Fwd=0/Rcv=0)
Node 61 | LocalPDR=0.00% (Fwd=0/Rcv=0) | E2E_PDR=0.00% (0/0) | RelayPDR=0.00% (Fwd=0/Rcv=0)
Node 62 | LocalPDR=0.00% (Fwd=0/Rcv=0) | E2E_PDR=0.00% (0/0) | RelayPDR=0.00% (Fwd=0/Rcv=0)
Node 63 | LocalPDR=0.00% (Fwd=0/Rcv=0) | E2E_PDR=0.00% (0/0) | RelayPDR=0.00% (Fwd=0/Rcv=0)
Node 64 | LocalPDR=0.00% (Fwd=0/Rcv=0) | E2E_PDR=0.00% (0/0) | RelayPDR=0.00% (Fwd=0/Rcv=0)
Node 65 | LocalPDR=0.00% (Fwd=0/Rcv=0) | E2E_PDR=0.00% (0/0) | RelayPDR=0.00% (Fwd=0/Rcv=0)
Node 66 | LocalPDR=0.00% (Fwd=0/Rcv=0) | E2E_PDR=0.00% (0/0) | RelayPDR=0.00% (Fwd=0/Rcv=0)
Node 67 | LocalPDR=0.00% (Fwd=0/Rcv=0) | E2E_PDR=0.00% (0/0) | RelayPDR=0.00% (Fwd=0/Rcv=0)
Node 68 | LocalPDR=0.00% (Fwd=0/Rcv=0) | E2E_PDR=0.00% (0/0) | RelayPDR=0.00% (Fwd=0/Rcv=0)
Node 69 | LocalPDR=0.00% (Fwd=0/Rcv=0) | E2E_PDR=0.00% (0/0) | RelayPDR=0.00% (Fwd=0/Rcv=0)
Node 70 | LocalPDR=0.00% (Fwd=0/Rcv=0) | E2E_PDR=0.00% (0/0) | RelayPDR=0.00% (Fwd=0/Rcv=0)
Node 71 | LocalPDR=0.00% (Fwd=0/Rcv=0) | E2E_PDR=0.00% (0/0) | RelayPDR=0.00% (Fwd=0/Rcv=0)
Node 72 | LocalPDR=0.00% (Fwd=0/Rcv=0) | E2E_PDR=0.00% (0/0) | RelayPDR=0.00% (Fwd=0/Rcv=0)
Node 73 | LocalPDR=0.00% (Fwd=0/Rcv=0) | E2E_PDR=0.00% (0/0) | RelayPDR=0.00% (Fwd=0/Rcv=0)
Node 74 | LocalPDR=0.00% (Fwd=0/Rcv=0) | E2E_PDR=0.00% (0/0) | RelayPDR=0.00% (Fwd=0/Rcv=0)
Node 75 | LocalPDR=0.00% (Fwd=0/Rcv=0) | E2E_PDR=0.00% (0/0) | RelayPDR=0.00% (Fwd=0/Rcv=0)
Node 76 | LocalPDR=0.00% (Fwd=0/Rcv=0) | E2E_PDR=0.00% (0/0) | RelayPDR=0.00% (Fwd=0/Rcv=0)
Node 77 | LocalPDR=0.00% (Fwd=0/Rcv=0) | E2E_PDR=0.00% (0/0) | RelayPDR=0.00% (Fwd=0/Rcv=0)
Node 78 | LocalPDR=0.00% (Fwd=0/Rcv=0) | E2E_PDR=0.00% (0/0) | RelayPDR=0.00% (Fwd=0/Rcv=0)
Node 79 | LocalPDR=0.00% (Fwd=0/Rcv=0) | E2E_PDR=0.00% (0/0) | RelayPDR=0.00% (Fwd=0/Rcv=0)
Node 80 | LocalPDR=0.00% (Fwd=0/Rcv=0) | E2E_PDR=0.00% (0/0) | RelayPDR=0.00% (Fwd=0/Rcv=0)
Node 81 | LocalPDR=0.00% (Fwd=0/Rcv=0) | E2E_PDR=0.00% (0/0) | RelayPDR=0.00% (Fwd=0/Rcv=0)
Node 82 | LocalPDR=0.00% (Fwd=0/Rcv=0) | E2E_PDR=0.00% (0/0) | RelayPDR=0.00% (Fwd=0/Rcv=0)
Node 83 | LocalPDR=0.00% (Fwd=0/Rcv=0) | E2E_PDR=0.00% (0/0) | RelayPDR=0.00% (Fwd=0/Rcv=0)
Node 84 | LocalPDR=0.00% (Fwd=0/Rcv=0) | E2E_PDR=0.00% (0/0) | RelayPDR=0.00% (Fwd=0/Rcv=0)
Node 85 | LocalPDR=0.00% (Fwd=0/Rcv=0) | E2E_PDR=0.00% (0/0) | RelayPDR=0.00% (Fwd=0/Rcv=0)
Node 86 | LocalPDR=0.00% (Fwd=0/Rcv=0) | E2E_PDR=0.00% (0/0) | RelayPDR=0.00% (Fwd=0/Rcv=0)
Node 87 | LocalPDR=0.00% (Fwd=0/Rcv=0) | E2E_PDR=0.00% (0/0) | RelayPDR=0.00% (Fwd=0/Rcv=0)
Node 88 | LocalPDR=0.00% (Fwd=0/Rcv=0) | E2E_PDR=0.00% (0/0) | RelayPDR=0.00% (Fwd=0/Rcv=0)
Node 89 | LocalPDR=0.00% (Fwd=0/Rcv=0) | E2E_PDR=0.00% (0/0) | RelayPDR=0.00% (Fwd=0/Rcv=0)
Node 90 | LocalPDR=0.00% (Fwd=0/Rcv=0) | E2E_PDR=0.00% (0/0) | RelayPDR=0.00% (Fwd=0/Rcv=0)
Node 91 | LocalPDR=0.00% (Fwd=0/Rcv=0) | E2E_PDR=0.00% (0/0) | RelayPDR=0.00% (Fwd=0/Rcv=0)
Node 92 | LocalPDR=0.00% (Fwd=0/Rcv=0) | E2E_PDR=0.00% (0/0) | RelayPDR=0.00% (Fwd=0/Rcv=0)
Node 93 | LocalPDR=0.00% (Fwd=0/Rcv=0) | E2E_PDR=0.00% (0/0) | RelayPDR=0.00% (Fwd=0/Rcv=0)
Node 94 | LocalPDR=0.00% (Fwd=0/Rcv=0) | E2E_PDR=0.00% (0/0) | RelayPDR=0.00% (Fwd=0/Rcv=0)
Node 95 | LocalPDR=0.00% (Fwd=0/Rcv=0) | E2E_PDR=0.00% (0/0) | RelayPDR=0.00% (Fwd=0/Rcv=0)
Node 96 | LocalPDR=0.00% (Fwd=0/Rcv=0) | E2E_PDR=0.00% (0/0) | RelayPDR=0.00% (Fwd=0/Rcv=0)
Node 97 | LocalPDR=0.00% (Fwd=0/Rcv=0) | E2E_PDR=0.00% (0/0) | RelayPDR=0.00% (Fwd=0/Rcv=0)
Node 98 | LocalPDR=0.00% (Fwd=0/Rcv=0) | E2E_PDR=0.00% (0/0) | RelayPDR=0.00% (Fwd=0/Rcv=0)
Node 99 | LocalPDR=0.00% (Fwd=0/Rcv=0) | E2E_PDR=0.00% (0/0) | RelayPDR=0.00% (Fwd=0/Rcv=0)
Node 100 | LocalPDR=0.00% (Fwd=0/Rcv=0) | E2E_PDR=0.00% (0/0) | RelayPDR=0.00% (Fwd=0/Rcv=0)
Node 101 | LocalPDR=0.00% (Fwd=0/Rcv=0) | E2E_PDR=0.00% (0/0) | RelayPDR=0.00% (Fwd=0/Rcv=0)
Node 102 | LocalPDR=0.00% (Fwd=0/Rcv=0) | E2E_PDR=0.00% (0/0) | RelayPDR=0.00% (Fwd=0/Rcv=0)
Node 103 | LocalPDR=0.00% (Fwd=0/Rcv=0) | E2E_PDR=0.00% (0/0) | RelayPDR=0.00% (Fwd=0/Rcv=0)
Node 104 | LocalPDR=0.00% (Fwd=0/Rcv=0) | E2E_PDR=0.00% (0/0) | RelayPDR=0.00% (Fwd=0/Rcv=0)
Node 105 | LocalPDR=0.00% (Fwd=0/Rcv=0) | E2E_PDR=0.00% (0/0) | RelayPDR=0.00% (Fwd=0/Rcv=0)
Node 106 | LocalPDR=0.00% (Fwd=0/Rcv=0) | E2E_PDR=0.00% (0/0) | RelayPDR=0.00% (Fwd=0/Rcv=0)
Node 107 | LocalPDR=0.00% (Fwd=0/Rcv=0) | E2E_PDR=0.00% (0/0) | RelayPDR=0.00% (Fwd=0/Rcv=0)
Node 108 | LocalPDR=0.00% (Fwd=0/Rcv=0) | E2E_PDR=0.00% (0/0) | RelayPDR=0.00% (Fwd=0/Rcv=0)
Node 109 | LocalPDR=0.00% (Fwd=0/Rcv=0) | E2E_PDR=0.00% (0/0) | RelayPDR=0.00% (Fwd=0/Rcv=0)
Node 110 | LocalPDR=0.00% (Fwd=0/Rcv=0) | E2E_PDR=0.00% (0/0) | RelayPDR=0.00% (Fwd=0/Rcv=0)
Node 111 | LocalPDR=0.00% (Fwd=0/Rcv=0) | E2E_PDR=0.00% (0/0) | RelayPDR=0.00% (Fwd=0/Rcv=0)
Node 112 | LocalPDR=0.00% (Fwd=0/Rcv=0) | E2E_PDR=0.00% (0/0) | RelayPDR=0.00% (Fwd=0/Rcv=0)
Node 113 | LocalPDR=0.00% (Fwd=0/Rcv=0) | E2E_PDR=0.00% (0/0) | RelayPDR=0.00% (Fwd=0/Rcv=0)
Node 114 | LocalPDR=0.00% (Fwd=0/Rcv=0) | E2E_PDR=0.00% (0/0) | RelayPDR=0.00% (Fwd=0/Rcv=0)
Node 115 | LocalPDR=0.00% (Fwd=0/Rcv=0) | E2E_PDR=0.00% (0/0) | RelayPDR=0.00% (Fwd=0/Rcv=0)
Node 116 | LocalPDR=0.00% (Fwd=0/Rcv=0) | E2E_PDR=0.00% (0/0) | RelayPDR=0.00% (Fwd=0/Rcv=0)
Node 117 | LocalPDR=0.00% (Fwd=0/Rcv=0) | E2E_PDR=0.00% (0/0) | RelayPDR=0.00% (Fwd=0/Rcv=0)
Node 118 | LocalPDR=0.00% (Fwd=0/Rcv=0) | E2E_PDR=0.00% (0/0) | RelayPDR=0.00% (Fwd=0/Rcv=0)
Node 119 | LocalPDR=0.00% (Fwd=0/Rcv=0) | E2E_PDR=0.00% (0/0) | RelayPDR=0.00% (Fwd=0/Rcv=0)
Node 120 | LocalPDR=0.00% (Fwd=0/Rcv=0) | E2E_PDR=0.00% (0/0) | RelayPDR=0.00% (Fwd=0/Rcv=0)
Node 121 | LocalPDR=0.00% (Fwd=0/Rcv=0) | E2E_PDR=0.00% (0/0) | RelayPDR=0.00% (Fwd=0/Rcv=0)
Node 122 | LocalPDR=0.00% (Fwd=0/Rcv=0) | E2E_PDR=0.00% (0/0) | RelayPDR=0.00% (Fwd=0/Rcv=0)
Node 123 | LocalPDR=0.00% (Fwd=0/Rcv=0) | E2E_PDR=0.00% (0/0) | RelayPDR=0.00% (Fwd=0/Rcv=0)
Node 124 | LocalPDR=0.00% (Fwd=0/Rcv=0) | E2E_PDR=0.00% (0/0) | RelayPDR=0.00% (Fwd=0/Rcv=0)
Node 125 | LocalPDR=0.00% (Fwd=0/Rcv=0) | E2E_PDR=0.00% (0/0) | RelayPDR=0.00% (Fwd=0/Rcv=0)
Node 126 | LocalPDR=0.00% (Fwd=0/Rcv=0) | E2E_PDR=0.00% (0/0) | RelayPDR=0.00% (Fwd=0/Rcv=0)
Node 127 | LocalPDR=0.00% (Fwd=0/Rcv=0) | E2E_PDR=0.00% (0/0) | RelayPDR=0.00% (Fwd=0/Rcv=0)
Node 128 | LocalPDR=0.00% (Fwd=0/Rcv=0) | E2E_PDR=0.00% (0/0) | RelayPDR=0.00% (Fwd=0/Rcv=0)
Node 129 | LocalPDR=0.00% (Fwd=0/Rcv=0) | E2E_PDR=0.00% (0/0) | RelayPDR=0.00% (Fwd=0/Rcv=0)
Node 130 | LocalPDR=0.00% (Fwd=0/Rcv=0) | E2E_PDR=0.00% (0/0) | RelayPDR=0.00% (Fwd=0/Rcv=0)
Node 131 | LocalPDR=0.00% (Fwd=0/Rcv=0) | E2E_PDR=0.00% (0/0) | RelayPDR=0.00% (Fwd=0/Rcv=0)
Node 132 | LocalPDR=0.00% (Fwd=0/Rcv=0) | E2E_PDR=0.00% (0/0) | RelayPDR=0.00% (Fwd=0/Rcv=0)
Node 133 | LocalPDR=0.00% (Fwd=0/Rcv=0) | E2E_PDR=0.00% (0/0) | RelayPDR=0.00% (Fwd=0/Rcv=0)
Node 134 | LocalPDR=0.00% (Fwd=0/Rcv=0) | E2E_PDR=0.00% (0/0) | RelayPDR=0.00% (Fwd=0/Rcv=0)
Node 135 | LocalPDR=0.00% (Fwd=0/Rcv=0) | E2E_PDR=0.00% (0/0) | RelayPDR=0.00% (Fwd=0/Rcv=0)
Node 136 | LocalPDR=0.00% (Fwd=0/Rcv=0) | E2E_PDR=0.00% (0/0) | RelayPDR=0.00% (Fwd=0/Rcv=0)
Node 137 | LocalPDR=0.00% (Fwd=0/Rcv=0) | E2E_PDR=0.00% (0/0) | RelayPDR=0.00% (Fwd=0/Rcv=0)
Node 138 | LocalPDR=0.00% (Fwd=0/Rcv=0) | E2E_PDR=0.00% (0/0) | RelayPDR=0.00% (Fwd=0/Rcv=0)
Node 139 | LocalPDR=0.00% (Fwd=0/Rcv=0) | E2E_PDR=0.00% (0/0) | RelayPDR=0.00% (Fwd=0/Rcv=0)
Node 140 | LocalPDR=0.00% (Fwd=0/Rcv=0) | E2E_PDR=0.00% (0/0) | RelayPDR=0.00% (Fwd=0/Rcv=0)
Node 141 | LocalPDR=0.00% (Fwd=0/Rcv=0) | E2E_PDR=0.00% (0/0) | RelayPDR=0.00% (Fwd=0/Rcv=0)
Node 142 | LocalPDR=0.00% (Fwd=0/Rcv=0) | E2E_PDR=0.00% (0/0) | RelayPDR=0.00% (Fwd=0/Rcv=0)
Node 143 | LocalPDR=0.00% (Fwd=0/Rcv=0) | E2E_PDR=0.00% (0/0) | RelayPDR=0.00% (Fwd=0/Rcv=0)
Node 144 | LocalPDR=0.00% (Fwd=0/Rcv=0) | E2E_PDR=0.00% (0/0) | RelayPDR=0.00% (Fwd=0/Rcv=0)
Node 145 | LocalPDR=0.00% (Fwd=0/Rcv=0) | E2E_PDR=0.00% (0/0) | RelayPDR=0.00% (Fwd=0/Rcv=0)
Node 146 | LocalPDR=0.00% (Fwd=0/Rcv=0) | E2E_PDR=0.00% (0/0) | RelayPDR=0.00% (Fwd=0/Rcv=0)
Node 147 | LocalPDR=0.00% (Fwd=0/Rcv=0) | E2E_PDR=0.00% (0/0) | RelayPDR=0.00% (Fwd=0/Rcv=0)
Node 148 | LocalPDR=0.00% (Fwd=0/Rcv=0) | E2E_PDR=0.00% (0/0) | RelayPDR=0.00% (Fwd=0/Rcv=0)
Node 149 | LocalPDR=0.00% (Fwd=0/Rcv=0) | E2E_PDR=0.00% (0/0) | RelayPDR=0.00% (Fwd=0/Rcv=0)
Node 150 | LocalPDR=0.00% (Fwd=0/Rcv=0) | E2E_PDR=0.00% (0/0) | RelayPDR=0.00% (Fwd=0/Rcv=0)
Node 151 | LocalPDR=0.00% (Fwd=0/Rcv=0) | E2E_PDR=0.00% (0/0) | RelayPDR=0.00% (Fwd=0/Rcv=0)
Node 152 | LocalPDR=0.00% (Fwd=0/Rcv=0) | E2E_PDR=0.00% (0/0) | RelayPDR=0.00% (Fwd=0/Rcv=0)
Node 153 | LocalPDR=0.00% (Fwd=0/Rcv=0) | E2E_PDR=0.00% (0/0) | RelayPDR=0.00% (Fwd=0/Rcv=0)
Node 154 | LocalPDR=0.00% (Fwd=0/Rcv=0) | E2E_PDR=0.00% (0/0) | RelayPDR=0.00% (Fwd=0/Rcv=0)
Node 155 | LocalPDR=0.00% (Fwd=0/Rcv=0) | E2E_PDR=0.00% (0/0) | RelayPDR=0.00% (Fwd=0/Rcv=0)
Node 156 | LocalPDR=0.00% (Fwd=0/Rcv=0) | E2E_PDR=0.00% (0/0) | RelayPDR=0.00% (Fwd=0/Rcv=0)
Node 157 | LocalPDR=0.00% (Fwd=0/Rcv=0) | E2E_PDR=0.00% (0/0) | RelayPDR=0.00% (Fwd=0/Rcv=0)
Node 158 | LocalPDR=0.00% (Fwd=0/Rcv=0) | E2E_PDR=0.00% (0/0) | RelayPDR=0.00% (Fwd=0/Rcv=0)
Node 159 | LocalPDR=0.00% (Fwd=0/Rcv=0) | E2E_PDR=0.00% (0/0) | RelayPDR=0.00% (Fwd=0/Rcv=0)
Node 160 | LocalPDR=0.00% (Fwd=0/Rcv=0) | E2E_PDR=0.00% (0/0) | RelayPDR=0.00% (Fwd=0/Rcv=0)
Node 161 | LocalPDR=0.00% (Fwd=0/Rcv=0) | E2E_PDR=0.00% (0/0) | RelayPDR=0.00% (Fwd=0/Rcv=0)
Node 162 | LocalPDR=0.00% (Fwd=0/Rcv=0) | E2E_PDR=0.00% (0/0) | RelayPDR=0.00% (Fwd=0/Rcv=0)
Node 163 | LocalPDR=0.00% (Fwd=0/Rcv=0) | E2E_PDR=0.00% (0/0) | RelayPDR=0.00% (Fwd=0/Rcv=0)
Node 164 | LocalPDR=0.00% (Fwd=0/Rcv=0) | E2E_PDR=0.00% (0/0) | RelayPDR=0.00% (Fwd=0/Rcv=0)
Node 165 | LocalPDR=0.00% (Fwd=0/Rcv=0) | E2E_PDR=0.00% (0/0) | RelayPDR=0.00% (Fwd=0/Rcv=0)
Node 166 | LocalPDR=0.00% (Fwd=0/Rcv=0) | E2E_PDR=0.00% (0/0) | RelayPDR=0.00% (Fwd=0/Rcv=0)
Node 167 | LocalPDR=0.00% (Fwd=0/Rcv=0) | E2E_PDR=0.00% (0/0) | RelayPDR=0.00% (Fwd=0/Rcv=0)
Node 168 | LocalPDR=0.00% (Fwd=0/Rcv=0) | E2E_PDR=0.00% (0/0) | RelayPDR=0.00% (Fwd=0/Rcv=0)
Node 169 | LocalPDR=0.00% (Fwd=0/Rcv=0) | E2E_PDR=0.00% (0/0) | RelayPDR=0.00% (Fwd=0/Rcv=0)
Node 170 | LocalPDR=0.00% (Fwd=0/Rcv=0) | E2E_PDR=0.00% (0/0) | RelayPDR=0.00% (Fwd=0/Rcv=0)
Node 171 | LocalPDR=0.00% (Fwd=0/Rcv=0) | E2E_PDR=0.00% (0/0) | RelayPDR=0.00% (Fwd=0/Rcv=0)
Node 172 | LocalPDR=0.00% (Fwd=0/Rcv=0) | E2E_PDR=0.00% (0/0) | RelayPDR=0.00% (Fwd=0/Rcv=0)
Node 173 | LocalPDR=0.00% (Fwd=0/Rcv=0) | E2E_PDR=0.00% (0/0) | RelayPDR=0.00% (Fwd=0/Rcv=0)
Node 174 | LocalPDR=0.00% (Fwd=0/Rcv=0) | E2E_PDR=0.00% (0/0) | RelayPDR=0.00% (Fwd=0/Rcv=0)
Node 175 | LocalPDR=0.00% (Fwd=0/Rcv=0) | E2E_PDR=0.00% (0/0) | RelayPDR=0.00% (Fwd=0/Rcv=0)
Node 176 | LocalPDR=0.00% (Fwd=0/Rcv=0) | E2E_PDR=0.00% (0/0) | RelayPDR=0.00% (Fwd=0/Rcv=0)
Node 177 | LocalPDR=0.00% (Fwd=0/Rcv=0) | E2E_PDR=0.00% (0/0) | RelayPDR=0.00% (Fwd=0/Rcv=0)
Node 178 | LocalPDR=0.00% (Fwd=0/Rcv=0) | E2E_PDR=0.00% (0/0) | RelayPDR=0.00% (Fwd=0/Rcv=0)
Node 179 | LocalPDR=0.00% (Fwd=0/Rcv=0) | E2E_PDR=0.00% (0/0) | RelayPDR=0.00% (Fwd=0/Rcv=0)
Node 180 | LocalPDR=0.00% (Fwd=0/Rcv=0) | E2E_PDR=0.00% (0/0) | RelayPDR=0.00% (Fwd=0/Rcv=0)
Node 181 | LocalPDR=0.00% (Fwd=0/Rcv=0) | E2E_PDR=0.00% (0/0) | RelayPDR=0.00% (Fwd=0/Rcv=0)
Node 182 | LocalPDR=0.00% (Fwd=0/Rcv=0) | E2E_PDR=0.00% (0/0) | RelayPDR=0.00% (Fwd=0/Rcv=0)
Node 183 | LocalPDR=0.00% (Fwd=0/Rcv=0) | E2E_PDR=0.00% (0/0) | RelayPDR=0.00% (Fwd=0/Rcv=0)
Node 184 | LocalPDR=0.00% (Fwd=0/Rcv=0) | E2E_PDR=0.00% (0/0) | RelayPDR=0.00% (Fwd=0/Rcv=0)
Node 185 | LocalPDR=0.00% (Fwd=0/Rcv=0) | E2E_PDR=0.00% (0/0) | RelayPDR=0.00% (Fwd=0/Rcv=0)
Node 186 | LocalPDR=0.00% (Fwd=0/Rcv=0) | E2E_PDR=0.00% (0/0) | RelayPDR=0.00% (Fwd=0/Rcv=0)
Node 187 | LocalPDR=0.00% (Fwd=0/Rcv=0) | E2E_PDR=0.00% (0/0) | RelayPDR=0.00% (Fwd=0/Rcv=0)
Node 188 | LocalPDR=0.00% (Fwd=0/Rcv=0) | E2E_PDR=0.00% (0/0) | RelayPDR=0.00% (Fwd=0/Rcv=0)
Node 189 | LocalPDR=0.00% (Fwd=0/Rcv=0) | E2E_PDR=0.00% (0/0) | RelayPDR=0.00% (Fwd=0/Rcv=0)
Node 190 | LocalPDR=0.00% (Fwd=0/Rcv=0) | E2E_PDR=0.00% (0/0) | RelayPDR=0.00% (Fwd=0/Rcv=0)
Node 191 | LocalPDR=0.00% (Fwd=0/Rcv=0) | E2E_PDR=0.00% (0/0) | RelayPDR=0.00% (Fwd=0/Rcv=0)
Node 192 | LocalPDR=0.00% (Fwd=0/Rcv=0) | E2E_PDR=0.00% (0/0) | RelayPDR=0.00% (Fwd=0/Rcv=0)
Node 193 | LocalPDR=0.00% (Fwd=0/Rcv=0) | E2E_PDR=0.00% (0/0) | RelayPDR=0.00% (Fwd=0/Rcv=0)
Node 194 | LocalPDR=0.00% (Fwd=0/Rcv=0) | E2E_PDR=0.00% (0/0) | RelayPDR=0.00% (Fwd=0/Rcv=0)
Node 195 | LocalPDR=0.00% (Fwd=0/Rcv=0) | E2E_PDR=0.00% (0/0) | RelayPDR=0.00% (Fwd=0/Rcv=0)
Node 196 | LocalPDR=0.00% (Fwd=0/Rcv=0) | E2E_PDR=0.00% (0/0) | RelayPDR=0.00% (Fwd=0/Rcv=0)
Node 197 | LocalPDR=0.00% (Fwd=0/Rcv=0) | E2E_PDR=0.00% (0/0) | RelayPDR=0.00% (Fwd=0/Rcv=0)
Node 198 | LocalPDR=0.00% (Fwd=0/Rcv=0) | E2E_PDR=0.00% (0/0) | RelayPDR=0.00% (Fwd=0/Rcv=0)
Node 199 | LocalPDR=0.00% (Fwd=0/Rcv=0) | E2E_PDR=0.00% (0/0) | RelayPDR=0.00% (Fwd=0/Rcv=0)
Node 200 | LocalPDR=0.00% (Fwd=0/Rcv=0) | E2E_PDR=0.00% (0/0) | RelayPDR=0.00% (Fwd=0/Rcv=0)
Node 201 | LocalPDR=0.00% (Fwd=0/Rcv=0) | E2E_PDR=0.00% (0/0) | RelayPDR=0.00% (Fwd=0/Rcv=0)
Node 202 | LocalPDR=0.00% (Fwd=0/Rcv=0) | E2E_PDR=0.00% (0/0) | RelayPDR=0.00% (Fwd=0/Rcv=0)
Node 203 | LocalPDR=0.00% (Fwd=0/Rcv=0) | E2E_PDR=0.00% (0/0) | RelayPDR=0.00% (Fwd=0/Rcv=0)
Node 204 | LocalPDR=0.00% (Fwd=0/Rcv=0) | E2E_PDR=0.00% (0/0) | RelayPDR=0.00% (Fwd=0/Rcv=0)
====================
written to file successfully
Solution at nodes cleared at 3.00
sent all flow data from node 16
current time is 3.00
At controller: updated flow source 6to destination 9flow size 3packet size 750QoS 1
At controller: updated flow source 7to destination 10flow size 0packet size 750QoS 1
At controller: updated flow source 8to destination 11flow size 0packet size 750QoS 1
At controller: updated flow source 9to destination 12flow size 0packet size 750QoS 1
At controller: updated flow source 10to destination 13flow size 3packet size 750QoS 1
At controller: updated flow source 11to destination 14flow size 3packet size 750QoS 1
At controller: updated flow source 12to destination 15flow size 2packet size 750QoS 1
At controller: updated flow source 13to destination 6flow size 1packet size 750QoS 1
At controller: updated flow source 14to destination 7flow size 2packet size 750QoS 1
At controller: updated flow source 15to destination 8flow size 0packet size 750QoS 1
At controller: updated flow source 6to destination 9flow size 2packet size 750QoS 1
At controller: updated flow source 7to destination 10flow size 2packet size 750QoS 1
Retransmission packet dropped for flow id 1packet ID: 3
Retransmission packet dropped for flow id 6packet ID: 3
Retransmission packet dropped for flow id 1packet ID: 2
Retransmission packet dropped for flow id 8packet ID: 2
Intial transmission packet dropped for flow id 11packet ID: 3
Retransmission packet dropped for flow id 6packet ID: 2
Intial transmission packet dropped for flow id 11packet ID: 4
link lifetime optimization beginning at 3.03
finished writing link lifetime status at3.03
Set parameter Username
Set parameter Threads to value 1
delay is 4166
reading lifetime from csv at3.03
link lifetime conversion finished at+3034600000.00ns
updating flows - path finding at3.03
Routing stable: Number of stable paths from source: 6to destination 9is 0 at timestamp 3.03
Routing stable: Number of stable paths from source: 7to destination 10is 3 at timestamp 3.03
Routing stable: Number of stable paths from source: 8to destination 11is 1 at timestamp 3.03
Routing stable: Number of stable paths from source: 9to destination 12is 1 at timestamp 3.03
Routing stable: Number of stable paths from source: 10to destination 13is 1 at timestamp 3.03
Routing stable: Number of stable paths from source: 11to destination 14is 2 at timestamp 3.03
Routing stable: Number of stable paths from source: 12to destination 15is 1 at timestamp 3.03
Routing stable: Number of stable paths from source: 13to destination 6is 0 at timestamp 3.03
Routing stable: Number of stable paths from source: 14to destination 7is 3 at timestamp 3.03
Routing stable: Number of stable paths from source: 15to destination 8is 2 at timestamp 3.03
Routing stable: Number of stable paths from source: 6to destination 9is 0 at timestamp 3.03
Routing stable: Number of stable paths from source: 7to destination 10is 3 at timestamp 3.03
[FLOW3-DEBUG] filter_flows flow_id=0 paths=0 t=3.04
[FLOW3-DEBUG] filter_flows flow_id=1 paths=3 t=3.04
[FLOW3-DEBUG] filter_flows flow_id=2 paths=1 t=3.04
[FLOW3-DEBUG] filter_flows flow_id=3 paths=1 t=3.04
[FLOW3-DEBUG] filter_flows flow_id=4 paths=1 t=3.04
[FLOW3-DEBUG] filter_flows flow_id=5 paths=2 t=3.04
[FLOW3-DEBUG] filter_flows flow_id=6 paths=1 t=3.04
[FLOW3-DEBUG] filter_flows flow_id=7 paths=0 t=3.04
[FLOW3-DEBUG] filter_flows flow_id=8 paths=3 t=3.04
[FLOW3-DEBUG] filter_flows flow_id=9 paths=2 t=3.04
[FLOW3-DEBUG] filter_flows flow_id=10 paths=0 t=3.04
[FLOW3-DEBUG] filter_flows flow_id=11 paths=3 t=3.04
Number of connected flows 9at timestamp 3.04
DEBUG matrix values:
  [0][1] = 31622768.86
  [1][0] = 31622768.86
  [1][2] = 31622768.86
  [2][1] = 31622768.86
  [2][3] = 31622768.86
  [3][2] = 31622768.86
  [3][4] = 31622768.86
  [4][3] = 31622768.86
  [4][5] = 31622768.86
  [5][4] = 31622768.86
  [5][6] = 31622768.86
  [6][5] = 31622768.86
  [7][8] = 31622768.86
  [7][14] = 31622768.86
  [7][16] = 7.65
  [8][7] = 31622768.86
  [8][9] = 31622768.86
  [8][15] = 31622768.86
  [8][16] = 0.10
  [9][8] = 31622768.86
  [9][10] = 31622768.86
  [10][9] = 31622768.86
  [10][11] = 31622768.86
  [11][10] = 31622768.86
  [11][12] = 31622768.86
  [12][11] = 31622768.86
  [12][13] = 31622768.86
  [13][12] = 31622768.86
  [14][7] = 31622768.86
  [14][15] = 31622768.86
  [14][16] = 3.10
  [15][8] = 31622768.86
  [15][14] = 31622768.86
  [16][7] = 7.65
  [16][8] = 0.10
  [16][14] = 3.10
DEBUG threshold: 0.40
DEBUG max lifetime in matrix: 31622768.86
DEBUG matrix size: 17
Proposed RL started at 3.04
1
1
1
1
1
1
1
1
1
1
1
1
Proposed RL learning finished at 3.04
Transmitting delta values at3.04
CP-TS TAMPER (target flow=0): node=0 flow=0 t=3.04
CP-TS NO TAMPER (non-target flow): node=0 flow=1
CP-TS NO TAMPER (non-target flow): node=0 flow=2
CP-TS NO TAMPER (non-target flow): node=0 flow=3
CP-TS NO TAMPER (non-target flow): node=0 flow=4
CP-TS NO TAMPER (non-target flow): node=0 flow=5
CP-TS NO TAMPER (non-target flow): node=0 flow=6
CP-TS NO TAMPER (non-target flow): node=0 flow=7
CP-TS NO TAMPER (non-target flow): node=0 flow=8
CP-TS NO TAMPER (non-target flow): node=0 flow=9
CP-TS NO TAMPER (non-target flow): node=0 flow=10
CP-TS NO TAMPER (non-target flow): node=0 flow=11
CP-TS TAMPER (target flow=0): node=1 flow=0 t=3.04
CP-TS NO TAMPER (non-target flow): node=1 flow=1
CP-TS NO TAMPER (non-target flow): node=1 flow=2
CP-TS NO TAMPER (non-target flow): node=1 flow=3
CP-TS NO TAMPER (non-target flow): node=1 flow=4
CP-TS NO TAMPER (non-target flow): node=1 flow=5
CP-TS NO TAMPER (non-target flow): node=1 flow=6
CP-TS NO TAMPER (non-target flow): node=1 flow=7
CP-TS NO TAMPER (non-target flow): node=1 flow=8
CP-TS NO TAMPER (non-target flow): node=1 flow=9
CP-TS NO TAMPER (non-target flow): node=1 flow=10
CP-TS NO TAMPER (non-target flow): node=1 flow=11
CP-TS TAMPER (target flow=0): node=4 flow=0 t=3.04
CP-TS NO TAMPER (non-target flow): node=4 flow=1
CP-TS NO TAMPER (non-target flow): node=4 flow=2
CP-TS NO TAMPER (non-target flow): node=4 flow=3
CP-TS NO TAMPER (non-target flow): node=4 flow=4
CP-TS NO TAMPER (non-target flow): node=4 flow=5
CP-TS NO TAMPER (non-target flow): node=4 flow=6
CP-TS NO TAMPER (non-target flow): node=4 flow=7
CP-TS NO TAMPER (non-target flow): node=4 flow=8
CP-TS NO TAMPER (non-target flow): node=4 flow=9
CP-TS NO TAMPER (non-target flow): node=4 flow=10
CP-TS NO TAMPER (non-target flow): node=4 flow=11
CP-TS TAMPER (target flow=0): node=5 flow=0 t=3.04
CP-TS NO TAMPER (non-target flow): node=5 flow=1
CP-TS NO TAMPER (non-target flow): node=5 flow=2
CP-TS NO TAMPER (non-target flow): node=5 flow=3
CP-TS NO TAMPER (non-target flow): node=5 flow=4
CP-TS NO TAMPER (non-target flow): node=5 flow=5
CP-TS NO TAMPER (non-target flow): node=5 flow=6
CP-TS NO TAMPER (non-target flow): node=5 flow=7
CP-TS NO TAMPER (non-target flow): node=5 flow=8
CP-TS NO TAMPER (non-target flow): node=5 flow=9
CP-TS NO TAMPER (non-target flow): node=5 flow=10
CP-TS NO TAMPER (non-target flow): node=5 flow=11
CP-TS TAMPER (target flow=0): node=8 flow=0 t=3.04
CP-TS NO TAMPER (non-target flow): node=8 flow=1
CP-TS NO TAMPER (non-target flow): node=8 flow=2
CP-TS NO TAMPER (non-target flow): node=8 flow=3
CP-TS NO TAMPER (non-target flow): node=8 flow=4
CP-TS NO TAMPER (non-target flow): node=8 flow=5
CP-TS NO TAMPER (non-target flow): node=8 flow=6
CP-TS NO TAMPER (non-target flow): node=8 flow=7
CP-TS NO TAMPER (non-target flow): node=8 flow=8
CP-TS NO TAMPER (non-target flow): node=8 flow=9
CP-TS NO TAMPER (non-target flow): node=8 flow=10
CP-TS NO TAMPER (non-target flow): node=8 flow=11
CP-TS TAMPER (target flow=0): node=9 flow=0 t=3.04
CP-TS NO TAMPER (non-target flow): node=9 flow=1
CP-TS NO TAMPER (non-target flow): node=9 flow=2
CP-TS NO TAMPER (non-target flow): node=9 flow=3
CP-TS NO TAMPER (non-target flow): node=9 flow=4
CP-TS NO TAMPER (non-target flow): node=9 flow=5
CP-TS NO TAMPER (non-target flow): node=9 flow=6
CP-TS NO TAMPER (non-target flow): node=9 flow=7
CP-TS NO TAMPER (non-target flow): node=9 flow=8
CP-TS NO TAMPER (non-target flow): node=9 flow=9
CP-TS NO TAMPER (non-target flow): node=9 flow=10
CP-TS NO TAMPER (non-target flow): node=9 flow=11
CP-TS TAMPER (target flow=0): node=12 flow=0 t=3.04
CP-TS NO TAMPER (non-target flow): node=12 flow=1
CP-TS NO TAMPER (non-target flow): node=12 flow=2
CP-TS NO TAMPER (non-target flow): node=12 flow=3
CP-TS NO TAMPER (non-target flow): node=12 flow=4
CP-TS NO TAMPER (non-target flow): node=12 flow=5
CP-TS NO TAMPER (non-target flow): node=12 flow=6
CP-TS NO TAMPER (non-target flow): node=12 flow=7
CP-TS NO TAMPER (non-target flow): node=12 flow=8
CP-TS NO TAMPER (non-target flow): node=12 flow=9
CP-TS NO TAMPER (non-target flow): node=12 flow=10
CP-TS NO TAMPER (non-target flow): node=12 flow=11
CP-TS TAMPER (target flow=0): node=13 flow=0 t=3.04
CP-TS NO TAMPER (non-target flow): node=13 flow=1
CP-TS NO TAMPER (non-target flow): node=13 flow=2
CP-TS NO TAMPER (non-target flow): node=13 flow=3
CP-TS NO TAMPER (non-target flow): node=13 flow=4
CP-TS NO TAMPER (non-target flow): node=13 flow=5
CP-TS NO TAMPER (non-target flow): node=13 flow=6
CP-TS NO TAMPER (non-target flow): node=13 flow=7
CP-TS NO TAMPER (non-target flow): node=13 flow=8
CP-TS NO TAMPER (non-target flow): node=13 flow=9
CP-TS NO TAMPER (non-target flow): node=13 flow=10
CP-TS NO TAMPER (non-target flow): node=13 flow=11
Initialized flow counters at 3.10
[CQ1] flow=0 t=3.10 f_size=0 total_load=0.00 total_packets_this_cycle=0 data_transmission_period=1.00
flow id 0sub flow load is 0.00 next hop 0packets 0
flow id 0sub flow load is 0.00 next hop 1packets 0
flow id 0sub flow load is 0.00 next hop 2packets 0
flow id 0sub flow load is 0.00 next hop 3packets 0
flow id 0sub flow load is 0.00 next hop 4packets 0
flow id 0sub flow load is 0.00 next hop 5packets 0
flow id 0sub flow load is 0.00 next hop 6packets 0
flow id 0sub flow load is 0.00 next hop 7packets 0
flow id 0sub flow load is 0.00 next hop 8packets 0
flow id 0sub flow load is 0.00 next hop 9packets 0
flow id 0sub flow load is 0.00 next hop 10packets 0
flow id 0sub flow load is 0.00 next hop 11packets 0
flow id 0sub flow load is 0.00 next hop 12packets 0
flow id 0sub flow load is 0.00 next hop 13packets 0
flow id 0sub flow load is 0.00 next hop 14packets 0
flow id 0sub flow load is 0.00 next hop 15packets 0
flow id 0sub flow load is 0.00 next hop 16packets 0
Flow id 0 scheduled 0total packets from 6
[CQ1] flow=1 t=3.10 f_size=0 total_load=0.00 total_packets_this_cycle=0 data_transmission_period=1.00
flow id 1sub flow load is 0.00 next hop 0packets 0
flow id 1sub flow load is 0.00 next hop 1packets 0
flow id 1sub flow load is 0.00 next hop 2packets 0
flow id 1sub flow load is 0.00 next hop 3packets 0
flow id 1sub flow load is 0.00 next hop 4packets 0
flow id 1sub flow load is 0.00 next hop 5packets 0
flow id 1sub flow load is 0.00 next hop 6packets 0
flow id 1sub flow load is 0.00 next hop 7packets 0
flow id 1sub flow load is 0.00 next hop 8packets 0
flow id 1sub flow load is 0.00 next hop 9packets 0
flow id 1sub flow load is 0.00 next hop 10packets 0
flow id 1sub flow load is 0.00 next hop 11packets 0
flow id 1sub flow load is 0.00 next hop 12packets 0
flow id 1sub flow load is 0.00 next hop 13packets 0
flow id 1sub flow load is 0.00 next hop 14packets 0
flow id 1sub flow load is 0.00 next hop 15packets 0
flow id 1sub flow load is 0.00 next hop 16packets 0
Flow id 1 scheduled 0total packets from 7
[CQ1] flow=2 t=3.10 f_size=0 total_load=0.00 total_packets_this_cycle=0 data_transmission_period=1.00
flow id 2sub flow load is 0.00 next hop 0packets 0
flow id 2sub flow load is 0.00 next hop 1packets 0
flow id 2sub flow load is 0.00 next hop 2packets 0
flow id 2sub flow load is 0.00 next hop 3packets 0
flow id 2sub flow load is 0.00 next hop 4packets 0
flow id 2sub flow load is 0.00 next hop 5packets 0
flow id 2sub flow load is 0.00 next hop 6packets 0
flow id 2sub flow load is 0.00 next hop 7packets 0
flow id 2sub flow load is 0.00 next hop 8packets 0
flow id 2sub flow load is 0.00 next hop 9packets 0
flow id 2sub flow load is 0.00 next hop 10packets 0
flow id 2sub flow load is 0.00 next hop 11packets 0
flow id 2sub flow load is 0.00 next hop 12packets 0
flow id 2sub flow load is 0.00 next hop 13packets 0
flow id 2sub flow load is 0.00 next hop 14packets 0
flow id 2sub flow load is 0.00 next hop 15packets 0
flow id 2sub flow load is 0.00 next hop 16packets 0
Flow id 2 scheduled 0total packets from 8
[CQ1] flow=3 t=3.10 f_size=0 total_load=0.00 total_packets_this_cycle=0 data_transmission_period=1.00
flow id 3sub flow load is 0.00 next hop 0packets 0
flow id 3sub flow load is 0.00 next hop 1packets 0
flow id 3sub flow load is 0.00 next hop 2packets 0
flow id 3sub flow load is 0.00 next hop 3packets 0
flow id 3sub flow load is 0.00 next hop 4packets 0
flow id 3sub flow load is 0.00 next hop 5packets 0
flow id 3sub flow load is 0.00 next hop 6packets 0
flow id 3sub flow load is 0.00 next hop 7packets 0
flow id 3sub flow load is 0.00 next hop 8packets 0
flow id 3sub flow load is 0.00 next hop 9packets 0
flow id 3sub flow load is 0.00 next hop 10packets 0
flow id 3sub flow load is 0.00 next hop 11packets 0
flow id 3sub flow load is 0.00 next hop 12packets 0
flow id 3sub flow load is 0.00 next hop 13packets 0
flow id 3sub flow load is 0.00 next hop 14packets 0
flow id 3sub flow load is 0.00 next hop 15packets 0
flow id 3sub flow load is 0.00 next hop 16packets 0
Flow id 3 scheduled 0total packets from 9
[CQ1] flow=4 t=3.10 f_size=3 total_load=1.00 total_packets_this_cycle=3 data_transmission_period=1.00
flow id 4sub flow load is 0.00 next hop 0packets 0
flow id 4sub flow load is 0.00 next hop 1packets 0
flow id 4sub flow load is 0.00 next hop 2packets 0
flow id 4sub flow load is 0.00 next hop 3packets 0
flow id 4sub flow load is 0.00 next hop 4packets 0
flow id 4sub flow load is 0.00 next hop 5packets 0
flow id 4sub flow load is 0.00 next hop 6packets 0
flow id 4sub flow load is 0.00 next hop 7packets 0
flow id 4sub flow load is 0.00 next hop 8packets 0
flow id 4sub flow load is 0.00 next hop 9packets 0
flow id 4sub flow load is 0.00 next hop 10packets 0
flow id 4sub flow load is 0.00 next hop 12packets 0
flow id 4sub flow load is 0.00 next hop 13packets 0
flow id 4sub flow load is 0.00 next hop 14packets 0
flow id 4sub flow load is 0.00 next hop 15packets 0
flow id 4sub flow load is 0.00 next hop 16packets 0
flow id 4sub flow load is 1.00 next hop 11packets 3
scheduled in channel 1
Flow id 4 scheduled 3total packets from 10
[CQ1] flow=5 t=3.10 f_size=3 total_load=0.00 total_packets_this_cycle=0 data_transmission_period=1.00
flow id 5sub flow load is 0.00 next hop 0packets 0
flow id 5sub flow load is 0.00 next hop 1packets 0
flow id 5sub flow load is 0.00 next hop 2packets 0
flow id 5sub flow load is 0.00 next hop 3packets 0
flow id 5sub flow load is 0.00 next hop 4packets 0
flow id 5sub flow load is 0.00 next hop 5packets 0
flow id 5sub flow load is 0.00 next hop 6packets 0
flow id 5sub flow load is 0.00 next hop 7packets 0
flow id 5sub flow load is 0.00 next hop 8packets 0
flow id 5sub flow load is 0.00 next hop 9packets 0
flow id 5sub flow load is 0.00 next hop 10packets 0
flow id 5sub flow load is 0.00 next hop 11packets 0
flow id 5sub flow load is 0.00 next hop 12packets 0
flow id 5sub flow load is 0.00 next hop 13packets 0
flow id 5sub flow load is 0.00 next hop 14packets 0
flow id 5sub flow load is 0.00 next hop 15packets 0
flow id 5sub flow load is 0.00 next hop 16packets 0
Flow id 5 scheduled 0total packets from 11
[CQ1] flow=6 t=3.10 f_size=2 total_load=1.00 total_packets_this_cycle=2 data_transmission_period=1.00
flow id 6sub flow load is 0.00 next hop 0packets 0
flow id 6sub flow load is 0.00 next hop 1packets 0
flow id 6sub flow load is 0.00 next hop 2packets 0
flow id 6sub flow load is 0.00 next hop 3packets 0
flow id 6sub flow load is 0.00 next hop 4packets 0
flow id 6sub flow load is 0.00 next hop 5packets 0
flow id 6sub flow load is 0.00 next hop 6packets 0
flow id 6sub flow load is 0.00 next hop 7packets 0
flow id 6sub flow load is 0.00 next hop 8packets 0
flow id 6sub flow load is 0.00 next hop 9packets 0
flow id 6sub flow load is 0.00 next hop 10packets 0
flow id 6sub flow load is 0.00 next hop 12packets 0
flow id 6sub flow load is 0.00 next hop 13packets 0
flow id 6sub flow load is 0.00 next hop 14packets 0
flow id 6sub flow load is 0.00 next hop 15packets 0
flow id 6sub flow load is 0.00 next hop 16packets 0
flow id 6sub flow load is 1.00 next hop 11packets 2
scheduled in channel 1
Flow id 6 scheduled 2total packets from 12
[CQ1] flow=7 t=3.10 f_size=0 total_load=0.00 total_packets_this_cycle=0 data_transmission_period=1.00
flow id 7sub flow load is 0.00 next hop 0packets 0
flow id 7sub flow load is 0.00 next hop 1packets 0
flow id 7sub flow load is 0.00 next hop 2packets 0
flow id 7sub flow load is 0.00 next hop 3packets 0
flow id 7sub flow load is 0.00 next hop 4packets 0
flow id 7sub flow load is 0.00 next hop 5packets 0
flow id 7sub flow load is 0.00 next hop 6packets 0
flow id 7sub flow load is 0.00 next hop 7packets 0
flow id 7sub flow load is 0.00 next hop 8packets 0
flow id 7sub flow load is 0.00 next hop 9packets 0
flow id 7sub flow load is 0.00 next hop 10packets 0
flow id 7sub flow load is 0.00 next hop 11packets 0
flow id 7sub flow load is 0.00 next hop 12packets 0
flow id 7sub flow load is 0.00 next hop 13packets 0
flow id 7sub flow load is 0.00 next hop 14packets 0
flow id 7sub flow load is 0.00 next hop 15packets 0
flow id 7sub flow load is 0.00 next hop 16packets 0
Flow id 7 scheduled 0total packets from 13
[CQ1] flow=8 t=3.10 f_size=2 total_load=1.00 total_packets_this_cycle=2 data_transmission_period=1.00
flow id 8sub flow load is 0.00 next hop 0packets 0
flow id 8sub flow load is 0.00 next hop 1packets 0
flow id 8sub flow load is 0.00 next hop 2packets 0
flow id 8sub flow load is 0.00 next hop 3packets 0
flow id 8sub flow load is 0.00 next hop 4packets 0
flow id 8sub flow load is 0.00 next hop 5packets 0
flow id 8sub flow load is 0.00 next hop 6packets 0
flow id 8sub flow load is 0.00 next hop 7packets 0
flow id 8sub flow load is 0.00 next hop 8packets 0
flow id 8sub flow load is 0.00 next hop 9packets 0
flow id 8sub flow load is 0.00 next hop 10packets 0
flow id 8sub flow load is 0.00 next hop 11packets 0
flow id 8sub flow load is 0.00 next hop 12packets 0
flow id 8sub flow load is 0.00 next hop 13packets 0
flow id 8sub flow load is 0.00 next hop 14packets 0
flow id 8sub flow load is 0.00 next hop 15packets 0
flow id 8sub flow load is 1.00 next hop 16packets 2
scheduled in channel 1
Flow id 8 scheduled 2total packets from 14
[CQ1] flow=9 t=3.10 f_size=0 total_load=0.00 total_packets_this_cycle=0 data_transmission_period=1.00
flow id 9sub flow load is 0.00 next hop 0packets 0
flow id 9sub flow load is 0.00 next hop 1packets 0
flow id 9sub flow load is 0.00 next hop 2packets 0
flow id 9sub flow load is 0.00 next hop 3packets 0
flow id 9sub flow load is 0.00 next hop 4packets 0
flow id 9sub flow load is 0.00 next hop 5packets 0
flow id 9sub flow load is 0.00 next hop 6packets 0
flow id 9sub flow load is 0.00 next hop 7packets 0
flow id 9sub flow load is 0.00 next hop 8packets 0
flow id 9sub flow load is 0.00 next hop 9packets 0
flow id 9sub flow load is 0.00 next hop 10packets 0
flow id 9sub flow load is 0.00 next hop 11packets 0
flow id 9sub flow load is 0.00 next hop 12packets 0
flow id 9sub flow load is 0.00 next hop 13packets 0
flow id 9sub flow load is 0.00 next hop 14packets 0
flow id 9sub flow load is 0.00 next hop 15packets 0
flow id 9sub flow load is 0.00 next hop 16packets 0
Flow id 9 scheduled 0total packets from 15
[CQ1] flow=10 t=3.10 f_size=0 total_load=0.00 total_packets_this_cycle=0 data_transmission_period=1.00
flow id 10sub flow load is 0.00 next hop 0packets 0
flow id 10sub flow load is 0.00 next hop 1packets 0
flow id 10sub flow load is 0.00 next hop 2packets 0
flow id 10sub flow load is 0.00 next hop 3packets 0
flow id 10sub flow load is 0.00 next hop 4packets 0
flow id 10sub flow load is 0.00 next hop 5packets 0
flow id 10sub flow load is 0.00 next hop 6packets 0
flow id 10sub flow load is 0.00 next hop 7packets 0
flow id 10sub flow load is 0.00 next hop 8packets 0
flow id 10sub flow load is 0.00 next hop 9packets 0
flow id 10sub flow load is 0.00 next hop 10packets 0
flow id 10sub flow load is 0.00 next hop 11packets 0
flow id 10sub flow load is 0.00 next hop 12packets 0
flow id 10sub flow load is 0.00 next hop 13packets 0
flow id 10sub flow load is 0.00 next hop 14packets 0
flow id 10sub flow load is 0.00 next hop 15packets 0
flow id 10sub flow load is 0.00 next hop 16packets 0
Flow id 10 scheduled 0total packets from 6
[CQ1] flow=11 t=3.10 f_size=2 total_load=1.00 total_packets_this_cycle=3 data_transmission_period=1.00
flow id 11sub flow load is 0.00 next hop 0packets 0
flow id 11sub flow load is 0.00 next hop 1packets 0
flow id 11sub flow load is 0.00 next hop 2packets 0
flow id 11sub flow load is 0.00 next hop 3packets 0
flow id 11sub flow load is 0.00 next hop 4packets 0
flow id 11sub flow load is 0.00 next hop 5packets 0
flow id 11sub flow load is 0.00 next hop 6packets 0
flow id 11sub flow load is 0.00 next hop 7packets 0
flow id 11sub flow load is 0.00 next hop 9packets 0
flow id 11sub flow load is 0.00 next hop 10packets 0
flow id 11sub flow load is 0.00 next hop 11packets 0
flow id 11sub flow load is 0.00 next hop 12packets 0
flow id 11sub flow load is 0.00 next hop 13packets 0
flow id 11sub flow load is 0.00 next hop 15packets 0
flow id 11sub flow load is 0.30 next hop 16packets 0
flow id 11sub flow load is 0.33 next hop 14packets 0
flow id 11sub flow load is 0.36 next hop 8packets 3
scheduled in channel 3
scheduled in channel 2
scheduled in channel 1
Flow id 11 scheduled 3total packets from 7
ATTACK PLACE 1: packet FORWARDED node=14 flow=8 packetID=1 t=3.13
ATTACK PLACE 2: retransmit FORWARDED node=16 flow=8 packetID=1 t=3.13
Flow ID 8received  Packet ID: 1Totally received 1packets at destination 7 at 3.13
ATTACK PLACE 1: packet FORWARDED node=15 flow=9 packetID=1 t=3.26
ATTACK PLACE 2: retransmit FORWARDED node=14 flow=9 packetID=1 t=3.26
ATTACK PLACE 1: packet FORWARDED node=15 flow=9 packetID=2 t=3.30
ATTACK PLACE 2: retransmit FORWARDED node=14 flow=9 packetID=2 t=3.30
DP-FR DROP: node=7 flow=11 t=3.51
ATTACK PLACE 1: packet DROPPED node=7 flow=11 packetID=1 t=3.51
DP-FR DROP: node=7 flow=11 t=3.52
ATTACK PLACE 1: packet DROPPED node=7 flow=11 packetID=1 t=3.52
DP-FR FORWARD: node=7 flow=11 t=3.52
ATTACK PLACE 1: packet FORWARDED node=7 flow=11 packetID=1 t=3.52
ATTACK PLACE 2: retransmit FORWARDED node=14 flow=11 packetID=1 t=3.52
ATTACK PLACE 2: retransmit FORWARDED node=15 flow=11 packetID=1 t=3.52
DP-FR DROP: node=8 flow=11 t=3.52
ATTACK PLACE 2: retransmit DROPPED node=8 flow=11 packetID=1 t=3.52
DP-FR FORWARD: node=10 flow=4 t=3.62
ATTACK PLACE 1: packet FORWARDED node=10 flow=4 packetID=1 t=3.62
DP-FR DROP: node=11 flow=4 t=3.62
ATTACK PLACE 2: retransmit DROPPED node=11 flow=4 packetID=1 t=3.62
DP-FR DROP: node=10 flow=4 t=3.66
ATTACK PLACE 1: packet DROPPED node=10 flow=4 packetID=2 t=3.66
DP-FR FORWARD: node=10 flow=4 t=3.66
ATTACK PLACE 1: packet FORWARDED node=10 flow=4 packetID=2 t=3.66
DP-FR DROP: node=10 flow=4 t=3.70
ATTACK PLACE 1: packet DROPPED node=10 flow=4 packetID=3 t=3.70
DP-FR FORWARD: node=10 flow=4 t=3.70
ATTACK PLACE 1: packet FORWARDED node=10 flow=4 packetID=3 t=3.70
ATTACK PLACE 1: packet FORWARDED node=12 flow=6 packetID=1 t=3.87
DP-FR DROP: node=11 flow=6 t=3.87
ATTACK PLACE 2: retransmit DROPPED node=11 flow=6 packetID=1 t=3.87
ATTACK PLACE 1: packet FORWARDED node=12 flow=6 packetID=2 t=3.91
[PDQ4] t=4.00 flow0_source=6 flow0_dest=9 direct_source_to_dest_lifetime=0.00 | source's_live_neighbor_lifetimes: 5(ll=3.16228e+07) 
average_latency 0.92 ms
[LW-CP-Det] Controller 0 SUSPECTED — S4:1 S5:1 S6:1
[SHIELD-GH][CP] Controller 0 grey-hole flow rule detected | S4=1 S5=1 S6=1 | Tc=0.00 | truth=MALICIOUS | t=4.00
[LW-CP-Det] Controller 1 SUSPECTED — S4:1 S5:1 S6:1
[SHIELD-GH][CP] Controller 1 grey-hole flow rule detected | S4=1 S5=1 S6=1 | Tc=0.00 | truth=MALICIOUS | t=4.00
[DX3-rcv0fallback] node=6 window=2 t=4.00 flagged=0
[MATD-DEBUG] node=7 maxspeed_kmh=90 speed_mps=25.00 t=4.00
[DQ5] node=7 window=2 t=4.00 R_i=0.44
[LW-DP-Det] Node 7 t=4.00 tau_f_eff=0.75 SUSPECTED — S1:1 S2:1 S3:0 corrPDR=0.39 variance=0.04
[DQ3] node=7 t=4.00 S_total=1.00 R_i=0.44 score=0.82 y_hat=1
[RQ1] node=7 t=4.00 y_hat=1
[RQ3] node=7 t=4.00 enable_matd=0 obs_pdr=0.33 corr_pdr=0.33
[NQ1/NQ2] node=7 t=4.00 rcv=3 response=RATE_LIMIT should_isolate=0 isolated=0
[NQ7/NQ12] node=7 t=4.00 lambda=3 lambda1=2 lambda2=5 Ri_decayed=0.44 statistical_gate=1 zkp_gate_enabled=1 zkp_cached=1 zkp_proof=PASS
[ZQ2/ZQ3] node=7 t=4.00 zkp_cum_received=23 zkp_cum_forwarded=9
[SHIELD-GH] Node 7 RATE-LIMITED | Λ=3
[MATD-DEBUG] node=8 maxspeed_kmh=90 speed_mps=25.00 t=4.00
[DQ5] node=8 window=2 t=4.00 R_i=0.37
[LW-DP-Det] Node 8 t=4.00 tau_f_eff=0.75 SUSPECTED — S1:1 S2:0 S3:0 corrPDR=0.33 variance=0.08
[DQ3] node=8 t=4.00 S_total=1.00 R_i=0.37 score=0.85 y_hat=1
[RQ1] node=8 t=4.00 y_hat=1
[RQ3] node=8 t=4.00 enable_matd=0 obs_pdr=0.00 corr_pdr=0.00
[NQ1/NQ2] node=8 t=4.00 rcv=1 response=RATE_LIMIT should_isolate=0 isolated=0
[NQ7/NQ12] node=8 t=4.00 lambda=3 lambda1=2 lambda2=5 Ri_decayed=0.37 statistical_gate=1 zkp_gate_enabled=1 zkp_cached=1 zkp_proof=PASS
[ZQ2/ZQ3] node=8 t=4.00 zkp_cum_received=18 zkp_cum_forwarded=6
[SHIELD-GH] Node 8 RATE-LIMITED | Λ=3
[DX3-rcv0fallback] node=9 window=2 t=4.00 flagged=1
[MATD-DEBUG] node=10 maxspeed_kmh=90 speed_mps=25.00 t=4.00
[DQ5] node=10 window=2 t=4.00 R_i=0.56
[LW-DP-Det] Node 10 t=4.00 tau_f_eff=0.75 SUSPECTED — S1:1 S2:0 S3:0 corrPDR=0.55 variance=0.08
[DQ3] node=10 t=4.00 S_total=1.00 R_i=0.56 score=0.78 y_hat=1
[RQ1] node=10 t=4.00 y_hat=1
[RQ3] node=10 t=4.00 enable_matd=0 obs_pdr=0.60 corr_pdr=0.60
[NQ1/NQ2] node=10 t=4.00 rcv=5 response=RATE_LIMIT should_isolate=0 isolated=0
[NQ7/NQ12] node=10 t=4.00 lambda=3 lambda1=2 lambda2=5 Ri_decayed=0.56 statistical_gate=1 zkp_gate_enabled=1 zkp_cached=1 zkp_proof=PASS
[ZQ2/ZQ3] node=10 t=4.00 zkp_cum_received=11 zkp_cum_forwarded=6
[SHIELD-GH] Node 10 RATE-LIMITED | Λ=3
[NQ2-rcv] node=11 t=4.00 rcv=5
[MATD-DEBUG] node=11 maxspeed_kmh=90 speed_mps=25.00 t=4.00
[DQ5] node=11 window=2 t=4.00 R_i=0.23
[LW-DP-Det] Node 11 t=4.00 tau_f_eff=0.75 SUSPECTED — S1:1 S2:0 S3:0 corrPDR=0.08 variance=0.01
[DQ3] node=11 t=4.00 S_total=1.00 R_i=0.23 score=0.91 y_hat=1
[RQ1] node=11 t=4.00 y_hat=1
[RQ3] node=11 t=4.00 enable_matd=0 obs_pdr=0.00 corr_pdr=0.00
[NQ1/NQ2] node=11 t=4.00 rcv=5 response=RATE_LIMIT should_isolate=0 isolated=0
[NQ7/NQ12] node=11 t=4.00 lambda=3 lambda1=2 lambda2=5 Ri_decayed=0.23 statistical_gate=1 zkp_gate_enabled=1 zkp_cached=1 zkp_proof=PASS
[ZQ2/ZQ3] node=11 t=4.00 zkp_cum_received=13 zkp_cum_forwarded=1
[SHIELD-GH] Node 11 RATE-LIMITED | Λ=3
[MATD-DEBUG] node=12 maxspeed_kmh=90 speed_mps=25.00 t=4.00
[NQ5] node=12 t=4.00 rcv=2 obs_pdr=1.00 corr_pdr=1.00
[DX2] node=12 t=4.00 S_total=0.00 R_i=0.77 score=0.09 y_hat=0
[RQ1] node=12 t=4.00 y_hat=0
[RQ3] node=12 t=4.00 enable_matd=0 obs_pdr=1.00 corr_pdr=1.00
[MATD-DEBUG] node=14 maxspeed_kmh=90 speed_mps=25.00 t=4.00
[NQ5] node=14 t=4.00 rcv=4 obs_pdr=1.00 corr_pdr=1.00
[DX2] node=14 t=4.00 S_total=0.00 R_i=0.79 score=0.09 y_hat=0
[RQ1] node=14 t=4.00 y_hat=0
[RQ3] node=14 t=4.00 enable_matd=0 obs_pdr=1.00 corr_pdr=1.00
[MATD-DEBUG] node=15 maxspeed_kmh=90 speed_mps=25.00 t=4.00
[NQ5] node=15 t=4.00 rcv=3 obs_pdr=1.00 corr_pdr=1.00
[DX2] node=15 t=4.00 S_total=0.00 R_i=0.77 score=0.09 y_hat=0
[RQ1] node=15 t=4.00 y_hat=0
[RQ3] node=15 t=4.00 enable_matd=0 obs_pdr=1.00 corr_pdr=1.00
=== SHIELD-GH DETECTION METRICS (node-level) ===
  Node TP=5 TN=10 FP=0 FN=1
  M1a Detection Accuracy: 93.75%
  M1b MCC: 0.87
  M2  False Positive Rate: 0.00%
================================================
average packet delivery ratio is 2.78
average jitter is 0.00
average load balance is 95.19
TP=1.00 TN=0.00 FP=11.00 FN=0.00
M1a Detection Accuracy: 8.33%
M1b MCC: 0.00
M2 False Positive Rate: 100.00%
M4a Detection Latency: 0.00 ms
M4b Mitigation Response Time: 0.00 ms
=== Per Node PDR ===
Node 0 | LocalPDR=0.00% (Fwd=0/Rcv=0) | E2E_PDR=0.00% (0/0) | RelayPDR=8.33% (Fwd=1/Rcv=12)
Node 1 | LocalPDR=0.00% (Fwd=0/Rcv=0) | E2E_PDR=0.00% (0/0) | RelayPDR=8.33% (Fwd=1/Rcv=12)
Node 2 | LocalPDR=0.00% (Fwd=0/Rcv=0) | E2E_PDR=0.00% (0/0) | RelayPDR=8.33% (Fwd=1/Rcv=12)
Node 3 | LocalPDR=0.00% (Fwd=0/Rcv=0) | E2E_PDR=0.00% (0/0) | RelayPDR=8.33% (Fwd=1/Rcv=12)
Node 4 | LocalPDR=0.00% (Fwd=0/Rcv=0) | E2E_PDR=0.00% (0/0) | RelayPDR=8.33% (Fwd=1/Rcv=12)
Node 5 | LocalPDR=0.00% (Fwd=0/Rcv=0) | E2E_PDR=0.00% (0/0) | RelayPDR=8.33% (Fwd=1/Rcv=12)
Node 6 | LocalPDR=0.00% (Fwd=0/Rcv=0) | E2E_PDR=0.00% (0/0) | RelayPDR=8.33% (Fwd=1/Rcv=12) [DP-ATTACKER] [CP-ATTACKER]
Node 7 | LocalPDR=33.33% (Fwd=1/Rcv=3) | E2E_PDR=0.00% (0/2) | RelayPDR=0.00% (Fwd=0/Rcv=8) [DP-ATTACKER] [CP-ATTACKER]
Node 8 | LocalPDR=0.00% (Fwd=0/Rcv=1) | E2E_PDR=0.00% (0/0) | RelayPDR=8.33% (Fwd=1/Rcv=12) [DP-ATTACKER] [CP-ATTACKER]
Node 9 | LocalPDR=0.00% (Fwd=0/Rcv=0) | E2E_PDR=0.00% (0/0) | RelayPDR=8.33% (Fwd=1/Rcv=12) [DP-ATTACKER]
Node 10 | LocalPDR=60.00% (Fwd=3/Rcv=5) | E2E_PDR=0.00% (0/3) | RelayPDR=14.29% (Fwd=1/Rcv=7) [DP-ATTACKER] [CP-ATTACKER]
Node 11 | LocalPDR=0.00% (Fwd=0/Rcv=5) | E2E_PDR=0.00% (0/3) | RelayPDR=11.11% (Fwd=1/Rcv=9) [DP-ATTACKER] [CP-ATTACKER]
Node 12 | LocalPDR=100.00% (Fwd=2/Rcv=2) | E2E_PDR=0.00% (0/2) | RelayPDR=10.00% (Fwd=1/Rcv=10) [CP-ATTACKER]
Node 13 | LocalPDR=0.00% (Fwd=0/Rcv=0) | E2E_PDR=0.00% (0/0) | RelayPDR=11.11% (Fwd=1/Rcv=9)
Node 14 | LocalPDR=100.00% (Fwd=4/Rcv=4) | E2E_PDR=50.00% (1/2) | RelayPDR=0.00% (Fwd=0/Rcv=7) [CP-ATTACKER]
Node 15 | LocalPDR=100.00% (Fwd=3/Rcv=3) | E2E_PDR=0.00% (0/0) | RelayPDR=10.00% (Fwd=1/Rcv=10) [CP-ATTACKER]
Node 16 | LocalPDR=33.33% (Fwd=1/Rcv=3) | E2E_PDR=0.00% (0/0) | RelayPDR=0.00% (Fwd=0/Rcv=0)
Node 17 | LocalPDR=0.00% (Fwd=0/Rcv=0) | E2E_PDR=0.00% (0/0) | RelayPDR=0.00% (Fwd=0/Rcv=0)
Node 18 | LocalPDR=0.00% (Fwd=0/Rcv=0) | E2E_PDR=0.00% (0/0) | RelayPDR=0.00% (Fwd=0/Rcv=0)
Node 19 | LocalPDR=0.00% (Fwd=0/Rcv=0) | E2E_PDR=0.00% (0/0) | RelayPDR=0.00% (Fwd=0/Rcv=0)
Node 20 | LocalPDR=0.00% (Fwd=0/Rcv=0) | E2E_PDR=0.00% (0/0) | RelayPDR=0.00% (Fwd=0/Rcv=0)
Node 21 | LocalPDR=0.00% (Fwd=0/Rcv=0) | E2E_PDR=0.00% (0/0) | RelayPDR=0.00% (Fwd=0/Rcv=0)
Node 22 | LocalPDR=0.00% (Fwd=0/Rcv=0) | E2E_PDR=0.00% (0/0) | RelayPDR=0.00% (Fwd=0/Rcv=0)
Node 23 | LocalPDR=0.00% (Fwd=0/Rcv=0) | E2E_PDR=0.00% (0/0) | RelayPDR=0.00% (Fwd=0/Rcv=0)
Node 24 | LocalPDR=0.00% (Fwd=0/Rcv=0) | E2E_PDR=0.00% (0/0) | RelayPDR=0.00% (Fwd=0/Rcv=0)
Node 25 | LocalPDR=0.00% (Fwd=0/Rcv=0) | E2E_PDR=0.00% (0/0) | RelayPDR=0.00% (Fwd=0/Rcv=0)
Node 26 | LocalPDR=0.00% (Fwd=0/Rcv=0) | E2E_PDR=0.00% (0/0) | RelayPDR=0.00% (Fwd=0/Rcv=0)
Node 27 | LocalPDR=0.00% (Fwd=0/Rcv=0) | E2E_PDR=0.00% (0/0) | RelayPDR=0.00% (Fwd=0/Rcv=0)
Node 28 | LocalPDR=0.00% (Fwd=0/Rcv=0) | E2E_PDR=0.00% (0/0) | RelayPDR=0.00% (Fwd=0/Rcv=0)
Node 29 | LocalPDR=0.00% (Fwd=0/Rcv=0) | E2E_PDR=0.00% (0/0) | RelayPDR=0.00% (Fwd=0/Rcv=0)
Node 30 | LocalPDR=0.00% (Fwd=0/Rcv=0) | E2E_PDR=0.00% (0/0) | RelayPDR=0.00% (Fwd=0/Rcv=0)
Node 31 | LocalPDR=0.00% (Fwd=0/Rcv=0) | E2E_PDR=0.00% (0/0) | RelayPDR=0.00% (Fwd=0/Rcv=0)
Node 32 | LocalPDR=0.00% (Fwd=0/Rcv=0) | E2E_PDR=0.00% (0/0) | RelayPDR=0.00% (Fwd=0/Rcv=0)
Node 33 | LocalPDR=0.00% (Fwd=0/Rcv=0) | E2E_PDR=0.00% (0/0) | RelayPDR=0.00% (Fwd=0/Rcv=0)
Node 34 | LocalPDR=0.00% (Fwd=0/Rcv=0) | E2E_PDR=0.00% (0/0) | RelayPDR=0.00% (Fwd=0/Rcv=0)
Node 35 | LocalPDR=0.00% (Fwd=0/Rcv=0) | E2E_PDR=0.00% (0/0) | RelayPDR=0.00% (Fwd=0/Rcv=0)
Node 36 | LocalPDR=0.00% (Fwd=0/Rcv=0) | E2E_PDR=0.00% (0/0) | RelayPDR=0.00% (Fwd=0/Rcv=0)
Node 37 | LocalPDR=0.00% (Fwd=0/Rcv=0) | E2E_PDR=0.00% (0/0) | RelayPDR=0.00% (Fwd=0/Rcv=0)
Node 38 | LocalPDR=0.00% (Fwd=0/Rcv=0) | E2E_PDR=0.00% (0/0) | RelayPDR=0.00% (Fwd=0/Rcv=0)
Node 39 | LocalPDR=0.00% (Fwd=0/Rcv=0) | E2E_PDR=0.00% (0/0) | RelayPDR=0.00% (Fwd=0/Rcv=0)
Node 40 | LocalPDR=0.00% (Fwd=0/Rcv=0) | E2E_PDR=0.00% (0/0) | RelayPDR=0.00% (Fwd=0/Rcv=0)
Node 41 | LocalPDR=0.00% (Fwd=0/Rcv=0) | E2E_PDR=0.00% (0/0) | RelayPDR=0.00% (Fwd=0/Rcv=0)
Node 42 | LocalPDR=0.00% (Fwd=0/Rcv=0) | E2E_PDR=0.00% (0/0) | RelayPDR=0.00% (Fwd=0/Rcv=0)
Node 43 | LocalPDR=0.00% (Fwd=0/Rcv=0) | E2E_PDR=0.00% (0/0) | RelayPDR=0.00% (Fwd=0/Rcv=0)
Node 44 | LocalPDR=0.00% (Fwd=0/Rcv=0) | E2E_PDR=0.00% (0/0) | RelayPDR=0.00% (Fwd=0/Rcv=0)
Node 45 | LocalPDR=0.00% (Fwd=0/Rcv=0) | E2E_PDR=0.00% (0/0) | RelayPDR=0.00% (Fwd=0/Rcv=0)
Node 46 | LocalPDR=0.00% (Fwd=0/Rcv=0) | E2E_PDR=0.00% (0/0) | RelayPDR=0.00% (Fwd=0/Rcv=0)
Node 47 | LocalPDR=0.00% (Fwd=0/Rcv=0) | E2E_PDR=0.00% (0/0) | RelayPDR=0.00% (Fwd=0/Rcv=0)
Node 48 | LocalPDR=0.00% (Fwd=0/Rcv=0) | E2E_PDR=0.00% (0/0) | RelayPDR=0.00% (Fwd=0/Rcv=0)
Node 49 | LocalPDR=0.00% (Fwd=0/Rcv=0) | E2E_PDR=0.00% (0/0) | RelayPDR=0.00% (Fwd=0/Rcv=0)
Node 50 | LocalPDR=0.00% (Fwd=0/Rcv=0) | E2E_PDR=0.00% (0/0) | RelayPDR=0.00% (Fwd=0/Rcv=0)
Node 51 | LocalPDR=0.00% (Fwd=0/Rcv=0) | E2E_PDR=0.00% (0/0) | RelayPDR=0.00% (Fwd=0/Rcv=0)
Node 52 | LocalPDR=0.00% (Fwd=0/Rcv=0) | E2E_PDR=0.00% (0/0) | RelayPDR=0.00% (Fwd=0/Rcv=0)
Node 53 | LocalPDR=0.00% (Fwd=0/Rcv=0) | E2E_PDR=0.00% (0/0) | RelayPDR=0.00% (Fwd=0/Rcv=0)
Node 54 | LocalPDR=0.00% (Fwd=0/Rcv=0) | E2E_PDR=0.00% (0/0) | RelayPDR=0.00% (Fwd=0/Rcv=0)
Node 55 | LocalPDR=0.00% (Fwd=0/Rcv=0) | E2E_PDR=0.00% (0/0) | RelayPDR=0.00% (Fwd=0/Rcv=0)
Node 56 | LocalPDR=0.00% (Fwd=0/Rcv=0) | E2E_PDR=0.00% (0/0) | RelayPDR=0.00% (Fwd=0/Rcv=0)
Node 57 | LocalPDR=0.00% (Fwd=0/Rcv=0) | E2E_PDR=0.00% (0/0) | RelayPDR=0.00% (Fwd=0/Rcv=0)
Node 58 | LocalPDR=0.00% (Fwd=0/Rcv=0) | E2E_PDR=0.00% (0/0) | RelayPDR=0.00% (Fwd=0/Rcv=0)
Node 59 | LocalPDR=0.00% (Fwd=0/Rcv=0) | E2E_PDR=0.00% (0/0) | RelayPDR=0.00% (Fwd=0/Rcv=0)
Node 60 | LocalPDR=0.00% (Fwd=0/Rcv=0) | E2E_PDR=0.00% (0/0) | RelayPDR=0.00% (Fwd=0/Rcv=0)
Node 61 | LocalPDR=0.00% (Fwd=0/Rcv=0) | E2E_PDR=0.00% (0/0) | RelayPDR=0.00% (Fwd=0/Rcv=0)
Node 62 | LocalPDR=0.00% (Fwd=0/Rcv=0) | E2E_PDR=0.00% (0/0) | RelayPDR=0.00% (Fwd=0/Rcv=0)
Node 63 | LocalPDR=0.00% (Fwd=0/Rcv=0) | E2E_PDR=0.00% (0/0) | RelayPDR=0.00% (Fwd=0/Rcv=0)
Node 64 | LocalPDR=0.00% (Fwd=0/Rcv=0) | E2E_PDR=0.00% (0/0) | RelayPDR=0.00% (Fwd=0/Rcv=0)
Node 65 | LocalPDR=0.00% (Fwd=0/Rcv=0) | E2E_PDR=0.00% (0/0) | RelayPDR=0.00% (Fwd=0/Rcv=0)
Node 66 | LocalPDR=0.00% (Fwd=0/Rcv=0) | E2E_PDR=0.00% (0/0) | RelayPDR=0.00% (Fwd=0/Rcv=0)
Node 67 | LocalPDR=0.00% (Fwd=0/Rcv=0) | E2E_PDR=0.00% (0/0) | RelayPDR=0.00% (Fwd=0/Rcv=0)
Node 68 | LocalPDR=0.00% (Fwd=0/Rcv=0) | E2E_PDR=0.00% (0/0) | RelayPDR=0.00% (Fwd=0/Rcv=0)
Node 69 | LocalPDR=0.00% (Fwd=0/Rcv=0) | E2E_PDR=0.00% (0/0) | RelayPDR=0.00% (Fwd=0/Rcv=0)
Node 70 | LocalPDR=0.00% (Fwd=0/Rcv=0) | E2E_PDR=0.00% (0/0) | RelayPDR=0.00% (Fwd=0/Rcv=0)
Node 71 | LocalPDR=0.00% (Fwd=0/Rcv=0) | E2E_PDR=0.00% (0/0) | RelayPDR=0.00% (Fwd=0/Rcv=0)
Node 72 | LocalPDR=0.00% (Fwd=0/Rcv=0) | E2E_PDR=0.00% (0/0) | RelayPDR=0.00% (Fwd=0/Rcv=0)
Node 73 | LocalPDR=0.00% (Fwd=0/Rcv=0) | E2E_PDR=0.00% (0/0) | RelayPDR=0.00% (Fwd=0/Rcv=0)
Node 74 | LocalPDR=0.00% (Fwd=0/Rcv=0) | E2E_PDR=0.00% (0/0) | RelayPDR=0.00% (Fwd=0/Rcv=0)
Node 75 | LocalPDR=0.00% (Fwd=0/Rcv=0) | E2E_PDR=0.00% (0/0) | RelayPDR=0.00% (Fwd=0/Rcv=0)
Node 76 | LocalPDR=0.00% (Fwd=0/Rcv=0) | E2E_PDR=0.00% (0/0) | RelayPDR=0.00% (Fwd=0/Rcv=0)
Node 77 | LocalPDR=0.00% (Fwd=0/Rcv=0) | E2E_PDR=0.00% (0/0) | RelayPDR=0.00% (Fwd=0/Rcv=0)
Node 78 | LocalPDR=0.00% (Fwd=0/Rcv=0) | E2E_PDR=0.00% (0/0) | RelayPDR=0.00% (Fwd=0/Rcv=0)
Node 79 | LocalPDR=0.00% (Fwd=0/Rcv=0) | E2E_PDR=0.00% (0/0) | RelayPDR=0.00% (Fwd=0/Rcv=0)
Node 80 | LocalPDR=0.00% (Fwd=0/Rcv=0) | E2E_PDR=0.00% (0/0) | RelayPDR=0.00% (Fwd=0/Rcv=0)
Node 81 | LocalPDR=0.00% (Fwd=0/Rcv=0) | E2E_PDR=0.00% (0/0) | RelayPDR=0.00% (Fwd=0/Rcv=0)
Node 82 | LocalPDR=0.00% (Fwd=0/Rcv=0) | E2E_PDR=0.00% (0/0) | RelayPDR=0.00% (Fwd=0/Rcv=0)
Node 83 | LocalPDR=0.00% (Fwd=0/Rcv=0) | E2E_PDR=0.00% (0/0) | RelayPDR=0.00% (Fwd=0/Rcv=0)
Node 84 | LocalPDR=0.00% (Fwd=0/Rcv=0) | E2E_PDR=0.00% (0/0) | RelayPDR=0.00% (Fwd=0/Rcv=0)
Node 85 | LocalPDR=0.00% (Fwd=0/Rcv=0) | E2E_PDR=0.00% (0/0) | RelayPDR=0.00% (Fwd=0/Rcv=0)
Node 86 | LocalPDR=0.00% (Fwd=0/Rcv=0) | E2E_PDR=0.00% (0/0) | RelayPDR=0.00% (Fwd=0/Rcv=0)
Node 87 | LocalPDR=0.00% (Fwd=0/Rcv=0) | E2E_PDR=0.00% (0/0) | RelayPDR=0.00% (Fwd=0/Rcv=0)
Node 88 | LocalPDR=0.00% (Fwd=0/Rcv=0) | E2E_PDR=0.00% (0/0) | RelayPDR=0.00% (Fwd=0/Rcv=0)
Node 89 | LocalPDR=0.00% (Fwd=0/Rcv=0) | E2E_PDR=0.00% (0/0) | RelayPDR=0.00% (Fwd=0/Rcv=0)
Node 90 | LocalPDR=0.00% (Fwd=0/Rcv=0) | E2E_PDR=0.00% (0/0) | RelayPDR=0.00% (Fwd=0/Rcv=0)
Node 91 | LocalPDR=0.00% (Fwd=0/Rcv=0) | E2E_PDR=0.00% (0/0) | RelayPDR=0.00% (Fwd=0/Rcv=0)
Node 92 | LocalPDR=0.00% (Fwd=0/Rcv=0) | E2E_PDR=0.00% (0/0) | RelayPDR=0.00% (Fwd=0/Rcv=0)
Node 93 | LocalPDR=0.00% (Fwd=0/Rcv=0) | E2E_PDR=0.00% (0/0) | RelayPDR=0.00% (Fwd=0/Rcv=0)
Node 94 | LocalPDR=0.00% (Fwd=0/Rcv=0) | E2E_PDR=0.00% (0/0) | RelayPDR=0.00% (Fwd=0/Rcv=0)
Node 95 | LocalPDR=0.00% (Fwd=0/Rcv=0) | E2E_PDR=0.00% (0/0) | RelayPDR=0.00% (Fwd=0/Rcv=0)
Node 96 | LocalPDR=0.00% (Fwd=0/Rcv=0) | E2E_PDR=0.00% (0/0) | RelayPDR=0.00% (Fwd=0/Rcv=0)
Node 97 | LocalPDR=0.00% (Fwd=0/Rcv=0) | E2E_PDR=0.00% (0/0) | RelayPDR=0.00% (Fwd=0/Rcv=0)
Node 98 | LocalPDR=0.00% (Fwd=0/Rcv=0) | E2E_PDR=0.00% (0/0) | RelayPDR=0.00% (Fwd=0/Rcv=0)
Node 99 | LocalPDR=0.00% (Fwd=0/Rcv=0) | E2E_PDR=0.00% (0/0) | RelayPDR=0.00% (Fwd=0/Rcv=0)
Node 100 | LocalPDR=0.00% (Fwd=0/Rcv=0) | E2E_PDR=0.00% (0/0) | RelayPDR=0.00% (Fwd=0/Rcv=0)
Node 101 | LocalPDR=0.00% (Fwd=0/Rcv=0) | E2E_PDR=0.00% (0/0) | RelayPDR=0.00% (Fwd=0/Rcv=0)
Node 102 | LocalPDR=0.00% (Fwd=0/Rcv=0) | E2E_PDR=0.00% (0/0) | RelayPDR=0.00% (Fwd=0/Rcv=0)
Node 103 | LocalPDR=0.00% (Fwd=0/Rcv=0) | E2E_PDR=0.00% (0/0) | RelayPDR=0.00% (Fwd=0/Rcv=0)
Node 104 | LocalPDR=0.00% (Fwd=0/Rcv=0) | E2E_PDR=0.00% (0/0) | RelayPDR=0.00% (Fwd=0/Rcv=0)
Node 105 | LocalPDR=0.00% (Fwd=0/Rcv=0) | E2E_PDR=0.00% (0/0) | RelayPDR=0.00% (Fwd=0/Rcv=0)
Node 106 | LocalPDR=0.00% (Fwd=0/Rcv=0) | E2E_PDR=0.00% (0/0) | RelayPDR=0.00% (Fwd=0/Rcv=0)
Node 107 | LocalPDR=0.00% (Fwd=0/Rcv=0) | E2E_PDR=0.00% (0/0) | RelayPDR=0.00% (Fwd=0/Rcv=0)
Node 108 | LocalPDR=0.00% (Fwd=0/Rcv=0) | E2E_PDR=0.00% (0/0) | RelayPDR=0.00% (Fwd=0/Rcv=0)
Node 109 | LocalPDR=0.00% (Fwd=0/Rcv=0) | E2E_PDR=0.00% (0/0) | RelayPDR=0.00% (Fwd=0/Rcv=0)
Node 110 | LocalPDR=0.00% (Fwd=0/Rcv=0) | E2E_PDR=0.00% (0/0) | RelayPDR=0.00% (Fwd=0/Rcv=0)
Node 111 | LocalPDR=0.00% (Fwd=0/Rcv=0) | E2E_PDR=0.00% (0/0) | RelayPDR=0.00% (Fwd=0/Rcv=0)
Node 112 | LocalPDR=0.00% (Fwd=0/Rcv=0) | E2E_PDR=0.00% (0/0) | RelayPDR=0.00% (Fwd=0/Rcv=0)
Node 113 | LocalPDR=0.00% (Fwd=0/Rcv=0) | E2E_PDR=0.00% (0/0) | RelayPDR=0.00% (Fwd=0/Rcv=0)
Node 114 | LocalPDR=0.00% (Fwd=0/Rcv=0) | E2E_PDR=0.00% (0/0) | RelayPDR=0.00% (Fwd=0/Rcv=0)
Node 115 | LocalPDR=0.00% (Fwd=0/Rcv=0) | E2E_PDR=0.00% (0/0) | RelayPDR=0.00% (Fwd=0/Rcv=0)
Node 116 | LocalPDR=0.00% (Fwd=0/Rcv=0) | E2E_PDR=0.00% (0/0) | RelayPDR=0.00% (Fwd=0/Rcv=0)
Node 117 | LocalPDR=0.00% (Fwd=0/Rcv=0) | E2E_PDR=0.00% (0/0) | RelayPDR=0.00% (Fwd=0/Rcv=0)
Node 118 | LocalPDR=0.00% (Fwd=0/Rcv=0) | E2E_PDR=0.00% (0/0) | RelayPDR=0.00% (Fwd=0/Rcv=0)
Node 119 | LocalPDR=0.00% (Fwd=0/Rcv=0) | E2E_PDR=0.00% (0/0) | RelayPDR=0.00% (Fwd=0/Rcv=0)
Node 120 | LocalPDR=0.00% (Fwd=0/Rcv=0) | E2E_PDR=0.00% (0/0) | RelayPDR=0.00% (Fwd=0/Rcv=0)
Node 121 | LocalPDR=0.00% (Fwd=0/Rcv=0) | E2E_PDR=0.00% (0/0) | RelayPDR=0.00% (Fwd=0/Rcv=0)
Node 122 | LocalPDR=0.00% (Fwd=0/Rcv=0) | E2E_PDR=0.00% (0/0) | RelayPDR=0.00% (Fwd=0/Rcv=0)
Node 123 | LocalPDR=0.00% (Fwd=0/Rcv=0) | E2E_PDR=0.00% (0/0) | RelayPDR=0.00% (Fwd=0/Rcv=0)
Node 124 | LocalPDR=0.00% (Fwd=0/Rcv=0) | E2E_PDR=0.00% (0/0) | RelayPDR=0.00% (Fwd=0/Rcv=0)
Node 125 | LocalPDR=0.00% (Fwd=0/Rcv=0) | E2E_PDR=0.00% (0/0) | RelayPDR=0.00% (Fwd=0/Rcv=0)
Node 126 | LocalPDR=0.00% (Fwd=0/Rcv=0) | E2E_PDR=0.00% (0/0) | RelayPDR=0.00% (Fwd=0/Rcv=0)
Node 127 | LocalPDR=0.00% (Fwd=0/Rcv=0) | E2E_PDR=0.00% (0/0) | RelayPDR=0.00% (Fwd=0/Rcv=0)
Node 128 | LocalPDR=0.00% (Fwd=0/Rcv=0) | E2E_PDR=0.00% (0/0) | RelayPDR=0.00% (Fwd=0/Rcv=0)
Node 129 | LocalPDR=0.00% (Fwd=0/Rcv=0) | E2E_PDR=0.00% (0/0) | RelayPDR=0.00% (Fwd=0/Rcv=0)
Node 130 | LocalPDR=0.00% (Fwd=0/Rcv=0) | E2E_PDR=0.00% (0/0) | RelayPDR=0.00% (Fwd=0/Rcv=0)
Node 131 | LocalPDR=0.00% (Fwd=0/Rcv=0) | E2E_PDR=0.00% (0/0) | RelayPDR=0.00% (Fwd=0/Rcv=0)
Node 132 | LocalPDR=0.00% (Fwd=0/Rcv=0) | E2E_PDR=0.00% (0/0) | RelayPDR=0.00% (Fwd=0/Rcv=0)
Node 133 | LocalPDR=0.00% (Fwd=0/Rcv=0) | E2E_PDR=0.00% (0/0) | RelayPDR=0.00% (Fwd=0/Rcv=0)
Node 134 | LocalPDR=0.00% (Fwd=0/Rcv=0) | E2E_PDR=0.00% (0/0) | RelayPDR=0.00% (Fwd=0/Rcv=0)
Node 135 | LocalPDR=0.00% (Fwd=0/Rcv=0) | E2E_PDR=0.00% (0/0) | RelayPDR=0.00% (Fwd=0/Rcv=0)
Node 136 | LocalPDR=0.00% (Fwd=0/Rcv=0) | E2E_PDR=0.00% (0/0) | RelayPDR=0.00% (Fwd=0/Rcv=0)
Node 137 | LocalPDR=0.00% (Fwd=0/Rcv=0) | E2E_PDR=0.00% (0/0) | RelayPDR=0.00% (Fwd=0/Rcv=0)
Node 138 | LocalPDR=0.00% (Fwd=0/Rcv=0) | E2E_PDR=0.00% (0/0) | RelayPDR=0.00% (Fwd=0/Rcv=0)
Node 139 | LocalPDR=0.00% (Fwd=0/Rcv=0) | E2E_PDR=0.00% (0/0) | RelayPDR=0.00% (Fwd=0/Rcv=0)
Node 140 | LocalPDR=0.00% (Fwd=0/Rcv=0) | E2E_PDR=0.00% (0/0) | RelayPDR=0.00% (Fwd=0/Rcv=0)
Node 141 | LocalPDR=0.00% (Fwd=0/Rcv=0) | E2E_PDR=0.00% (0/0) | RelayPDR=0.00% (Fwd=0/Rcv=0)
Node 142 | LocalPDR=0.00% (Fwd=0/Rcv=0) | E2E_PDR=0.00% (0/0) | RelayPDR=0.00% (Fwd=0/Rcv=0)
Node 143 | LocalPDR=0.00% (Fwd=0/Rcv=0) | E2E_PDR=0.00% (0/0) | RelayPDR=0.00% (Fwd=0/Rcv=0)
Node 144 | LocalPDR=0.00% (Fwd=0/Rcv=0) | E2E_PDR=0.00% (0/0) | RelayPDR=0.00% (Fwd=0/Rcv=0)
Node 145 | LocalPDR=0.00% (Fwd=0/Rcv=0) | E2E_PDR=0.00% (0/0) | RelayPDR=0.00% (Fwd=0/Rcv=0)
Node 146 | LocalPDR=0.00% (Fwd=0/Rcv=0) | E2E_PDR=0.00% (0/0) | RelayPDR=0.00% (Fwd=0/Rcv=0)
Node 147 | LocalPDR=0.00% (Fwd=0/Rcv=0) | E2E_PDR=0.00% (0/0) | RelayPDR=0.00% (Fwd=0/Rcv=0)
Node 148 | LocalPDR=0.00% (Fwd=0/Rcv=0) | E2E_PDR=0.00% (0/0) | RelayPDR=0.00% (Fwd=0/Rcv=0)
Node 149 | LocalPDR=0.00% (Fwd=0/Rcv=0) | E2E_PDR=0.00% (0/0) | RelayPDR=0.00% (Fwd=0/Rcv=0)
Node 150 | LocalPDR=0.00% (Fwd=0/Rcv=0) | E2E_PDR=0.00% (0/0) | RelayPDR=0.00% (Fwd=0/Rcv=0)
Node 151 | LocalPDR=0.00% (Fwd=0/Rcv=0) | E2E_PDR=0.00% (0/0) | RelayPDR=0.00% (Fwd=0/Rcv=0)
Node 152 | LocalPDR=0.00% (Fwd=0/Rcv=0) | E2E_PDR=0.00% (0/0) | RelayPDR=0.00% (Fwd=0/Rcv=0)
Node 153 | LocalPDR=0.00% (Fwd=0/Rcv=0) | E2E_PDR=0.00% (0/0) | RelayPDR=0.00% (Fwd=0/Rcv=0)
Node 154 | LocalPDR=0.00% (Fwd=0/Rcv=0) | E2E_PDR=0.00% (0/0) | RelayPDR=0.00% (Fwd=0/Rcv=0)
Node 155 | LocalPDR=0.00% (Fwd=0/Rcv=0) | E2E_PDR=0.00% (0/0) | RelayPDR=0.00% (Fwd=0/Rcv=0)
Node 156 | LocalPDR=0.00% (Fwd=0/Rcv=0) | E2E_PDR=0.00% (0/0) | RelayPDR=0.00% (Fwd=0/Rcv=0)
Node 157 | LocalPDR=0.00% (Fwd=0/Rcv=0) | E2E_PDR=0.00% (0/0) | RelayPDR=0.00% (Fwd=0/Rcv=0)
Node 158 | LocalPDR=0.00% (Fwd=0/Rcv=0) | E2E_PDR=0.00% (0/0) | RelayPDR=0.00% (Fwd=0/Rcv=0)
Node 159 | LocalPDR=0.00% (Fwd=0/Rcv=0) | E2E_PDR=0.00% (0/0) | RelayPDR=0.00% (Fwd=0/Rcv=0)
Node 160 | LocalPDR=0.00% (Fwd=0/Rcv=0) | E2E_PDR=0.00% (0/0) | RelayPDR=0.00% (Fwd=0/Rcv=0)
Node 161 | LocalPDR=0.00% (Fwd=0/Rcv=0) | E2E_PDR=0.00% (0/0) | RelayPDR=0.00% (Fwd=0/Rcv=0)
Node 162 | LocalPDR=0.00% (Fwd=0/Rcv=0) | E2E_PDR=0.00% (0/0) | RelayPDR=0.00% (Fwd=0/Rcv=0)
Node 163 | LocalPDR=0.00% (Fwd=0/Rcv=0) | E2E_PDR=0.00% (0/0) | RelayPDR=0.00% (Fwd=0/Rcv=0)
Node 164 | LocalPDR=0.00% (Fwd=0/Rcv=0) | E2E_PDR=0.00% (0/0) | RelayPDR=0.00% (Fwd=0/Rcv=0)
Node 165 | LocalPDR=0.00% (Fwd=0/Rcv=0) | E2E_PDR=0.00% (0/0) | RelayPDR=0.00% (Fwd=0/Rcv=0)
Node 166 | LocalPDR=0.00% (Fwd=0/Rcv=0) | E2E_PDR=0.00% (0/0) | RelayPDR=0.00% (Fwd=0/Rcv=0)
Node 167 | LocalPDR=0.00% (Fwd=0/Rcv=0) | E2E_PDR=0.00% (0/0) | RelayPDR=0.00% (Fwd=0/Rcv=0)
Node 168 | LocalPDR=0.00% (Fwd=0/Rcv=0) | E2E_PDR=0.00% (0/0) | RelayPDR=0.00% (Fwd=0/Rcv=0)
Node 169 | LocalPDR=0.00% (Fwd=0/Rcv=0) | E2E_PDR=0.00% (0/0) | RelayPDR=0.00% (Fwd=0/Rcv=0)
Node 170 | LocalPDR=0.00% (Fwd=0/Rcv=0) | E2E_PDR=0.00% (0/0) | RelayPDR=0.00% (Fwd=0/Rcv=0)
Node 171 | LocalPDR=0.00% (Fwd=0/Rcv=0) | E2E_PDR=0.00% (0/0) | RelayPDR=0.00% (Fwd=0/Rcv=0)
Node 172 | LocalPDR=0.00% (Fwd=0/Rcv=0) | E2E_PDR=0.00% (0/0) | RelayPDR=0.00% (Fwd=0/Rcv=0)
Node 173 | LocalPDR=0.00% (Fwd=0/Rcv=0) | E2E_PDR=0.00% (0/0) | RelayPDR=0.00% (Fwd=0/Rcv=0)
Node 174 | LocalPDR=0.00% (Fwd=0/Rcv=0) | E2E_PDR=0.00% (0/0) | RelayPDR=0.00% (Fwd=0/Rcv=0)
Node 175 | LocalPDR=0.00% (Fwd=0/Rcv=0) | E2E_PDR=0.00% (0/0) | RelayPDR=0.00% (Fwd=0/Rcv=0)
Node 176 | LocalPDR=0.00% (Fwd=0/Rcv=0) | E2E_PDR=0.00% (0/0) | RelayPDR=0.00% (Fwd=0/Rcv=0)
Node 177 | LocalPDR=0.00% (Fwd=0/Rcv=0) | E2E_PDR=0.00% (0/0) | RelayPDR=0.00% (Fwd=0/Rcv=0)
Node 178 | LocalPDR=0.00% (Fwd=0/Rcv=0) | E2E_PDR=0.00% (0/0) | RelayPDR=0.00% (Fwd=0/Rcv=0)
Node 179 | LocalPDR=0.00% (Fwd=0/Rcv=0) | E2E_PDR=0.00% (0/0) | RelayPDR=0.00% (Fwd=0/Rcv=0)
Node 180 | LocalPDR=0.00% (Fwd=0/Rcv=0) | E2E_PDR=0.00% (0/0) | RelayPDR=0.00% (Fwd=0/Rcv=0)
Node 181 | LocalPDR=0.00% (Fwd=0/Rcv=0) | E2E_PDR=0.00% (0/0) | RelayPDR=0.00% (Fwd=0/Rcv=0)
Node 182 | LocalPDR=0.00% (Fwd=0/Rcv=0) | E2E_PDR=0.00% (0/0) | RelayPDR=0.00% (Fwd=0/Rcv=0)
Node 183 | LocalPDR=0.00% (Fwd=0/Rcv=0) | E2E_PDR=0.00% (0/0) | RelayPDR=0.00% (Fwd=0/Rcv=0)
Node 184 | LocalPDR=0.00% (Fwd=0/Rcv=0) | E2E_PDR=0.00% (0/0) | RelayPDR=0.00% (Fwd=0/Rcv=0)
Node 185 | LocalPDR=0.00% (Fwd=0/Rcv=0) | E2E_PDR=0.00% (0/0) | RelayPDR=0.00% (Fwd=0/Rcv=0)
Node 186 | LocalPDR=0.00% (Fwd=0/Rcv=0) | E2E_PDR=0.00% (0/0) | RelayPDR=0.00% (Fwd=0/Rcv=0)
Node 187 | LocalPDR=0.00% (Fwd=0/Rcv=0) | E2E_PDR=0.00% (0/0) | RelayPDR=0.00% (Fwd=0/Rcv=0)
Node 188 | LocalPDR=0.00% (Fwd=0/Rcv=0) | E2E_PDR=0.00% (0/0) | RelayPDR=0.00% (Fwd=0/Rcv=0)
Node 189 | LocalPDR=0.00% (Fwd=0/Rcv=0) | E2E_PDR=0.00% (0/0) | RelayPDR=0.00% (Fwd=0/Rcv=0)
Node 190 | LocalPDR=0.00% (Fwd=0/Rcv=0) | E2E_PDR=0.00% (0/0) | RelayPDR=0.00% (Fwd=0/Rcv=0)
Node 191 | LocalPDR=0.00% (Fwd=0/Rcv=0) | E2E_PDR=0.00% (0/0) | RelayPDR=0.00% (Fwd=0/Rcv=0)
Node 192 | LocalPDR=0.00% (Fwd=0/Rcv=0) | E2E_PDR=0.00% (0/0) | RelayPDR=0.00% (Fwd=0/Rcv=0)
Node 193 | LocalPDR=0.00% (Fwd=0/Rcv=0) | E2E_PDR=0.00% (0/0) | RelayPDR=0.00% (Fwd=0/Rcv=0)
Node 194 | LocalPDR=0.00% (Fwd=0/Rcv=0) | E2E_PDR=0.00% (0/0) | RelayPDR=0.00% (Fwd=0/Rcv=0)
Node 195 | LocalPDR=0.00% (Fwd=0/Rcv=0) | E2E_PDR=0.00% (0/0) | RelayPDR=0.00% (Fwd=0/Rcv=0)
Node 196 | LocalPDR=0.00% (Fwd=0/Rcv=0) | E2E_PDR=0.00% (0/0) | RelayPDR=0.00% (Fwd=0/Rcv=0)
Node 197 | LocalPDR=0.00% (Fwd=0/Rcv=0) | E2E_PDR=0.00% (0/0) | RelayPDR=0.00% (Fwd=0/Rcv=0)
Node 198 | LocalPDR=0.00% (Fwd=0/Rcv=0) | E2E_PDR=0.00% (0/0) | RelayPDR=0.00% (Fwd=0/Rcv=0)
Node 199 | LocalPDR=0.00% (Fwd=0/Rcv=0) | E2E_PDR=0.00% (0/0) | RelayPDR=0.00% (Fwd=0/Rcv=0)
Node 200 | LocalPDR=0.00% (Fwd=0/Rcv=0) | E2E_PDR=0.00% (0/0) | RelayPDR=0.00% (Fwd=0/Rcv=0)
Node 201 | LocalPDR=0.00% (Fwd=0/Rcv=0) | E2E_PDR=0.00% (0/0) | RelayPDR=0.00% (Fwd=0/Rcv=0)
Node 202 | LocalPDR=0.00% (Fwd=0/Rcv=0) | E2E_PDR=0.00% (0/0) | RelayPDR=0.00% (Fwd=0/Rcv=0)
Node 203 | LocalPDR=0.00% (Fwd=0/Rcv=0) | E2E_PDR=0.00% (0/0) | RelayPDR=0.00% (Fwd=0/Rcv=0)
Node 204 | LocalPDR=0.00% (Fwd=0/Rcv=0) | E2E_PDR=0.00% (0/0) | RelayPDR=0.00% (Fwd=0/Rcv=0)
====================
written to file successfully
Solution at nodes cleared at 4.00
sent all flow data from node 16
current time is 4.00
Intial transmission packet dropped for flow id 8packet ID: 4
Intial transmission packet dropped for flow id 8packet ID: 2
At controller: updated flow source 6to destination 9flow size 3packet size 750QoS 1
At controller: updated flow source 7to destination 10flow size 1packet size 750QoS 1
At controller: updated flow source 8to destination 11flow size 1packet size 750QoS 1
At controller: updated flow source 9to destination 12flow size 3packet size 750QoS 1
At controller: updated flow source 10to destination 13flow size 3packet size 750QoS 1
At controller: updated flow source 11to destination 14flow size 3packet size 750QoS 1
At controller: updated flow source 12to destination 15flow size 2packet size 750QoS 1
At controller: updated flow source 13to destination 6flow size 1packet size 750QoS 1
At controller: updated flow source 14to destination 7flow size 0packet size 750QoS 1
At controller: updated flow source 15to destination 8flow size 2packet size 750QoS 1
At controller: updated flow source 6to destination 9flow size 3packet size 750QoS 1
At controller: updated flow source 7to destination 10flow size 2packet size 750QoS 1
Retransmission packet dropped for flow id 6packet ID: 2
Retransmission packet dropped for flow id 4packet ID: 2
Intial transmission packet dropped for flow id 8packet ID: 3
Retransmission packet dropped for flow id 4packet ID: 3
link lifetime optimization beginning at 4.03
finished writing link lifetime status at4.03
Set parameter Username
Set parameter Threads to value 1
delay is 4919
reading lifetime from csv at4.03
link lifetime conversion finished at+4034600000.00ns
updating flows - path finding at4.03
Routing stable: Number of stable paths from source: 6to destination 9is 0 at timestamp 4.03
Routing stable: Number of stable paths from source: 7to destination 10is 3 at timestamp 4.03
Routing stable: Number of stable paths from source: 8to destination 11is 1 at timestamp 4.03
Routing stable: Number of stable paths from source: 9to destination 12is 1 at timestamp 4.03
Routing stable: Number of stable paths from source: 10to destination 13is 1 at timestamp 4.03
Routing stable: Number of stable paths from source: 11to destination 14is 2 at timestamp 4.03
Routing stable: Number of stable paths from source: 12to destination 15is 1 at timestamp 4.03
Routing stable: Number of stable paths from source: 13to destination 6is 0 at timestamp 4.03
Routing stable: Number of stable paths from source: 14to destination 7is 3 at timestamp 4.03
Routing stable: Number of stable paths from source: 15to destination 8is 2 at timestamp 4.03
Routing stable: Number of stable paths from source: 6to destination 9is 0 at timestamp 4.03
Routing stable: Number of stable paths from source: 7to destination 10is 3 at timestamp 4.03
[FLOW3-DEBUG] filter_flows flow_id=0 paths=0 t=4.04
[FLOW3-DEBUG] filter_flows flow_id=1 paths=3 t=4.04
[FLOW3-DEBUG] filter_flows flow_id=2 paths=1 t=4.04
[FLOW3-DEBUG] filter_flows flow_id=3 paths=1 t=4.04
[FLOW3-DEBUG] filter_flows flow_id=4 paths=1 t=4.04
[FLOW3-DEBUG] filter_flows flow_id=5 paths=2 t=4.04
[FLOW3-DEBUG] filter_flows flow_id=6 paths=1 t=4.04
[FLOW3-DEBUG] filter_flows flow_id=7 paths=0 t=4.04
[FLOW3-DEBUG] filter_flows flow_id=8 paths=3 t=4.04
[FLOW3-DEBUG] filter_flows flow_id=9 paths=2 t=4.04
[FLOW3-DEBUG] filter_flows flow_id=10 paths=0 t=4.04
[FLOW3-DEBUG] filter_flows flow_id=11 paths=3 t=4.04
Number of connected flows 9at timestamp 4.04
DEBUG matrix values:
  [0][1] = 31622768.86
  [1][0] = 31622768.86
  [1][2] = 31622768.86
  [2][1] = 31622768.86
  [2][3] = 31622768.86
  [3][2] = 31622768.86
  [3][4] = 31622768.86
  [4][3] = 31622768.86
  [4][5] = 31622768.86
  [5][4] = 31622768.86
  [5][6] = 31622768.86
  [6][5] = 31622768.86
  [7][8] = 31622768.86
  [7][14] = 31622768.86
  [7][16] = 6.65
  [8][7] = 31622768.86
  [8][9] = 31622768.86
  [8][15] = 31622768.86
  [9][8] = 31622768.86
  [9][10] = 31622768.86
  [10][9] = 31622768.86
  [10][11] = 31622768.86
  [11][10] = 31622768.86
  [11][12] = 31622768.86
  [12][11] = 31622768.86
  [12][13] = 31622768.86
  [13][12] = 31622768.86
  [14][7] = 31622768.86
  [14][15] = 31622768.86
  [14][16] = 2.10
  [15][8] = 31622768.86
  [15][14] = 31622768.86
  [16][7] = 6.65
  [16][14] = 2.10
DEBUG threshold: 0.40
DEBUG max lifetime in matrix: 31622768.86
DEBUG matrix size: 17
Proposed RL started at 4.04
1
1
1
1
1
1
1
1
1
1
1
1
Proposed RL learning finished at 4.04
Transmitting delta values at4.04
CP-TS TAMPER (target flow=0): node=0 flow=0 t=4.04
CP-TS NO TAMPER (non-target flow): node=0 flow=1
CP-TS NO TAMPER (non-target flow): node=0 flow=2
CP-TS NO TAMPER (non-target flow): node=0 flow=3
CP-TS NO TAMPER (non-target flow): node=0 flow=4
CP-TS NO TAMPER (non-target flow): node=0 flow=5
CP-TS NO TAMPER (non-target flow): node=0 flow=6
CP-TS NO TAMPER (non-target flow): node=0 flow=7
CP-TS NO TAMPER (non-target flow): node=0 flow=8
CP-TS NO TAMPER (non-target flow): node=0 flow=9
CP-TS NO TAMPER (non-target flow): node=0 flow=10
CP-TS NO TAMPER (non-target flow): node=0 flow=11
CP-TS TAMPER (target flow=0): node=1 flow=0 t=4.04
CP-TS NO TAMPER (non-target flow): node=1 flow=1
CP-TS NO TAMPER (non-target flow): node=1 flow=2
CP-TS NO TAMPER (non-target flow): node=1 flow=3
CP-TS NO TAMPER (non-target flow): node=1 flow=4
CP-TS NO TAMPER (non-target flow): node=1 flow=5
CP-TS NO TAMPER (non-target flow): node=1 flow=6
CP-TS NO TAMPER (non-target flow): node=1 flow=7
CP-TS NO TAMPER (non-target flow): node=1 flow=8
CP-TS NO TAMPER (non-target flow): node=1 flow=9
CP-TS NO TAMPER (non-target flow): node=1 flow=10
CP-TS NO TAMPER (non-target flow): node=1 flow=11
CP-TS TAMPER (target flow=0): node=4 flow=0 t=4.04
CP-TS NO TAMPER (non-target flow): node=4 flow=1
CP-TS NO TAMPER (non-target flow): node=4 flow=2
CP-TS NO TAMPER (non-target flow): node=4 flow=3
CP-TS NO TAMPER (non-target flow): node=4 flow=4
CP-TS NO TAMPER (non-target flow): node=4 flow=5
CP-TS NO TAMPER (non-target flow): node=4 flow=6
CP-TS NO TAMPER (non-target flow): node=4 flow=7
CP-TS NO TAMPER (non-target flow): node=4 flow=8
CP-TS NO TAMPER (non-target flow): node=4 flow=9
CP-TS NO TAMPER (non-target flow): node=4 flow=10
CP-TS NO TAMPER (non-target flow): node=4 flow=11
CP-TS TAMPER (target flow=0): node=5 flow=0 t=4.04
CP-TS NO TAMPER (non-target flow): node=5 flow=1
CP-TS NO TAMPER (non-target flow): node=5 flow=2
CP-TS NO TAMPER (non-target flow): node=5 flow=3
CP-TS NO TAMPER (non-target flow): node=5 flow=4
CP-TS NO TAMPER (non-target flow): node=5 flow=5
CP-TS NO TAMPER (non-target flow): node=5 flow=6
CP-TS NO TAMPER (non-target flow): node=5 flow=7
CP-TS NO TAMPER (non-target flow): node=5 flow=8
CP-TS NO TAMPER (non-target flow): node=5 flow=9
CP-TS NO TAMPER (non-target flow): node=5 flow=10
CP-TS NO TAMPER (non-target flow): node=5 flow=11
CP-TS TAMPER (target flow=0): node=8 flow=0 t=4.04
CP-TS NO TAMPER (non-target flow): node=8 flow=1
CP-TS NO TAMPER (non-target flow): node=8 flow=2
CP-TS NO TAMPER (non-target flow): node=8 flow=3
CP-TS NO TAMPER (non-target flow): node=8 flow=4
CP-TS NO TAMPER (non-target flow): node=8 flow=5
CP-TS NO TAMPER (non-target flow): node=8 flow=6
CP-TS NO TAMPER (non-target flow): node=8 flow=7
CP-TS NO TAMPER (non-target flow): node=8 flow=8
CP-TS NO TAMPER (non-target flow): node=8 flow=9
CP-TS NO TAMPER (non-target flow): node=8 flow=10
CP-TS NO TAMPER (non-target flow): node=8 flow=11
CP-TS TAMPER (target flow=0): node=9 flow=0 t=4.04
CP-TS NO TAMPER (non-target flow): node=9 flow=1
CP-TS NO TAMPER (non-target flow): node=9 flow=2
CP-TS NO TAMPER (non-target flow): node=9 flow=3
CP-TS NO TAMPER (non-target flow): node=9 flow=4
CP-TS NO TAMPER (non-target flow): node=9 flow=5
CP-TS NO TAMPER (non-target flow): node=9 flow=6
CP-TS NO TAMPER (non-target flow): node=9 flow=7
CP-TS NO TAMPER (non-target flow): node=9 flow=8
CP-TS NO TAMPER (non-target flow): node=9 flow=9
CP-TS NO TAMPER (non-target flow): node=9 flow=10
CP-TS NO TAMPER (non-target flow): node=9 flow=11
CP-TS TAMPER (target flow=0): node=12 flow=0 t=4.04
CP-TS NO TAMPER (non-target flow): node=12 flow=1
CP-TS NO TAMPER (non-target flow): node=12 flow=2
CP-TS NO TAMPER (non-target flow): node=12 flow=3
CP-TS NO TAMPER (non-target flow): node=12 flow=4
CP-TS NO TAMPER (non-target flow): node=12 flow=5
CP-TS NO TAMPER (non-target flow): node=12 flow=6
CP-TS NO TAMPER (non-target flow): node=12 flow=7
CP-TS NO TAMPER (non-target flow): node=12 flow=8
CP-TS NO TAMPER (non-target flow): node=12 flow=9
CP-TS NO TAMPER (non-target flow): node=12 flow=10
CP-TS NO TAMPER (non-target flow): node=12 flow=11
CP-TS TAMPER (target flow=0): node=13 flow=0 t=4.04
CP-TS NO TAMPER (non-target flow): node=13 flow=1
CP-TS NO TAMPER (non-target flow): node=13 flow=2
CP-TS NO TAMPER (non-target flow): node=13 flow=3
CP-TS NO TAMPER (non-target flow): node=13 flow=4
CP-TS NO TAMPER (non-target flow): node=13 flow=5
CP-TS NO TAMPER (non-target flow): node=13 flow=6
CP-TS NO TAMPER (non-target flow): node=13 flow=7
CP-TS NO TAMPER (non-target flow): node=13 flow=8
CP-TS NO TAMPER (non-target flow): node=13 flow=9
CP-TS NO TAMPER (non-target flow): node=13 flow=10
CP-TS NO TAMPER (non-target flow): node=13 flow=11
Initialized flow counters at 4.10
[CQ1] flow=0 t=4.10 f_size=0 total_load=0.00 total_packets_this_cycle=0 data_transmission_period=1.00
flow id 0sub flow load is 0.00 next hop 0packets 0
flow id 0sub flow load is 0.00 next hop 1packets 0
flow id 0sub flow load is 0.00 next hop 2packets 0
flow id 0sub flow load is 0.00 next hop 3packets 0
flow id 0sub flow load is 0.00 next hop 4packets 0
flow id 0sub flow load is 0.00 next hop 5packets 0
flow id 0sub flow load is 0.00 next hop 6packets 0
flow id 0sub flow load is 0.00 next hop 7packets 0
flow id 0sub flow load is 0.00 next hop 8packets 0
flow id 0sub flow load is 0.00 next hop 9packets 0
flow id 0sub flow load is 0.00 next hop 10packets 0
flow id 0sub flow load is 0.00 next hop 11packets 0
flow id 0sub flow load is 0.00 next hop 12packets 0
flow id 0sub flow load is 0.00 next hop 13packets 0
flow id 0sub flow load is 0.00 next hop 14packets 0
flow id 0sub flow load is 0.00 next hop 15packets 0
flow id 0sub flow load is 0.00 next hop 16packets 0
Flow id 0 scheduled 0total packets from 6
[CQ1] flow=1 t=4.10 f_size=1 total_load=1.00 total_packets_this_cycle=2 data_transmission_period=1.00
flow id 1sub flow load is 0.00 next hop 0packets 0
flow id 1sub flow load is 0.00 next hop 1packets 0
flow id 1sub flow load is 0.00 next hop 2packets 0
flow id 1sub flow load is 0.00 next hop 3packets 0
flow id 1sub flow load is 0.00 next hop 4packets 0
flow id 1sub flow load is 0.00 next hop 5packets 0
flow id 1sub flow load is 0.00 next hop 6packets 0
flow id 1sub flow load is 0.00 next hop 7packets 0
flow id 1sub flow load is 0.00 next hop 9packets 0
flow id 1sub flow load is 0.00 next hop 10packets 0
flow id 1sub flow load is 0.00 next hop 11packets 0
flow id 1sub flow load is 0.00 next hop 12packets 0
flow id 1sub flow load is 0.00 next hop 13packets 0
flow id 1sub flow load is 0.00 next hop 15packets 0
flow id 1sub flow load is 0.30 next hop 16packets 0
flow id 1sub flow load is 0.33 next hop 14packets 0
flow id 1sub flow load is 0.36 next hop 8packets 2
scheduled in channel 3
scheduled in channel 2
scheduled in channel 1
Flow id 1 scheduled 2total packets from 7
[CQ1] flow=2 t=4.10 f_size=1 total_load=1.00 total_packets_this_cycle=1 data_transmission_period=1.00
flow id 2sub flow load is 0.00 next hop 0packets 0
flow id 2sub flow load is 0.00 next hop 1packets 0
flow id 2sub flow load is 0.00 next hop 2packets 0
flow id 2sub flow load is 0.00 next hop 3packets 0
flow id 2sub flow load is 0.00 next hop 4packets 0
flow id 2sub flow load is 0.00 next hop 5packets 0
flow id 2sub flow load is 0.00 next hop 6packets 0
flow id 2sub flow load is 0.00 next hop 7packets 0
flow id 2sub flow load is 0.00 next hop 8packets 0
flow id 2sub flow load is 0.00 next hop 10packets 0
flow id 2sub flow load is 0.00 next hop 11packets 0
flow id 2sub flow load is 0.00 next hop 12packets 0
flow id 2sub flow load is 0.00 next hop 13packets 0
flow id 2sub flow load is 0.00 next hop 14packets 0
flow id 2sub flow load is 0.00 next hop 15packets 0
flow id 2sub flow load is 0.00 next hop 16packets 0
flow id 2sub flow load is 1.00 next hop 9packets 1
scheduled in channel 1
Flow id 2 scheduled 1total packets from 8
[CQ1] flow=3 t=4.10 f_size=3 total_load=1.00 total_packets_this_cycle=3 data_transmission_period=1.00
flow id 3sub flow load is 0.00 next hop 0packets 0
flow id 3sub flow load is 0.00 next hop 1packets 0
flow id 3sub flow load is 0.00 next hop 2packets 0
flow id 3sub flow load is 0.00 next hop 3packets 0
flow id 3sub flow load is 0.00 next hop 4packets 0
flow id 3sub flow load is 0.00 next hop 5packets 0
flow id 3sub flow load is 0.00 next hop 6packets 0
flow id 3sub flow load is 0.00 next hop 7packets 0
flow id 3sub flow load is 0.00 next hop 8packets 0
flow id 3sub flow load is 0.00 next hop 9packets 0
flow id 3sub flow load is 0.00 next hop 11packets 0
flow id 3sub flow load is 0.00 next hop 12packets 0
flow id 3sub flow load is 0.00 next hop 13packets 0
flow id 3sub flow load is 0.00 next hop 14packets 0
flow id 3sub flow load is 0.00 next hop 15packets 0
flow id 3sub flow load is 0.00 next hop 16packets 0
flow id 3sub flow load is 1.00 next hop 10packets 3
scheduled in channel 1
Flow id 3 scheduled 3total packets from 9
[CQ1] flow=4 t=4.10 f_size=3 total_load=1.00 total_packets_this_cycle=3 data_transmission_period=1.00
flow id 4sub flow load is 0.00 next hop 0packets 0
flow id 4sub flow load is 0.00 next hop 1packets 0
flow id 4sub flow load is 0.00 next hop 2packets 0
flow id 4sub flow load is 0.00 next hop 3packets 0
flow id 4sub flow load is 0.00 next hop 4packets 0
flow id 4sub flow load is 0.00 next hop 5packets 0
flow id 4sub flow load is 0.00 next hop 6packets 0
flow id 4sub flow load is 0.00 next hop 7packets 0
flow id 4sub flow load is 0.00 next hop 8packets 0
flow id 4sub flow load is 0.00 next hop 9packets 0
flow id 4sub flow load is 0.00 next hop 10packets 0
flow id 4sub flow load is 0.00 next hop 12packets 0
flow id 4sub flow load is 0.00 next hop 13packets 0
flow id 4sub flow load is 0.00 next hop 14packets 0
flow id 4sub flow load is 0.00 next hop 15packets 0
flow id 4sub flow load is 0.00 next hop 16packets 0
flow id 4sub flow load is 1.00 next hop 11packets 3
scheduled in channel 1
Flow id 4 scheduled 3total packets from 10
[CQ1] flow=5 t=4.10 f_size=3 total_load=1.00 total_packets_this_cycle=3 data_transmission_period=1.00
flow id 5sub flow load is 0.00 next hop 0packets 0
flow id 5sub flow load is 0.00 next hop 1packets 0
flow id 5sub flow load is 0.00 next hop 2packets 0
flow id 5sub flow load is 0.00 next hop 3packets 0
flow id 5sub flow load is 0.00 next hop 4packets 0
flow id 5sub flow load is 0.00 next hop 5packets 0
flow id 5sub flow load is 0.00 next hop 6packets 0
flow id 5sub flow load is 0.00 next hop 7packets 0
flow id 5sub flow load is 0.00 next hop 8packets 0
flow id 5sub flow load is 0.00 next hop 9packets 0
flow id 5sub flow load is 0.00 next hop 11packets 0
flow id 5sub flow load is 0.00 next hop 12packets 0
flow id 5sub flow load is 0.00 next hop 13packets 0
flow id 5sub flow load is 0.00 next hop 14packets 0
flow id 5sub flow load is 0.00 next hop 15packets 0
flow id 5sub flow load is 0.00 next hop 16packets 0
flow id 5sub flow load is 1.00 next hop 10packets 3
scheduled in channel 1
Flow id 5 scheduled 3total packets from 11
[CQ1] flow=6 t=4.10 f_size=2 total_load=1.00 total_packets_this_cycle=2 data_transmission_period=1.00
flow id 6sub flow load is 0.00 next hop 0packets 0
flow id 6sub flow load is 0.00 next hop 1packets 0
flow id 6sub flow load is 0.00 next hop 2packets 0
flow id 6sub flow load is 0.00 next hop 3packets 0
flow id 6sub flow load is 0.00 next hop 4packets 0
flow id 6sub flow load is 0.00 next hop 5packets 0
flow id 6sub flow load is 0.00 next hop 6packets 0
flow id 6sub flow load is 0.00 next hop 7packets 0
flow id 6sub flow load is 0.00 next hop 8packets 0
flow id 6sub flow load is 0.00 next hop 9packets 0
flow id 6sub flow load is 0.00 next hop 10packets 0
flow id 6sub flow load is 0.00 next hop 12packets 0
flow id 6sub flow load is 0.00 next hop 13packets 0
flow id 6sub flow load is 0.00 next hop 14packets 0
flow id 6sub flow load is 0.00 next hop 15packets 0
flow id 6sub flow load is 0.00 next hop 16packets 0
flow id 6sub flow load is 1.00 next hop 11packets 2
scheduled in channel 1
Flow id 6 scheduled 2total packets from 12
[CQ1] flow=7 t=4.10 f_size=0 total_load=0.00 total_packets_this_cycle=0 data_transmission_period=1.00
flow id 7sub flow load is 0.00 next hop 0packets 0
flow id 7sub flow load is 0.00 next hop 1packets 0
flow id 7sub flow load is 0.00 next hop 2packets 0
flow id 7sub flow load is 0.00 next hop 3packets 0
flow id 7sub flow load is 0.00 next hop 4packets 0
flow id 7sub flow load is 0.00 next hop 5packets 0
flow id 7sub flow load is 0.00 next hop 6packets 0
flow id 7sub flow load is 0.00 next hop 7packets 0
flow id 7sub flow load is 0.00 next hop 8packets 0
flow id 7sub flow load is 0.00 next hop 9packets 0
flow id 7sub flow load is 0.00 next hop 10packets 0
flow id 7sub flow load is 0.00 next hop 11packets 0
flow id 7sub flow load is 0.00 next hop 12packets 0
flow id 7sub flow load is 0.00 next hop 13packets 0
flow id 7sub flow load is 0.00 next hop 14packets 0
flow id 7sub flow load is 0.00 next hop 15packets 0
flow id 7sub flow load is 0.00 next hop 16packets 0
Flow id 7 scheduled 0total packets from 13
[CQ1] flow=8 t=4.10 f_size=0 total_load=0.00 total_packets_this_cycle=0 data_transmission_period=1.00
flow id 8sub flow load is 0.00 next hop 0packets 0
flow id 8sub flow load is 0.00 next hop 1packets 0
flow id 8sub flow load is 0.00 next hop 2packets 0
flow id 8sub flow load is 0.00 next hop 3packets 0
flow id 8sub flow load is 0.00 next hop 4packets 0
flow id 8sub flow load is 0.00 next hop 5packets 0
flow id 8sub flow load is 0.00 next hop 6packets 0
flow id 8sub flow load is 0.00 next hop 7packets 0
flow id 8sub flow load is 0.00 next hop 8packets 0
flow id 8sub flow load is 0.00 next hop 9packets 0
flow id 8sub flow load is 0.00 next hop 10packets 0
flow id 8sub flow load is 0.00 next hop 11packets 0
flow id 8sub flow load is 0.00 next hop 12packets 0
flow id 8sub flow load is 0.00 next hop 13packets 0
flow id 8sub flow load is 0.00 next hop 14packets 0
flow id 8sub flow load is 0.00 next hop 15packets 0
flow id 8sub flow load is 0.00 next hop 16packets 0
Flow id 8 scheduled 0total packets from 14
[CQ1] flow=9 t=4.10 f_size=2 total_load=1.00 total_packets_this_cycle=2 data_transmission_period=1.00
flow id 9sub flow load is 0.00 next hop 0packets 0
flow id 9sub flow load is 0.00 next hop 1packets 0
flow id 9sub flow load is 0.00 next hop 2packets 0
flow id 9sub flow load is 0.00 next hop 3packets 0
flow id 9sub flow load is 0.00 next hop 4packets 0
flow id 9sub flow load is 0.00 next hop 5packets 0
flow id 9sub flow load is 0.00 next hop 6packets 0
flow id 9sub flow load is 0.00 next hop 7packets 0
flow id 9sub flow load is 0.00 next hop 8packets 0
flow id 9sub flow load is 0.00 next hop 9packets 0
flow id 9sub flow load is 0.00 next hop 10packets 0
flow id 9sub flow load is 0.00 next hop 11packets 0
flow id 9sub flow load is 0.00 next hop 12packets 0
flow id 9sub flow load is 0.00 next hop 13packets 0
flow id 9sub flow load is 0.00 next hop 15packets 0
flow id 9sub flow load is 0.00 next hop 16packets 0
flow id 9sub flow load is 1.00 next hop 14packets 2
scheduled in channel 1
Flow id 9 scheduled 2total packets from 15
[CQ1] flow=10 t=4.10 f_size=0 total_load=0.00 total_packets_this_cycle=0 data_transmission_period=1.00
flow id 10sub flow load is 0.00 next hop 0packets 0
flow id 10sub flow load is 0.00 next hop 1packets 0
flow id 10sub flow load is 0.00 next hop 2packets 0
flow id 10sub flow load is 0.00 next hop 3packets 0
flow id 10sub flow load is 0.00 next hop 4packets 0
flow id 10sub flow load is 0.00 next hop 5packets 0
flow id 10sub flow load is 0.00 next hop 6packets 0
flow id 10sub flow load is 0.00 next hop 7packets 0
flow id 10sub flow load is 0.00 next hop 8packets 0
flow id 10sub flow load is 0.00 next hop 9packets 0
flow id 10sub flow load is 0.00 next hop 10packets 0
flow id 10sub flow load is 0.00 next hop 11packets 0
flow id 10sub flow load is 0.00 next hop 12packets 0
flow id 10sub flow load is 0.00 next hop 13packets 0
flow id 10sub flow load is 0.00 next hop 14packets 0
flow id 10sub flow load is 0.00 next hop 15packets 0
flow id 10sub flow load is 0.00 next hop 16packets 0
Flow id 10 scheduled 0total packets from 6
[CQ1] flow=11 t=4.10 f_size=2 total_load=1.00 total_packets_this_cycle=2 data_transmission_period=1.00
flow id 11sub flow load is 0.00 next hop 0packets 0
flow id 11sub flow load is 0.00 next hop 1packets 0
flow id 11sub flow load is 0.00 next hop 2packets 0
flow id 11sub flow load is 0.00 next hop 3packets 0
flow id 11sub flow load is 0.00 next hop 4packets 0
flow id 11sub flow load is 0.00 next hop 5packets 0
flow id 11sub flow load is 0.00 next hop 6packets 0
flow id 11sub flow load is 0.00 next hop 7packets 0
flow id 11sub flow load is 0.00 next hop 8packets 0
flow id 11sub flow load is 0.00 next hop 9packets 0
flow id 11sub flow load is 0.00 next hop 10packets 0
flow id 11sub flow load is 0.00 next hop 11packets 0
flow id 11sub flow load is 0.00 next hop 12packets 0
flow id 11sub flow load is 0.00 next hop 13packets 0
flow id 11sub flow load is 0.00 next hop 15packets 0
flow id 11sub flow load is 0.46 next hop 16packets 0
flow id 11sub flow load is 0.54 next hop 14packets 2
scheduled in channel 2
scheduled in channel 1
Flow id 11 scheduled 2total packets from 7
ATTACK PLACE 1: packet FORWARDED node=14 flow=8 packetID=1 t=4.13
ATTACK PLACE 1: packet FORWARDED node=14 flow=8 packetID=2 t=4.17
DP-FR FORWARD: node=7 flow=1 t=4.23
ATTACK PLACE 1: packet FORWARDED node=7 flow=1 packetID=1 t=4.23
DP-FR DROP: node=8 flow=1 t=4.23
ATTACK PLACE 2: retransmit DROPPED node=8 flow=1 packetID=1 t=4.23
DP-FR DROP: node=8 flow=2 t=4.36
ATTACK PLACE 1: packet DROPPED node=8 flow=2 packetID=1 t=4.36
DP-FR DROP: node=8 flow=2 t=4.36
ATTACK PLACE 1: packet DROPPED node=8 flow=2 packetID=1 t=4.36
DP-FR FORWARD: node=8 flow=2 t=4.36
ATTACK PLACE 1: packet FORWARDED node=8 flow=2 packetID=1 t=4.36
DP-FR DROP: node=9 flow=2 t=4.36
ATTACK PLACE 2: retransmit DROPPED node=9 flow=2 packetID=1 t=4.36
DP-FR FORWARD: node=9 flow=3 t=4.49
ATTACK PLACE 1: packet FORWARDED node=9 flow=3 packetID=1 t=4.49
DP-FR DROP: node=10 flow=3 t=4.49
ATTACK PLACE 2: retransmit DROPPED node=10 flow=3 packetID=1 t=4.49
DP-FR FORWARD: node=7 flow=11 t=4.52
ATTACK PLACE 1: packet FORWARDED node=7 flow=11 packetID=1 t=4.52
DP-FR DROP: node=8 flow=11 t=4.52
ATTACK PLACE 2: retransmit DROPPED node=8 flow=11 packetID=1 t=4.52
DP-FR DROP: node=9 flow=3 t=4.53
ATTACK PLACE 1: packet DROPPED node=9 flow=3 packetID=2 t=4.53
DP-FR DROP: node=9 flow=3 t=4.53
ATTACK PLACE 1: packet DROPPED node=9 flow=3 packetID=2 t=4.53
DP-FR DROP: node=9 flow=3 t=4.53
ATTACK PLACE 1: packet DROPPED node=9 flow=3 packetID=2 t=4.53
DP-FR DROP: node=9 flow=3 t=4.54
ATTACK PLACE 1: packet DROPPED node=9 flow=3 packetID=2 t=4.54
Intial transmission packet dropped for flow id 3packet ID: 2
DP-FR FORWARD: node=7 flow=11 t=4.56
ATTACK PLACE 1: packet FORWARDED node=7 flow=11 packetID=2 t=4.56
DP-FR DROP: node=9 flow=3 t=4.57
ATTACK PLACE 1: packet DROPPED node=9 flow=3 packetID=3 t=4.57
DP-FR FORWARD: node=9 flow=3 t=4.57
ATTACK PLACE 1: packet FORWARDED node=9 flow=3 packetID=3 t=4.57
DP-FR FORWARD: node=7 flow=11 t=4.60
ATTACK PLACE 1: packet FORWARDED node=7 flow=11 packetID=3 t=4.60
DP-FR FORWARD: node=10 flow=4 t=4.61
ATTACK PLACE 1: packet FORWARDED node=10 flow=4 packetID=1 t=4.61
DP-FR FORWARD: node=11 flow=4 t=4.62
ATTACK PLACE 2: retransmit FORWARDED node=11 flow=4 packetID=1 t=4.62
ATTACK PLACE 2: retransmit FORWARDED node=12 flow=4 packetID=1 t=4.62
Flow ID 4received  Packet ID: 1Totally received 1packets at destination 13 at 4.62
DP-FR DROP: node=10 flow=4 t=4.66
ATTACK PLACE 1: packet DROPPED node=10 flow=4 packetID=2 t=4.66
DP-FR DROP: node=10 flow=4 t=4.66
ATTACK PLACE 1: packet DROPPED node=10 flow=4 packetID=2 t=4.66
DP-FR DROP: node=10 flow=4 t=4.66
ATTACK PLACE 1: packet DROPPED node=10 flow=4 packetID=2 t=4.66
DP-FR FORWARD: node=10 flow=4 t=4.66
ATTACK PLACE 1: packet FORWARDED node=10 flow=4 packetID=2 t=4.66
DP-FR FORWARD: node=11 flow=4 t=4.66
ATTACK PLACE 2: retransmit FORWARDED node=11 flow=4 packetID=2 t=4.66
ATTACK PLACE 2: retransmit FORWARDED node=12 flow=4 packetID=2 t=4.67
Flow ID 4received  Packet ID: 2Totally received 2packets at destination 13 at 4.67
DP-FR DROP: node=10 flow=4 t=4.70
ATTACK PLACE 1: packet DROPPED node=10 flow=4 packetID=3 t=4.70
DP-FR FORWARD: node=10 flow=4 t=4.70
ATTACK PLACE 1: packet FORWARDED node=10 flow=4 packetID=3 t=4.70
DP-FR DROP: node=11 flow=4 t=4.70
ATTACK PLACE 2: retransmit DROPPED node=11 flow=4 packetID=3 t=4.70
DP-FR DROP: node=11 flow=5 t=4.74
ATTACK PLACE 1: packet DROPPED node=11 flow=5 packetID=1 t=4.74
DP-FR DROP: node=11 flow=5 t=4.75
ATTACK PLACE 1: packet DROPPED node=11 flow=5 packetID=1 t=4.75
DP-FR FORWARD: node=11 flow=5 t=4.75
ATTACK PLACE 1: packet FORWARDED node=11 flow=5 packetID=1 t=4.75
DP-FR DROP: node=10 flow=5 t=4.75
ATTACK PLACE 2: retransmit DROPPED node=10 flow=5 packetID=1 t=4.75
DP-FR DROP: node=11 flow=5 t=4.79
ATTACK PLACE 1: packet DROPPED node=11 flow=5 packetID=2 t=4.79
DP-FR FORWARD: node=11 flow=5 t=4.79
ATTACK PLACE 1: packet FORWARDED node=11 flow=5 packetID=2 t=4.79
DP-FR FORWARD: node=11 flow=5 t=4.83
ATTACK PLACE 1: packet FORWARDED node=11 flow=5 packetID=3 t=4.83
ATTACK PLACE 1: packet FORWARDED node=12 flow=6 packetID=1 t=4.87
DP-FR DROP: node=11 flow=6 t=4.87
ATTACK PLACE 2: retransmit DROPPED node=11 flow=6 packetID=1 t=4.87
ATTACK PLACE 1: packet FORWARDED node=12 flow=6 packetID=2 t=4.91
[PDQ4] t=5.00 flow0_source=6 flow0_dest=9 direct_source_to_dest_lifetime=0.00 | source's_live_neighbor_lifetimes: 5(ll=3.16228e+07) 
average_latency 1.66 ms
[LW-CP-Det] Controller 0 SUSPECTED — S4:1 S5:1 S6:1
[SHIELD-GH][CP] Controller 0 grey-hole flow rule detected | S4=1 S5=1 S6=1 | Tc=0.00 | truth=MALICIOUS | t=5.00
[LW-CP-Det] Controller 1 SUSPECTED — S4:1 S5:1 S6:1
[SHIELD-GH][CP] Controller 1 grey-hole flow rule detected | S4=1 S5=1 S6=1 | Tc=0.00 | truth=MALICIOUS | t=5.00
[DX3-rcv0fallback] node=6 window=3 t=5.00 flagged=0
[MATD-DEBUG] node=7 maxspeed_kmh=90 speed_mps=25.00 t=5.00
[DQ5] node=7 window=3 t=5.00 R_i=0.54
[LW-DP-Det] Node 7 t=5.00 tau_f_eff=0.75 SUSPECTED — S1:1 S2:1 S3:0 corrPDR=0.48 variance=0.10
[DQ3] node=7 t=5.00 S_total=1.00 R_i=0.54 score=0.78 y_hat=1
[RQ1] node=7 t=5.00 y_hat=1
[RQ3] node=7 t=5.00 enable_matd=0 obs_pdr=1.00 corr_pdr=1.00
[NQ1/NQ2] node=7 t=5.00 rcv=4 response=RATE_LIMIT should_isolate=0 isolated=0
[NQ7/NQ12] node=7 t=5.00 lambda=4 lambda1=2 lambda2=5 Ri_decayed=0.54 statistical_gate=1 zkp_gate_enabled=1 zkp_cached=1 zkp_proof=PASS
[ZQ2/ZQ3] node=7 t=5.00 zkp_cum_received=27 zkp_cum_forwarded=13
[SHIELD-GH] Node 7 RATE-LIMITED | Λ=4
[MATD-DEBUG] node=8 maxspeed_kmh=90 speed_mps=25.00 t=5.00
[DQ5] node=8 window=3 t=5.00 R_i=0.33
[LW-DP-Det] Node 8 t=5.00 tau_f_eff=0.75 SUSPECTED — S1:1 S2:0 S3:0 corrPDR=0.28 variance=0.06
[DQ3] node=8 t=5.00 S_total=1.00 R_i=0.33 score=0.87 y_hat=1
[RQ1] node=8 t=5.00 y_hat=1
[RQ3] node=8 t=5.00 enable_matd=0 obs_pdr=0.14 corr_pdr=0.14
[NQ1/NQ2] node=8 t=5.00 rcv=7 response=RATE_LIMIT should_isolate=0 isolated=0
[NQ7/NQ12] node=8 t=5.00 lambda=4 lambda1=2 lambda2=5 Ri_decayed=0.33 statistical_gate=1 zkp_gate_enabled=1 zkp_cached=1 zkp_proof=PASS
[ZQ2/ZQ3] node=8 t=5.00 zkp_cum_received=25 zkp_cum_forwarded=7
[SHIELD-GH] Node 8 RATE-LIMITED | Λ=4
[MATD-DEBUG] node=9 maxspeed_kmh=90 speed_mps=25.00 t=5.00
[DQ5] node=9 window=3 t=5.00 R_i=0.31
[LW-DP-Det] Node 9 t=5.00 tau_f_eff=0.75 SUSPECTED — S1:1 S2:0 S3:0 corrPDR=0.20 variance=0.04
[DQ3] node=9 t=5.00 S_total=1.00 R_i=0.31 score=0.87 y_hat=1
[RQ1] node=9 t=5.00 y_hat=1
[RQ3] node=9 t=5.00 enable_matd=0 obs_pdr=0.25 corr_pdr=0.25
[NQ1/NQ2] node=9 t=5.00 rcv=8 response=RATE_LIMIT should_isolate=0 isolated=0
[NQ7/NQ12] node=9 t=5.00 lambda=4 lambda1=2 lambda2=5 Ri_decayed=0.31 statistical_gate=1 zkp_gate_enabled=1 zkp_cached=1 zkp_proof=PASS
[ZQ2/ZQ3] node=9 t=5.00 zkp_cum_received=15 zkp_cum_forwarded=3
[SHIELD-GH] Node 9 RATE-LIMITED | Λ=4
[MATD-DEBUG] node=10 maxspeed_kmh=90 speed_mps=25.00 t=5.00
[DQ5] node=10 window=3 t=5.00 R_i=0.49
[LW-DP-Det] Node 10 t=5.00 tau_f_eff=0.75 SUSPECTED — S1:1 S2:0 S3:0 corrPDR=0.39 variance=0.11
[DQ3] node=10 t=5.00 S_total=1.00 R_i=0.49 score=0.80 y_hat=1
[RQ1] node=10 t=5.00 y_hat=1
[RQ3] node=10 t=5.00 enable_matd=0 obs_pdr=0.25 corr_pdr=0.25
[NQ1/NQ2] node=10 t=5.00 rcv=12 response=RATE_LIMIT should_isolate=0 isolated=0
[NQ7/NQ12] node=10 t=5.00 lambda=4 lambda1=2 lambda2=5 Ri_decayed=0.49 statistical_gate=1 zkp_gate_enabled=1 zkp_cached=1 zkp_proof=PASS
[ZQ2/ZQ3] node=10 t=5.00 zkp_cum_received=23 zkp_cum_forwarded=9
[SHIELD-GH] Node 10 RATE-LIMITED | Λ=4
[NQ2-rcv] node=11 t=5.00 rcv=11
[MATD-DEBUG] node=11 maxspeed_kmh=90 speed_mps=25.00 t=5.00
[DQ5] node=11 window=3 t=5.00 R_i=0.29
[S3-DEBUG] per_source_pdr.size()=2 D_KL=0.19 tau_ts=0.50 fires=0
[LW-DP-Det] Node 11 t=5.00 tau_f_eff=0.75 SUSPECTED — S1:1 S2:0 S3:0 corrPDR=0.25 variance=0.04
[DQ3] node=11 t=5.00 S_total=1.00 R_i=0.29 score=0.88 y_hat=1
[RQ1] node=11 t=5.00 y_hat=1
[RQ3] node=11 t=5.00 enable_matd=0 obs_pdr=0.45 corr_pdr=0.45
[NQ1/NQ2] node=11 t=5.00 rcv=11 response=RATE_LIMIT should_isolate=0 isolated=0
[NQ7/NQ12] node=11 t=5.00 lambda=4 lambda1=2 lambda2=5 Ri_decayed=0.29 statistical_gate=1 zkp_gate_enabled=1 zkp_cached=1 zkp_proof=PASS
[ZQ2/ZQ3] node=11 t=5.00 zkp_cum_received=24 zkp_cum_forwarded=6
[SHIELD-GH] Node 11 RATE-LIMITED | Λ=4
[MATD-DEBUG] node=12 maxspeed_kmh=90 speed_mps=25.00 t=5.00
[NQ5] node=12 t=5.00 rcv=4 obs_pdr=1.00 corr_pdr=1.00
[DX2] node=12 t=5.00 S_total=0.00 R_i=0.79 score=0.08 y_hat=0
[RQ1] node=12 t=5.00 y_hat=0
[RQ3] node=12 t=5.00 enable_matd=0 obs_pdr=1.00 corr_pdr=1.00
[MATD-DEBUG] node=14 maxspeed_kmh=90 speed_mps=25.00 t=5.00
[NQ5] node=14 t=5.00 rcv=2 obs_pdr=1.00 corr_pdr=1.00
[DX2] node=14 t=5.00 S_total=0.00 R_i=0.78 score=0.09 y_hat=0
[RQ1] node=14 t=5.00 y_hat=0
[RQ3] node=14 t=5.00 enable_matd=0 obs_pdr=1.00 corr_pdr=1.00
=== SHIELD-GH DETECTION METRICS (node-level) ===
  Node TP=5 TN=10 FP=0 FN=1
  M1a Detection Accuracy: 93.75%
  M1b MCC: 0.87
  M2  False Positive Rate: 0.00%
================================================
average packet delivery ratio is 5.02
average jitter is 11.92
average load balance is 96.39
TP=2.00 TN=0.00 FP=15.00 FN=0.00
M1a Detection Accuracy: 11.76%
M1b MCC: 0.00
M2 False Positive Rate: 100.00%
M4a Detection Latency: 0.00 ms
M4b Mitigation Response Time: 0.00 ms
=== Per Node PDR ===
Node 0 | LocalPDR=0.00% (Fwd=0/Rcv=0) | E2E_PDR=0.00% (0/0) | RelayPDR=11.76% (Fwd=2/Rcv=17)
Node 1 | LocalPDR=0.00% (Fwd=0/Rcv=0) | E2E_PDR=0.00% (0/0) | RelayPDR=11.76% (Fwd=2/Rcv=17)
Node 2 | LocalPDR=0.00% (Fwd=0/Rcv=0) | E2E_PDR=0.00% (0/0) | RelayPDR=11.76% (Fwd=2/Rcv=17)
Node 3 | LocalPDR=0.00% (Fwd=0/Rcv=0) | E2E_PDR=0.00% (0/0) | RelayPDR=11.76% (Fwd=2/Rcv=17)
Node 4 | LocalPDR=0.00% (Fwd=0/Rcv=0) | E2E_PDR=0.00% (0/0) | RelayPDR=11.76% (Fwd=2/Rcv=17)
Node 5 | LocalPDR=0.00% (Fwd=0/Rcv=0) | E2E_PDR=0.00% (0/0) | RelayPDR=11.76% (Fwd=2/Rcv=17)
Node 6 | LocalPDR=0.00% (Fwd=0/Rcv=0) | E2E_PDR=0.00% (0/0) | RelayPDR=11.76% (Fwd=2/Rcv=17) [DP-ATTACKER] [CP-ATTACKER]
Node 7 | LocalPDR=100.00% (Fwd=4/Rcv=4) | E2E_PDR=0.00% (0/3) | RelayPDR=14.29% (Fwd=2/Rcv=14) [DP-ATTACKER] [CP-ATTACKER]
Node 8 | LocalPDR=14.29% (Fwd=1/Rcv=7) | E2E_PDR=0.00% (0/1) | RelayPDR=14.29% (Fwd=2/Rcv=14) [DP-ATTACKER] [CP-ATTACKER]
Node 9 | LocalPDR=25.00% (Fwd=2/Rcv=8) | E2E_PDR=0.00% (0/3) | RelayPDR=14.29% (Fwd=2/Rcv=14) [DP-ATTACKER]
Node 10 | LocalPDR=25.00% (Fwd=3/Rcv=12) | E2E_PDR=66.67% (2/3) | RelayPDR=0.00% (Fwd=0/Rcv=11) [DP-ATTACKER] [CP-ATTACKER]
Node 11 | LocalPDR=45.45% (Fwd=5/Rcv=11) | E2E_PDR=0.00% (0/3) | RelayPDR=15.38% (Fwd=2/Rcv=13) [DP-ATTACKER] [CP-ATTACKER]
Node 12 | LocalPDR=100.00% (Fwd=4/Rcv=4) | E2E_PDR=0.00% (0/2) | RelayPDR=16.67% (Fwd=2/Rcv=12) [CP-ATTACKER]
Node 13 | LocalPDR=0.00% (Fwd=0/Rcv=0) | E2E_PDR=0.00% (0/0) | RelayPDR=0.00% (Fwd=0/Rcv=14)
Node 14 | LocalPDR=100.00% (Fwd=2/Rcv=2) | E2E_PDR=0.00% (0/0) | RelayPDR=14.29% (Fwd=2/Rcv=14) [CP-ATTACKER]
Node 15 | LocalPDR=0.00% (Fwd=0/Rcv=0) | E2E_PDR=0.00% (0/2) | RelayPDR=15.38% (Fwd=2/Rcv=13)
Node 16 | LocalPDR=0.00% (Fwd=0/Rcv=2) | E2E_PDR=0.00% (0/0) | RelayPDR=0.00% (Fwd=0/Rcv=0)
Node 17 | LocalPDR=0.00% (Fwd=0/Rcv=0) | E2E_PDR=0.00% (0/0) | RelayPDR=0.00% (Fwd=0/Rcv=0)
Node 18 | LocalPDR=0.00% (Fwd=0/Rcv=0) | E2E_PDR=0.00% (0/0) | RelayPDR=0.00% (Fwd=0/Rcv=0)
Node 19 | LocalPDR=0.00% (Fwd=0/Rcv=0) | E2E_PDR=0.00% (0/0) | RelayPDR=0.00% (Fwd=0/Rcv=0)
Node 20 | LocalPDR=0.00% (Fwd=0/Rcv=0) | E2E_PDR=0.00% (0/0) | RelayPDR=0.00% (Fwd=0/Rcv=0)
Node 21 | LocalPDR=0.00% (Fwd=0/Rcv=0) | E2E_PDR=0.00% (0/0) | RelayPDR=0.00% (Fwd=0/Rcv=0)
Node 22 | LocalPDR=0.00% (Fwd=0/Rcv=0) | E2E_PDR=0.00% (0/0) | RelayPDR=0.00% (Fwd=0/Rcv=0)
Node 23 | LocalPDR=0.00% (Fwd=0/Rcv=0) | E2E_PDR=0.00% (0/0) | RelayPDR=0.00% (Fwd=0/Rcv=0)
Node 24 | LocalPDR=0.00% (Fwd=0/Rcv=0) | E2E_PDR=0.00% (0/0) | RelayPDR=0.00% (Fwd=0/Rcv=0)
Node 25 | LocalPDR=0.00% (Fwd=0/Rcv=0) | E2E_PDR=0.00% (0/0) | RelayPDR=0.00% (Fwd=0/Rcv=0)
Node 26 | LocalPDR=0.00% (Fwd=0/Rcv=0) | E2E_PDR=0.00% (0/0) | RelayPDR=0.00% (Fwd=0/Rcv=0)
Node 27 | LocalPDR=0.00% (Fwd=0/Rcv=0) | E2E_PDR=0.00% (0/0) | RelayPDR=0.00% (Fwd=0/Rcv=0)
Node 28 | LocalPDR=0.00% (Fwd=0/Rcv=0) | E2E_PDR=0.00% (0/0) | RelayPDR=0.00% (Fwd=0/Rcv=0)
Node 29 | LocalPDR=0.00% (Fwd=0/Rcv=0) | E2E_PDR=0.00% (0/0) | RelayPDR=0.00% (Fwd=0/Rcv=0)
Node 30 | LocalPDR=0.00% (Fwd=0/Rcv=0) | E2E_PDR=0.00% (0/0) | RelayPDR=0.00% (Fwd=0/Rcv=0)
Node 31 | LocalPDR=0.00% (Fwd=0/Rcv=0) | E2E_PDR=0.00% (0/0) | RelayPDR=0.00% (Fwd=0/Rcv=0)
Node 32 | LocalPDR=0.00% (Fwd=0/Rcv=0) | E2E_PDR=0.00% (0/0) | RelayPDR=0.00% (Fwd=0/Rcv=0)
Node 33 | LocalPDR=0.00% (Fwd=0/Rcv=0) | E2E_PDR=0.00% (0/0) | RelayPDR=0.00% (Fwd=0/Rcv=0)
Node 34 | LocalPDR=0.00% (Fwd=0/Rcv=0) | E2E_PDR=0.00% (0/0) | RelayPDR=0.00% (Fwd=0/Rcv=0)
Node 35 | LocalPDR=0.00% (Fwd=0/Rcv=0) | E2E_PDR=0.00% (0/0) | RelayPDR=0.00% (Fwd=0/Rcv=0)
Node 36 | LocalPDR=0.00% (Fwd=0/Rcv=0) | E2E_PDR=0.00% (0/0) | RelayPDR=0.00% (Fwd=0/Rcv=0)
Node 37 | LocalPDR=0.00% (Fwd=0/Rcv=0) | E2E_PDR=0.00% (0/0) | RelayPDR=0.00% (Fwd=0/Rcv=0)
Node 38 | LocalPDR=0.00% (Fwd=0/Rcv=0) | E2E_PDR=0.00% (0/0) | RelayPDR=0.00% (Fwd=0/Rcv=0)
Node 39 | LocalPDR=0.00% (Fwd=0/Rcv=0) | E2E_PDR=0.00% (0/0) | RelayPDR=0.00% (Fwd=0/Rcv=0)
Node 40 | LocalPDR=0.00% (Fwd=0/Rcv=0) | E2E_PDR=0.00% (0/0) | RelayPDR=0.00% (Fwd=0/Rcv=0)
Node 41 | LocalPDR=0.00% (Fwd=0/Rcv=0) | E2E_PDR=0.00% (0/0) | RelayPDR=0.00% (Fwd=0/Rcv=0)
Node 42 | LocalPDR=0.00% (Fwd=0/Rcv=0) | E2E_PDR=0.00% (0/0) | RelayPDR=0.00% (Fwd=0/Rcv=0)
Node 43 | LocalPDR=0.00% (Fwd=0/Rcv=0) | E2E_PDR=0.00% (0/0) | RelayPDR=0.00% (Fwd=0/Rcv=0)
Node 44 | LocalPDR=0.00% (Fwd=0/Rcv=0) | E2E_PDR=0.00% (0/0) | RelayPDR=0.00% (Fwd=0/Rcv=0)
Node 45 | LocalPDR=0.00% (Fwd=0/Rcv=0) | E2E_PDR=0.00% (0/0) | RelayPDR=0.00% (Fwd=0/Rcv=0)
Node 46 | LocalPDR=0.00% (Fwd=0/Rcv=0) | E2E_PDR=0.00% (0/0) | RelayPDR=0.00% (Fwd=0/Rcv=0)
Node 47 | LocalPDR=0.00% (Fwd=0/Rcv=0) | E2E_PDR=0.00% (0/0) | RelayPDR=0.00% (Fwd=0/Rcv=0)
Node 48 | LocalPDR=0.00% (Fwd=0/Rcv=0) | E2E_PDR=0.00% (0/0) | RelayPDR=0.00% (Fwd=0/Rcv=0)
Node 49 | LocalPDR=0.00% (Fwd=0/Rcv=0) | E2E_PDR=0.00% (0/0) | RelayPDR=0.00% (Fwd=0/Rcv=0)
Node 50 | LocalPDR=0.00% (Fwd=0/Rcv=0) | E2E_PDR=0.00% (0/0) | RelayPDR=0.00% (Fwd=0/Rcv=0)
Node 51 | LocalPDR=0.00% (Fwd=0/Rcv=0) | E2E_PDR=0.00% (0/0) | RelayPDR=0.00% (Fwd=0/Rcv=0)
Node 52 | LocalPDR=0.00% (Fwd=0/Rcv=0) | E2E_PDR=0.00% (0/0) | RelayPDR=0.00% (Fwd=0/Rcv=0)
Node 53 | LocalPDR=0.00% (Fwd=0/Rcv=0) | E2E_PDR=0.00% (0/0) | RelayPDR=0.00% (Fwd=0/Rcv=0)
Node 54 | LocalPDR=0.00% (Fwd=0/Rcv=0) | E2E_PDR=0.00% (0/0) | RelayPDR=0.00% (Fwd=0/Rcv=0)
Node 55 | LocalPDR=0.00% (Fwd=0/Rcv=0) | E2E_PDR=0.00% (0/0) | RelayPDR=0.00% (Fwd=0/Rcv=0)
Node 56 | LocalPDR=0.00% (Fwd=0/Rcv=0) | E2E_PDR=0.00% (0/0) | RelayPDR=0.00% (Fwd=0/Rcv=0)
Node 57 | LocalPDR=0.00% (Fwd=0/Rcv=0) | E2E_PDR=0.00% (0/0) | RelayPDR=0.00% (Fwd=0/Rcv=0)
Node 58 | LocalPDR=0.00% (Fwd=0/Rcv=0) | E2E_PDR=0.00% (0/0) | RelayPDR=0.00% (Fwd=0/Rcv=0)
Node 59 | LocalPDR=0.00% (Fwd=0/Rcv=0) | E2E_PDR=0.00% (0/0) | RelayPDR=0.00% (Fwd=0/Rcv=0)
Node 60 | LocalPDR=0.00% (Fwd=0/Rcv=0) | E2E_PDR=0.00% (0/0) | RelayPDR=0.00% (Fwd=0/Rcv=0)
Node 61 | LocalPDR=0.00% (Fwd=0/Rcv=0) | E2E_PDR=0.00% (0/0) | RelayPDR=0.00% (Fwd=0/Rcv=0)
Node 62 | LocalPDR=0.00% (Fwd=0/Rcv=0) | E2E_PDR=0.00% (0/0) | RelayPDR=0.00% (Fwd=0/Rcv=0)
Node 63 | LocalPDR=0.00% (Fwd=0/Rcv=0) | E2E_PDR=0.00% (0/0) | RelayPDR=0.00% (Fwd=0/Rcv=0)
Node 64 | LocalPDR=0.00% (Fwd=0/Rcv=0) | E2E_PDR=0.00% (0/0) | RelayPDR=0.00% (Fwd=0/Rcv=0)
Node 65 | LocalPDR=0.00% (Fwd=0/Rcv=0) | E2E_PDR=0.00% (0/0) | RelayPDR=0.00% (Fwd=0/Rcv=0)
Node 66 | LocalPDR=0.00% (Fwd=0/Rcv=0) | E2E_PDR=0.00% (0/0) | RelayPDR=0.00% (Fwd=0/Rcv=0)
Node 67 | LocalPDR=0.00% (Fwd=0/Rcv=0) | E2E_PDR=0.00% (0/0) | RelayPDR=0.00% (Fwd=0/Rcv=0)
Node 68 | LocalPDR=0.00% (Fwd=0/Rcv=0) | E2E_PDR=0.00% (0/0) | RelayPDR=0.00% (Fwd=0/Rcv=0)
Node 69 | LocalPDR=0.00% (Fwd=0/Rcv=0) | E2E_PDR=0.00% (0/0) | RelayPDR=0.00% (Fwd=0/Rcv=0)
Node 70 | LocalPDR=0.00% (Fwd=0/Rcv=0) | E2E_PDR=0.00% (0/0) | RelayPDR=0.00% (Fwd=0/Rcv=0)
Node 71 | LocalPDR=0.00% (Fwd=0/Rcv=0) | E2E_PDR=0.00% (0/0) | RelayPDR=0.00% (Fwd=0/Rcv=0)
Node 72 | LocalPDR=0.00% (Fwd=0/Rcv=0) | E2E_PDR=0.00% (0/0) | RelayPDR=0.00% (Fwd=0/Rcv=0)
Node 73 | LocalPDR=0.00% (Fwd=0/Rcv=0) | E2E_PDR=0.00% (0/0) | RelayPDR=0.00% (Fwd=0/Rcv=0)
Node 74 | LocalPDR=0.00% (Fwd=0/Rcv=0) | E2E_PDR=0.00% (0/0) | RelayPDR=0.00% (Fwd=0/Rcv=0)
Node 75 | LocalPDR=0.00% (Fwd=0/Rcv=0) | E2E_PDR=0.00% (0/0) | RelayPDR=0.00% (Fwd=0/Rcv=0)
Node 76 | LocalPDR=0.00% (Fwd=0/Rcv=0) | E2E_PDR=0.00% (0/0) | RelayPDR=0.00% (Fwd=0/Rcv=0)
Node 77 | LocalPDR=0.00% (Fwd=0/Rcv=0) | E2E_PDR=0.00% (0/0) | RelayPDR=0.00% (Fwd=0/Rcv=0)
Node 78 | LocalPDR=0.00% (Fwd=0/Rcv=0) | E2E_PDR=0.00% (0/0) | RelayPDR=0.00% (Fwd=0/Rcv=0)
Node 79 | LocalPDR=0.00% (Fwd=0/Rcv=0) | E2E_PDR=0.00% (0/0) | RelayPDR=0.00% (Fwd=0/Rcv=0)
Node 80 | LocalPDR=0.00% (Fwd=0/Rcv=0) | E2E_PDR=0.00% (0/0) | RelayPDR=0.00% (Fwd=0/Rcv=0)
Node 81 | LocalPDR=0.00% (Fwd=0/Rcv=0) | E2E_PDR=0.00% (0/0) | RelayPDR=0.00% (Fwd=0/Rcv=0)
Node 82 | LocalPDR=0.00% (Fwd=0/Rcv=0) | E2E_PDR=0.00% (0/0) | RelayPDR=0.00% (Fwd=0/Rcv=0)
Node 83 | LocalPDR=0.00% (Fwd=0/Rcv=0) | E2E_PDR=0.00% (0/0) | RelayPDR=0.00% (Fwd=0/Rcv=0)
Node 84 | LocalPDR=0.00% (Fwd=0/Rcv=0) | E2E_PDR=0.00% (0/0) | RelayPDR=0.00% (Fwd=0/Rcv=0)
Node 85 | LocalPDR=0.00% (Fwd=0/Rcv=0) | E2E_PDR=0.00% (0/0) | RelayPDR=0.00% (Fwd=0/Rcv=0)
Node 86 | LocalPDR=0.00% (Fwd=0/Rcv=0) | E2E_PDR=0.00% (0/0) | RelayPDR=0.00% (Fwd=0/Rcv=0)
Node 87 | LocalPDR=0.00% (Fwd=0/Rcv=0) | E2E_PDR=0.00% (0/0) | RelayPDR=0.00% (Fwd=0/Rcv=0)
Node 88 | LocalPDR=0.00% (Fwd=0/Rcv=0) | E2E_PDR=0.00% (0/0) | RelayPDR=0.00% (Fwd=0/Rcv=0)
Node 89 | LocalPDR=0.00% (Fwd=0/Rcv=0) | E2E_PDR=0.00% (0/0) | RelayPDR=0.00% (Fwd=0/Rcv=0)
Node 90 | LocalPDR=0.00% (Fwd=0/Rcv=0) | E2E_PDR=0.00% (0/0) | RelayPDR=0.00% (Fwd=0/Rcv=0)
Node 91 | LocalPDR=0.00% (Fwd=0/Rcv=0) | E2E_PDR=0.00% (0/0) | RelayPDR=0.00% (Fwd=0/Rcv=0)
Node 92 | LocalPDR=0.00% (Fwd=0/Rcv=0) | E2E_PDR=0.00% (0/0) | RelayPDR=0.00% (Fwd=0/Rcv=0)
Node 93 | LocalPDR=0.00% (Fwd=0/Rcv=0) | E2E_PDR=0.00% (0/0) | RelayPDR=0.00% (Fwd=0/Rcv=0)
Node 94 | LocalPDR=0.00% (Fwd=0/Rcv=0) | E2E_PDR=0.00% (0/0) | RelayPDR=0.00% (Fwd=0/Rcv=0)
Node 95 | LocalPDR=0.00% (Fwd=0/Rcv=0) | E2E_PDR=0.00% (0/0) | RelayPDR=0.00% (Fwd=0/Rcv=0)
Node 96 | LocalPDR=0.00% (Fwd=0/Rcv=0) | E2E_PDR=0.00% (0/0) | RelayPDR=0.00% (Fwd=0/Rcv=0)
Node 97 | LocalPDR=0.00% (Fwd=0/Rcv=0) | E2E_PDR=0.00% (0/0) | RelayPDR=0.00% (Fwd=0/Rcv=0)
Node 98 | LocalPDR=0.00% (Fwd=0/Rcv=0) | E2E_PDR=0.00% (0/0) | RelayPDR=0.00% (Fwd=0/Rcv=0)
Node 99 | LocalPDR=0.00% (Fwd=0/Rcv=0) | E2E_PDR=0.00% (0/0) | RelayPDR=0.00% (Fwd=0/Rcv=0)
Node 100 | LocalPDR=0.00% (Fwd=0/Rcv=0) | E2E_PDR=0.00% (0/0) | RelayPDR=0.00% (Fwd=0/Rcv=0)
Node 101 | LocalPDR=0.00% (Fwd=0/Rcv=0) | E2E_PDR=0.00% (0/0) | RelayPDR=0.00% (Fwd=0/Rcv=0)
Node 102 | LocalPDR=0.00% (Fwd=0/Rcv=0) | E2E_PDR=0.00% (0/0) | RelayPDR=0.00% (Fwd=0/Rcv=0)
Node 103 | LocalPDR=0.00% (Fwd=0/Rcv=0) | E2E_PDR=0.00% (0/0) | RelayPDR=0.00% (Fwd=0/Rcv=0)
Node 104 | LocalPDR=0.00% (Fwd=0/Rcv=0) | E2E_PDR=0.00% (0/0) | RelayPDR=0.00% (Fwd=0/Rcv=0)
Node 105 | LocalPDR=0.00% (Fwd=0/Rcv=0) | E2E_PDR=0.00% (0/0) | RelayPDR=0.00% (Fwd=0/Rcv=0)
Node 106 | LocalPDR=0.00% (Fwd=0/Rcv=0) | E2E_PDR=0.00% (0/0) | RelayPDR=0.00% (Fwd=0/Rcv=0)
Node 107 | LocalPDR=0.00% (Fwd=0/Rcv=0) | E2E_PDR=0.00% (0/0) | RelayPDR=0.00% (Fwd=0/Rcv=0)
Node 108 | LocalPDR=0.00% (Fwd=0/Rcv=0) | E2E_PDR=0.00% (0/0) | RelayPDR=0.00% (Fwd=0/Rcv=0)
Node 109 | LocalPDR=0.00% (Fwd=0/Rcv=0) | E2E_PDR=0.00% (0/0) | RelayPDR=0.00% (Fwd=0/Rcv=0)
Node 110 | LocalPDR=0.00% (Fwd=0/Rcv=0) | E2E_PDR=0.00% (0/0) | RelayPDR=0.00% (Fwd=0/Rcv=0)
Node 111 | LocalPDR=0.00% (Fwd=0/Rcv=0) | E2E_PDR=0.00% (0/0) | RelayPDR=0.00% (Fwd=0/Rcv=0)
Node 112 | LocalPDR=0.00% (Fwd=0/Rcv=0) | E2E_PDR=0.00% (0/0) | RelayPDR=0.00% (Fwd=0/Rcv=0)
Node 113 | LocalPDR=0.00% (Fwd=0/Rcv=0) | E2E_PDR=0.00% (0/0) | RelayPDR=0.00% (Fwd=0/Rcv=0)
Node 114 | LocalPDR=0.00% (Fwd=0/Rcv=0) | E2E_PDR=0.00% (0/0) | RelayPDR=0.00% (Fwd=0/Rcv=0)
Node 115 | LocalPDR=0.00% (Fwd=0/Rcv=0) | E2E_PDR=0.00% (0/0) | RelayPDR=0.00% (Fwd=0/Rcv=0)
Node 116 | LocalPDR=0.00% (Fwd=0/Rcv=0) | E2E_PDR=0.00% (0/0) | RelayPDR=0.00% (Fwd=0/Rcv=0)
Node 117 | LocalPDR=0.00% (Fwd=0/Rcv=0) | E2E_PDR=0.00% (0/0) | RelayPDR=0.00% (Fwd=0/Rcv=0)
Node 118 | LocalPDR=0.00% (Fwd=0/Rcv=0) | E2E_PDR=0.00% (0/0) | RelayPDR=0.00% (Fwd=0/Rcv=0)
Node 119 | LocalPDR=0.00% (Fwd=0/Rcv=0) | E2E_PDR=0.00% (0/0) | RelayPDR=0.00% (Fwd=0/Rcv=0)
Node 120 | LocalPDR=0.00% (Fwd=0/Rcv=0) | E2E_PDR=0.00% (0/0) | RelayPDR=0.00% (Fwd=0/Rcv=0)
Node 121 | LocalPDR=0.00% (Fwd=0/Rcv=0) | E2E_PDR=0.00% (0/0) | RelayPDR=0.00% (Fwd=0/Rcv=0)
Node 122 | LocalPDR=0.00% (Fwd=0/Rcv=0) | E2E_PDR=0.00% (0/0) | RelayPDR=0.00% (Fwd=0/Rcv=0)
Node 123 | LocalPDR=0.00% (Fwd=0/Rcv=0) | E2E_PDR=0.00% (0/0) | RelayPDR=0.00% (Fwd=0/Rcv=0)
Node 124 | LocalPDR=0.00% (Fwd=0/Rcv=0) | E2E_PDR=0.00% (0/0) | RelayPDR=0.00% (Fwd=0/Rcv=0)
Node 125 | LocalPDR=0.00% (Fwd=0/Rcv=0) | E2E_PDR=0.00% (0/0) | RelayPDR=0.00% (Fwd=0/Rcv=0)
Node 126 | LocalPDR=0.00% (Fwd=0/Rcv=0) | E2E_PDR=0.00% (0/0) | RelayPDR=0.00% (Fwd=0/Rcv=0)
Node 127 | LocalPDR=0.00% (Fwd=0/Rcv=0) | E2E_PDR=0.00% (0/0) | RelayPDR=0.00% (Fwd=0/Rcv=0)
Node 128 | LocalPDR=0.00% (Fwd=0/Rcv=0) | E2E_PDR=0.00% (0/0) | RelayPDR=0.00% (Fwd=0/Rcv=0)
Node 129 | LocalPDR=0.00% (Fwd=0/Rcv=0) | E2E_PDR=0.00% (0/0) | RelayPDR=0.00% (Fwd=0/Rcv=0)
Node 130 | LocalPDR=0.00% (Fwd=0/Rcv=0) | E2E_PDR=0.00% (0/0) | RelayPDR=0.00% (Fwd=0/Rcv=0)
Node 131 | LocalPDR=0.00% (Fwd=0/Rcv=0) | E2E_PDR=0.00% (0/0) | RelayPDR=0.00% (Fwd=0/Rcv=0)
Node 132 | LocalPDR=0.00% (Fwd=0/Rcv=0) | E2E_PDR=0.00% (0/0) | RelayPDR=0.00% (Fwd=0/Rcv=0)
Node 133 | LocalPDR=0.00% (Fwd=0/Rcv=0) | E2E_PDR=0.00% (0/0) | RelayPDR=0.00% (Fwd=0/Rcv=0)
Node 134 | LocalPDR=0.00% (Fwd=0/Rcv=0) | E2E_PDR=0.00% (0/0) | RelayPDR=0.00% (Fwd=0/Rcv=0)
Node 135 | LocalPDR=0.00% (Fwd=0/Rcv=0) | E2E_PDR=0.00% (0/0) | RelayPDR=0.00% (Fwd=0/Rcv=0)
Node 136 | LocalPDR=0.00% (Fwd=0/Rcv=0) | E2E_PDR=0.00% (0/0) | RelayPDR=0.00% (Fwd=0/Rcv=0)
Node 137 | LocalPDR=0.00% (Fwd=0/Rcv=0) | E2E_PDR=0.00% (0/0) | RelayPDR=0.00% (Fwd=0/Rcv=0)
Node 138 | LocalPDR=0.00% (Fwd=0/Rcv=0) | E2E_PDR=0.00% (0/0) | RelayPDR=0.00% (Fwd=0/Rcv=0)
Node 139 | LocalPDR=0.00% (Fwd=0/Rcv=0) | E2E_PDR=0.00% (0/0) | RelayPDR=0.00% (Fwd=0/Rcv=0)
Node 140 | LocalPDR=0.00% (Fwd=0/Rcv=0) | E2E_PDR=0.00% (0/0) | RelayPDR=0.00% (Fwd=0/Rcv=0)
Node 141 | LocalPDR=0.00% (Fwd=0/Rcv=0) | E2E_PDR=0.00% (0/0) | RelayPDR=0.00% (Fwd=0/Rcv=0)
Node 142 | LocalPDR=0.00% (Fwd=0/Rcv=0) | E2E_PDR=0.00% (0/0) | RelayPDR=0.00% (Fwd=0/Rcv=0)
Node 143 | LocalPDR=0.00% (Fwd=0/Rcv=0) | E2E_PDR=0.00% (0/0) | RelayPDR=0.00% (Fwd=0/Rcv=0)
Node 144 | LocalPDR=0.00% (Fwd=0/Rcv=0) | E2E_PDR=0.00% (0/0) | RelayPDR=0.00% (Fwd=0/Rcv=0)
Node 145 | LocalPDR=0.00% (Fwd=0/Rcv=0) | E2E_PDR=0.00% (0/0) | RelayPDR=0.00% (Fwd=0/Rcv=0)
Node 146 | LocalPDR=0.00% (Fwd=0/Rcv=0) | E2E_PDR=0.00% (0/0) | RelayPDR=0.00% (Fwd=0/Rcv=0)
Node 147 | LocalPDR=0.00% (Fwd=0/Rcv=0) | E2E_PDR=0.00% (0/0) | RelayPDR=0.00% (Fwd=0/Rcv=0)
Node 148 | LocalPDR=0.00% (Fwd=0/Rcv=0) | E2E_PDR=0.00% (0/0) | RelayPDR=0.00% (Fwd=0/Rcv=0)
Node 149 | LocalPDR=0.00% (Fwd=0/Rcv=0) | E2E_PDR=0.00% (0/0) | RelayPDR=0.00% (Fwd=0/Rcv=0)
Node 150 | LocalPDR=0.00% (Fwd=0/Rcv=0) | E2E_PDR=0.00% (0/0) | RelayPDR=0.00% (Fwd=0/Rcv=0)
Node 151 | LocalPDR=0.00% (Fwd=0/Rcv=0) | E2E_PDR=0.00% (0/0) | RelayPDR=0.00% (Fwd=0/Rcv=0)
Node 152 | LocalPDR=0.00% (Fwd=0/Rcv=0) | E2E_PDR=0.00% (0/0) | RelayPDR=0.00% (Fwd=0/Rcv=0)
Node 153 | LocalPDR=0.00% (Fwd=0/Rcv=0) | E2E_PDR=0.00% (0/0) | RelayPDR=0.00% (Fwd=0/Rcv=0)
Node 154 | LocalPDR=0.00% (Fwd=0/Rcv=0) | E2E_PDR=0.00% (0/0) | RelayPDR=0.00% (Fwd=0/Rcv=0)
Node 155 | LocalPDR=0.00% (Fwd=0/Rcv=0) | E2E_PDR=0.00% (0/0) | RelayPDR=0.00% (Fwd=0/Rcv=0)
Node 156 | LocalPDR=0.00% (Fwd=0/Rcv=0) | E2E_PDR=0.00% (0/0) | RelayPDR=0.00% (Fwd=0/Rcv=0)
Node 157 | LocalPDR=0.00% (Fwd=0/Rcv=0) | E2E_PDR=0.00% (0/0) | RelayPDR=0.00% (Fwd=0/Rcv=0)
Node 158 | LocalPDR=0.00% (Fwd=0/Rcv=0) | E2E_PDR=0.00% (0/0) | RelayPDR=0.00% (Fwd=0/Rcv=0)
Node 159 | LocalPDR=0.00% (Fwd=0/Rcv=0) | E2E_PDR=0.00% (0/0) | RelayPDR=0.00% (Fwd=0/Rcv=0)
Node 160 | LocalPDR=0.00% (Fwd=0/Rcv=0) | E2E_PDR=0.00% (0/0) | RelayPDR=0.00% (Fwd=0/Rcv=0)
Node 161 | LocalPDR=0.00% (Fwd=0/Rcv=0) | E2E_PDR=0.00% (0/0) | RelayPDR=0.00% (Fwd=0/Rcv=0)
Node 162 | LocalPDR=0.00% (Fwd=0/Rcv=0) | E2E_PDR=0.00% (0/0) | RelayPDR=0.00% (Fwd=0/Rcv=0)
Node 163 | LocalPDR=0.00% (Fwd=0/Rcv=0) | E2E_PDR=0.00% (0/0) | RelayPDR=0.00% (Fwd=0/Rcv=0)
Node 164 | LocalPDR=0.00% (Fwd=0/Rcv=0) | E2E_PDR=0.00% (0/0) | RelayPDR=0.00% (Fwd=0/Rcv=0)
Node 165 | LocalPDR=0.00% (Fwd=0/Rcv=0) | E2E_PDR=0.00% (0/0) | RelayPDR=0.00% (Fwd=0/Rcv=0)
Node 166 | LocalPDR=0.00% (Fwd=0/Rcv=0) | E2E_PDR=0.00% (0/0) | RelayPDR=0.00% (Fwd=0/Rcv=0)
Node 167 | LocalPDR=0.00% (Fwd=0/Rcv=0) | E2E_PDR=0.00% (0/0) | RelayPDR=0.00% (Fwd=0/Rcv=0)
Node 168 | LocalPDR=0.00% (Fwd=0/Rcv=0) | E2E_PDR=0.00% (0/0) | RelayPDR=0.00% (Fwd=0/Rcv=0)
Node 169 | LocalPDR=0.00% (Fwd=0/Rcv=0) | E2E_PDR=0.00% (0/0) | RelayPDR=0.00% (Fwd=0/Rcv=0)
Node 170 | LocalPDR=0.00% (Fwd=0/Rcv=0) | E2E_PDR=0.00% (0/0) | RelayPDR=0.00% (Fwd=0/Rcv=0)
Node 171 | LocalPDR=0.00% (Fwd=0/Rcv=0) | E2E_PDR=0.00% (0/0) | RelayPDR=0.00% (Fwd=0/Rcv=0)
Node 172 | LocalPDR=0.00% (Fwd=0/Rcv=0) | E2E_PDR=0.00% (0/0) | RelayPDR=0.00% (Fwd=0/Rcv=0)
Node 173 | LocalPDR=0.00% (Fwd=0/Rcv=0) | E2E_PDR=0.00% (0/0) | RelayPDR=0.00% (Fwd=0/Rcv=0)
Node 174 | LocalPDR=0.00% (Fwd=0/Rcv=0) | E2E_PDR=0.00% (0/0) | RelayPDR=0.00% (Fwd=0/Rcv=0)
Node 175 | LocalPDR=0.00% (Fwd=0/Rcv=0) | E2E_PDR=0.00% (0/0) | RelayPDR=0.00% (Fwd=0/Rcv=0)
Node 176 | LocalPDR=0.00% (Fwd=0/Rcv=0) | E2E_PDR=0.00% (0/0) | RelayPDR=0.00% (Fwd=0/Rcv=0)
Node 177 | LocalPDR=0.00% (Fwd=0/Rcv=0) | E2E_PDR=0.00% (0/0) | RelayPDR=0.00% (Fwd=0/Rcv=0)
Node 178 | LocalPDR=0.00% (Fwd=0/Rcv=0) | E2E_PDR=0.00% (0/0) | RelayPDR=0.00% (Fwd=0/Rcv=0)
Node 179 | LocalPDR=0.00% (Fwd=0/Rcv=0) | E2E_PDR=0.00% (0/0) | RelayPDR=0.00% (Fwd=0/Rcv=0)
Node 180 | LocalPDR=0.00% (Fwd=0/Rcv=0) | E2E_PDR=0.00% (0/0) | RelayPDR=0.00% (Fwd=0/Rcv=0)
Node 181 | LocalPDR=0.00% (Fwd=0/Rcv=0) | E2E_PDR=0.00% (0/0) | RelayPDR=0.00% (Fwd=0/Rcv=0)
Node 182 | LocalPDR=0.00% (Fwd=0/Rcv=0) | E2E_PDR=0.00% (0/0) | RelayPDR=0.00% (Fwd=0/Rcv=0)
Node 183 | LocalPDR=0.00% (Fwd=0/Rcv=0) | E2E_PDR=0.00% (0/0) | RelayPDR=0.00% (Fwd=0/Rcv=0)
Node 184 | LocalPDR=0.00% (Fwd=0/Rcv=0) | E2E_PDR=0.00% (0/0) | RelayPDR=0.00% (Fwd=0/Rcv=0)
Node 185 | LocalPDR=0.00% (Fwd=0/Rcv=0) | E2E_PDR=0.00% (0/0) | RelayPDR=0.00% (Fwd=0/Rcv=0)
Node 186 | LocalPDR=0.00% (Fwd=0/Rcv=0) | E2E_PDR=0.00% (0/0) | RelayPDR=0.00% (Fwd=0/Rcv=0)
Node 187 | LocalPDR=0.00% (Fwd=0/Rcv=0) | E2E_PDR=0.00% (0/0) | RelayPDR=0.00% (Fwd=0/Rcv=0)
Node 188 | LocalPDR=0.00% (Fwd=0/Rcv=0) | E2E_PDR=0.00% (0/0) | RelayPDR=0.00% (Fwd=0/Rcv=0)
Node 189 | LocalPDR=0.00% (Fwd=0/Rcv=0) | E2E_PDR=0.00% (0/0) | RelayPDR=0.00% (Fwd=0/Rcv=0)
Node 190 | LocalPDR=0.00% (Fwd=0/Rcv=0) | E2E_PDR=0.00% (0/0) | RelayPDR=0.00% (Fwd=0/Rcv=0)
Node 191 | LocalPDR=0.00% (Fwd=0/Rcv=0) | E2E_PDR=0.00% (0/0) | RelayPDR=0.00% (Fwd=0/Rcv=0)
Node 192 | LocalPDR=0.00% (Fwd=0/Rcv=0) | E2E_PDR=0.00% (0/0) | RelayPDR=0.00% (Fwd=0/Rcv=0)
Node 193 | LocalPDR=0.00% (Fwd=0/Rcv=0) | E2E_PDR=0.00% (0/0) | RelayPDR=0.00% (Fwd=0/Rcv=0)
Node 194 | LocalPDR=0.00% (Fwd=0/Rcv=0) | E2E_PDR=0.00% (0/0) | RelayPDR=0.00% (Fwd=0/Rcv=0)
Node 195 | LocalPDR=0.00% (Fwd=0/Rcv=0) | E2E_PDR=0.00% (0/0) | RelayPDR=0.00% (Fwd=0/Rcv=0)
Node 196 | LocalPDR=0.00% (Fwd=0/Rcv=0) | E2E_PDR=0.00% (0/0) | RelayPDR=0.00% (Fwd=0/Rcv=0)
Node 197 | LocalPDR=0.00% (Fwd=0/Rcv=0) | E2E_PDR=0.00% (0/0) | RelayPDR=0.00% (Fwd=0/Rcv=0)
Node 198 | LocalPDR=0.00% (Fwd=0/Rcv=0) | E2E_PDR=0.00% (0/0) | RelayPDR=0.00% (Fwd=0/Rcv=0)
Node 199 | LocalPDR=0.00% (Fwd=0/Rcv=0) | E2E_PDR=0.00% (0/0) | RelayPDR=0.00% (Fwd=0/Rcv=0)
Node 200 | LocalPDR=0.00% (Fwd=0/Rcv=0) | E2E_PDR=0.00% (0/0) | RelayPDR=0.00% (Fwd=0/Rcv=0)
Node 201 | LocalPDR=0.00% (Fwd=0/Rcv=0) | E2E_PDR=0.00% (0/0) | RelayPDR=0.00% (Fwd=0/Rcv=0)
Node 202 | LocalPDR=0.00% (Fwd=0/Rcv=0) | E2E_PDR=0.00% (0/0) | RelayPDR=0.00% (Fwd=0/Rcv=0)
Node 203 | LocalPDR=0.00% (Fwd=0/Rcv=0) | E2E_PDR=0.00% (0/0) | RelayPDR=0.00% (Fwd=0/Rcv=0)
Node 204 | LocalPDR=0.00% (Fwd=0/Rcv=0) | E2E_PDR=0.00% (0/0) | RelayPDR=0.00% (Fwd=0/Rcv=0)
====================
written to file successfully
Solution at nodes cleared at 5.00
sent all flow data from node 16
current time is 5.00
At controller: updated flow source 6to destination 9flow size 3packet size 750QoS 1
At controller: updated flow source 7to destination 10flow size 1packet size 750QoS 1
At controller: updated flow source 8to destination 11flow size 1packet size 750QoS 1
At controller: updated flow source 9to destination 12flow size 3packet size 750QoS 1
At controller: updated flow source 10to destination 13flow size 3packet size 750QoS 1
At controller: updated flow source 11to destination 14flow size 3packet size 750QoS 1
At controller: updated flow source 12to destination 15flow size 2packet size 750QoS 1
At controller: updated flow source 13to destination 6flow size 0packet size 750QoS 1
At controller: updated flow source 14to destination 7flow size 3packet size 750QoS 1
At controller: updated flow source 15to destination 8flow size 2packet size 750QoS 1
At controller: updated flow source 6to destination 9flow size 2packet size 750QoS 1
At controller: updated flow source 7to destination 10flow size 0packet size 750QoS 1
Retransmission packet dropped for flow id 6packet ID: 2
Retransmission packet dropped for flow id 3packet ID: 3
Retransmission packet dropped for flow id 11packet ID: 2
Retransmission packet dropped for flow id 11packet ID: 3
Retransmission packet dropped for flow id 5packet ID: 2
Retransmission packet dropped for flow id 5packet ID: 3
link lifetime optimization beginning at 5.03
finished writing link lifetime status at5.03
Set parameter Username
Set parameter Threads to value 1
delay is 4116
reading lifetime from csv at5.03
link lifetime conversion finished at+5034600000.00ns
updating flows - path finding at5.03
Routing stable: Number of stable paths from source: 6to destination 9is 0 at timestamp 5.03
Routing stable: Number of stable paths from source: 7to destination 10is 3 at timestamp 5.03
Routing stable: Number of stable paths from source: 8to destination 11is 1 at timestamp 5.03
Routing stable: Number of stable paths from source: 9to destination 12is 1 at timestamp 5.03
Routing stable: Number of stable paths from source: 10to destination 13is 1 at timestamp 5.03
Routing stable: Number of stable paths from source: 11to destination 14is 2 at timestamp 5.03
Routing stable: Number of stable paths from source: 12to destination 15is 1 at timestamp 5.03
Routing stable: Number of stable paths from source: 13to destination 6is 0 at timestamp 5.03
Routing stable: Number of stable paths from source: 14to destination 7is 3 at timestamp 5.03
Routing stable: Number of stable paths from source: 15to destination 8is 2 at timestamp 5.03
Routing stable: Number of stable paths from source: 6to destination 9is 0 at timestamp 5.03
Routing stable: Number of stable paths from source: 7to destination 10is 3 at timestamp 5.03
[FLOW3-DEBUG] filter_flows flow_id=0 paths=0 t=5.04
[FLOW3-DEBUG] filter_flows flow_id=1 paths=3 t=5.04
[FLOW3-DEBUG] filter_flows flow_id=2 paths=1 t=5.04
[FLOW3-DEBUG] filter_flows flow_id=3 paths=1 t=5.04
[FLOW3-DEBUG] filter_flows flow_id=4 paths=1 t=5.04
[FLOW3-DEBUG] filter_flows flow_id=5 paths=2 t=5.04
[FLOW3-DEBUG] filter_flows flow_id=6 paths=1 t=5.04
[FLOW3-DEBUG] filter_flows flow_id=7 paths=0 t=5.04
[FLOW3-DEBUG] filter_flows flow_id=8 paths=3 t=5.04
[FLOW3-DEBUG] filter_flows flow_id=9 paths=2 t=5.04
[FLOW3-DEBUG] filter_flows flow_id=10 paths=0 t=5.04
[FLOW3-DEBUG] filter_flows flow_id=11 paths=3 t=5.04
Number of connected flows 9at timestamp 5.04
DEBUG matrix values:
  [0][1] = 31622768.86
  [1][0] = 31622768.86
  [1][2] = 31622768.86
  [2][1] = 31622768.86
  [2][3] = 31622768.86
  [3][2] = 31622768.86
  [3][4] = 31622768.86
  [4][3] = 31622768.86
  [4][5] = 31622768.86
  [5][4] = 31622768.86
  [5][6] = 31622768.86
  [6][5] = 31622768.86
  [7][8] = 31622768.86
  [7][14] = 31622768.86
  [7][16] = 5.65
  [8][7] = 31622768.86
  [8][9] = 31622768.86
  [8][15] = 31622768.86
  [9][8] = 31622768.86
  [9][10] = 31622768.86
  [10][9] = 31622768.86
  [10][11] = 31622768.86
  [11][10] = 31622768.86
  [11][12] = 31622768.86
  [12][11] = 31622768.86
  [12][13] = 31622768.86
  [13][12] = 31622768.86
  [14][7] = 31622768.86
  [14][15] = 31622768.86
  [14][16] = 1.10
  [15][8] = 31622768.86
  [15][14] = 31622768.86
  [16][7] = 5.65
  [16][14] = 1.10
DEBUG threshold: 0.40
DEBUG max lifetime in matrix: 31622768.86
DEBUG matrix size: 17
Proposed RL started at 5.04
1
1
1
1
1
1
1
1
1
1
1
1
Proposed RL learning finished at 5.04
Transmitting delta values at5.04
CP-TS TAMPER (target flow=0): node=0 flow=0 t=5.04
CP-TS NO TAMPER (non-target flow): node=0 flow=1
CP-TS NO TAMPER (non-target flow): node=0 flow=2
CP-TS NO TAMPER (non-target flow): node=0 flow=3
CP-TS NO TAMPER (non-target flow): node=0 flow=4
CP-TS NO TAMPER (non-target flow): node=0 flow=5
CP-TS NO TAMPER (non-target flow): node=0 flow=6
CP-TS NO TAMPER (non-target flow): node=0 flow=7
CP-TS NO TAMPER (non-target flow): node=0 flow=8
CP-TS NO TAMPER (non-target flow): node=0 flow=9
CP-TS NO TAMPER (non-target flow): node=0 flow=10
CP-TS NO TAMPER (non-target flow): node=0 flow=11
CP-TS TAMPER (target flow=0): node=1 flow=0 t=5.04
CP-TS NO TAMPER (non-target flow): node=1 flow=1
CP-TS NO TAMPER (non-target flow): node=1 flow=2
CP-TS NO TAMPER (non-target flow): node=1 flow=3
CP-TS NO TAMPER (non-target flow): node=1 flow=4
CP-TS NO TAMPER (non-target flow): node=1 flow=5
CP-TS NO TAMPER (non-target flow): node=1 flow=6
CP-TS NO TAMPER (non-target flow): node=1 flow=7
CP-TS NO TAMPER (non-target flow): node=1 flow=8
CP-TS NO TAMPER (non-target flow): node=1 flow=9
CP-TS NO TAMPER (non-target flow): node=1 flow=10
CP-TS NO TAMPER (non-target flow): node=1 flow=11
CP-TS TAMPER (target flow=0): node=4 flow=0 t=5.04
CP-TS NO TAMPER (non-target flow): node=4 flow=1
CP-TS NO TAMPER (non-target flow): node=4 flow=2
CP-TS NO TAMPER (non-target flow): node=4 flow=3
CP-TS NO TAMPER (non-target flow): node=4 flow=4
CP-TS NO TAMPER (non-target flow): node=4 flow=5
CP-TS NO TAMPER (non-target flow): node=4 flow=6
CP-TS NO TAMPER (non-target flow): node=4 flow=7
CP-TS NO TAMPER (non-target flow): node=4 flow=8
CP-TS NO TAMPER (non-target flow): node=4 flow=9
CP-TS NO TAMPER (non-target flow): node=4 flow=10
CP-TS NO TAMPER (non-target flow): node=4 flow=11
CP-TS TAMPER (target flow=0): node=5 flow=0 t=5.04
CP-TS NO TAMPER (non-target flow): node=5 flow=1
CP-TS NO TAMPER (non-target flow): node=5 flow=2
CP-TS NO TAMPER (non-target flow): node=5 flow=3
CP-TS NO TAMPER (non-target flow): node=5 flow=4
CP-TS NO TAMPER (non-target flow): node=5 flow=5
CP-TS NO TAMPER (non-target flow): node=5 flow=6
CP-TS NO TAMPER (non-target flow): node=5 flow=7
CP-TS NO TAMPER (non-target flow): node=5 flow=8
CP-TS NO TAMPER (non-target flow): node=5 flow=9
CP-TS NO TAMPER (non-target flow): node=5 flow=10
CP-TS NO TAMPER (non-target flow): node=5 flow=11
CP-TS TAMPER (target flow=0): node=8 flow=0 t=5.04
CP-TS NO TAMPER (non-target flow): node=8 flow=1
CP-TS NO TAMPER (non-target flow): node=8 flow=2
CP-TS NO TAMPER (non-target flow): node=8 flow=3
CP-TS NO TAMPER (non-target flow): node=8 flow=4
CP-TS NO TAMPER (non-target flow): node=8 flow=5
CP-TS NO TAMPER (non-target flow): node=8 flow=6
CP-TS NO TAMPER (non-target flow): node=8 flow=7
CP-TS NO TAMPER (non-target flow): node=8 flow=8
CP-TS NO TAMPER (non-target flow): node=8 flow=9
CP-TS NO TAMPER (non-target flow): node=8 flow=10
CP-TS NO TAMPER (non-target flow): node=8 flow=11
CP-TS TAMPER (target flow=0): node=9 flow=0 t=5.04
CP-TS NO TAMPER (non-target flow): node=9 flow=1
CP-TS NO TAMPER (non-target flow): node=9 flow=2
CP-TS NO TAMPER (non-target flow): node=9 flow=3
CP-TS NO TAMPER (non-target flow): node=9 flow=4
CP-TS NO TAMPER (non-target flow): node=9 flow=5
CP-TS NO TAMPER (non-target flow): node=9 flow=6
CP-TS NO TAMPER (non-target flow): node=9 flow=7
CP-TS NO TAMPER (non-target flow): node=9 flow=8
CP-TS NO TAMPER (non-target flow): node=9 flow=9
CP-TS NO TAMPER (non-target flow): node=9 flow=10
CP-TS NO TAMPER (non-target flow): node=9 flow=11
CP-TS TAMPER (target flow=0): node=12 flow=0 t=5.04
CP-TS NO TAMPER (non-target flow): node=12 flow=1
CP-TS NO TAMPER (non-target flow): node=12 flow=2
CP-TS NO TAMPER (non-target flow): node=12 flow=3
CP-TS NO TAMPER (non-target flow): node=12 flow=4
CP-TS NO TAMPER (non-target flow): node=12 flow=5
CP-TS NO TAMPER (non-target flow): node=12 flow=6
CP-TS NO TAMPER (non-target flow): node=12 flow=7
CP-TS NO TAMPER (non-target flow): node=12 flow=8
CP-TS NO TAMPER (non-target flow): node=12 flow=9
CP-TS NO TAMPER (non-target flow): node=12 flow=10
CP-TS NO TAMPER (non-target flow): node=12 flow=11
CP-TS TAMPER (target flow=0): node=13 flow=0 t=5.04
CP-TS NO TAMPER (non-target flow): node=13 flow=1
CP-TS NO TAMPER (non-target flow): node=13 flow=2
CP-TS NO TAMPER (non-target flow): node=13 flow=3
CP-TS NO TAMPER (non-target flow): node=13 flow=4
CP-TS NO TAMPER (non-target flow): node=13 flow=5
CP-TS NO TAMPER (non-target flow): node=13 flow=6
CP-TS NO TAMPER (non-target flow): node=13 flow=7
CP-TS NO TAMPER (non-target flow): node=13 flow=8
CP-TS NO TAMPER (non-target flow): node=13 flow=9
CP-TS NO TAMPER (non-target flow): node=13 flow=10
CP-TS NO TAMPER (non-target flow): node=13 flow=11
Initialized flow counters at 5.10
[CQ1] flow=0 t=5.10 f_size=0 total_load=0.00 total_packets_this_cycle=0 data_transmission_period=1.00
flow id 0sub flow load is 0.00 next hop 0packets 0
flow id 0sub flow load is 0.00 next hop 1packets 0
flow id 0sub flow load is 0.00 next hop 2packets 0
flow id 0sub flow load is 0.00 next hop 3packets 0
flow id 0sub flow load is 0.00 next hop 4packets 0
flow id 0sub flow load is 0.00 next hop 5packets 0
flow id 0sub flow load is 0.00 next hop 6packets 0
flow id 0sub flow load is 0.00 next hop 7packets 0
flow id 0sub flow load is 0.00 next hop 8packets 0
flow id 0sub flow load is 0.00 next hop 9packets 0
flow id 0sub flow load is 0.00 next hop 10packets 0
flow id 0sub flow load is 0.00 next hop 11packets 0
flow id 0sub flow load is 0.00 next hop 12packets 0
flow id 0sub flow load is 0.00 next hop 13packets 0
flow id 0sub flow load is 0.00 next hop 14packets 0
flow id 0sub flow load is 0.00 next hop 15packets 0
flow id 0sub flow load is 0.00 next hop 16packets 0
Flow id 0 scheduled 0total packets from 6
[CQ1] flow=1 t=5.10 f_size=1 total_load=1.00 total_packets_this_cycle=2 data_transmission_period=1.00
flow id 1sub flow load is 0.00 next hop 0packets 0
flow id 1sub flow load is 0.00 next hop 1packets 0
flow id 1sub flow load is 0.00 next hop 2packets 0
flow id 1sub flow load is 0.00 next hop 3packets 0
flow id 1sub flow load is 0.00 next hop 4packets 0
flow id 1sub flow load is 0.00 next hop 5packets 0
flow id 1sub flow load is 0.00 next hop 6packets 0
flow id 1sub flow load is 0.00 next hop 7packets 0
flow id 1sub flow load is 0.00 next hop 9packets 0
flow id 1sub flow load is 0.00 next hop 10packets 0
flow id 1sub flow load is 0.00 next hop 11packets 0
flow id 1sub flow load is 0.00 next hop 12packets 0
flow id 1sub flow load is 0.00 next hop 13packets 0
flow id 1sub flow load is 0.00 next hop 15packets 0
flow id 1sub flow load is 0.28 next hop 16packets 0
flow id 1sub flow load is 0.34 next hop 14packets 0
flow id 1sub flow load is 0.37 next hop 8packets 2
scheduled in channel 3
scheduled in channel 2
scheduled in channel 1
Flow id 1 scheduled 2total packets from 7
[CQ1] flow=2 t=5.10 f_size=1 total_load=1.00 total_packets_this_cycle=1 data_transmission_period=1.00
flow id 2sub flow load is 0.00 next hop 0packets 0
flow id 2sub flow load is 0.00 next hop 1packets 0
flow id 2sub flow load is 0.00 next hop 2packets 0
flow id 2sub flow load is 0.00 next hop 3packets 0
flow id 2sub flow load is 0.00 next hop 4packets 0
flow id 2sub flow load is 0.00 next hop 5packets 0
flow id 2sub flow load is 0.00 next hop 6packets 0
flow id 2sub flow load is 0.00 next hop 7packets 0
flow id 2sub flow load is 0.00 next hop 8packets 0
flow id 2sub flow load is 0.00 next hop 10packets 0
flow id 2sub flow load is 0.00 next hop 11packets 0
flow id 2sub flow load is 0.00 next hop 12packets 0
flow id 2sub flow load is 0.00 next hop 13packets 0
flow id 2sub flow load is 0.00 next hop 14packets 0
flow id 2sub flow load is 0.00 next hop 15packets 0
flow id 2sub flow load is 0.00 next hop 16packets 0
flow id 2sub flow load is 1.00 next hop 9packets 1
scheduled in channel 1
Flow id 2 scheduled 1total packets from 8
[CQ1] flow=3 t=5.10 f_size=3 total_load=1.00 total_packets_this_cycle=3 data_transmission_period=1.00
flow id 3sub flow load is 0.00 next hop 0packets 0
flow id 3sub flow load is 0.00 next hop 1packets 0
flow id 3sub flow load is 0.00 next hop 2packets 0
flow id 3sub flow load is 0.00 next hop 3packets 0
flow id 3sub flow load is 0.00 next hop 4packets 0
flow id 3sub flow load is 0.00 next hop 5packets 0
flow id 3sub flow load is 0.00 next hop 6packets 0
flow id 3sub flow load is 0.00 next hop 7packets 0
flow id 3sub flow load is 0.00 next hop 8packets 0
flow id 3sub flow load is 0.00 next hop 9packets 0
flow id 3sub flow load is 0.00 next hop 11packets 0
flow id 3sub flow load is 0.00 next hop 12packets 0
flow id 3sub flow load is 0.00 next hop 13packets 0
flow id 3sub flow load is 0.00 next hop 14packets 0
flow id 3sub flow load is 0.00 next hop 15packets 0
flow id 3sub flow load is 0.00 next hop 16packets 0
flow id 3sub flow load is 1.00 next hop 10packets 3
scheduled in channel 1
Flow id 3 scheduled 3total packets from 9
[CQ1] flow=4 t=5.10 f_size=3 total_load=1.00 total_packets_this_cycle=3 data_transmission_period=1.00
flow id 4sub flow load is 0.00 next hop 0packets 0
flow id 4sub flow load is 0.00 next hop 1packets 0
flow id 4sub flow load is 0.00 next hop 2packets 0
flow id 4sub flow load is 0.00 next hop 3packets 0
flow id 4sub flow load is 0.00 next hop 4packets 0
flow id 4sub flow load is 0.00 next hop 5packets 0
flow id 4sub flow load is 0.00 next hop 6packets 0
flow id 4sub flow load is 0.00 next hop 7packets 0
flow id 4sub flow load is 0.00 next hop 8packets 0
flow id 4sub flow load is 0.00 next hop 9packets 0
flow id 4sub flow load is 0.00 next hop 10packets 0
flow id 4sub flow load is 0.00 next hop 12packets 0
flow id 4sub flow load is 0.00 next hop 13packets 0
flow id 4sub flow load is 0.00 next hop 14packets 0
flow id 4sub flow load is 0.00 next hop 15packets 0
flow id 4sub flow load is 0.00 next hop 16packets 0
flow id 4sub flow load is 1.00 next hop 11packets 3
scheduled in channel 1
Flow id 4 scheduled 3total packets from 10
[CQ1] flow=5 t=5.10 f_size=3 total_load=1.00 total_packets_this_cycle=3 data_transmission_period=1.00
flow id 5sub flow load is 0.00 next hop 0packets 0
flow id 5sub flow load is 0.00 next hop 1packets 0
flow id 5sub flow load is 0.00 next hop 2packets 0
flow id 5sub flow load is 0.00 next hop 3packets 0
flow id 5sub flow load is 0.00 next hop 4packets 0
flow id 5sub flow load is 0.00 next hop 5packets 0
flow id 5sub flow load is 0.00 next hop 6packets 0
flow id 5sub flow load is 0.00 next hop 7packets 0
flow id 5sub flow load is 0.00 next hop 8packets 0
flow id 5sub flow load is 0.00 next hop 9packets 0
flow id 5sub flow load is 0.00 next hop 11packets 0
flow id 5sub flow load is 0.00 next hop 12packets 0
flow id 5sub flow load is 0.00 next hop 13packets 0
flow id 5sub flow load is 0.00 next hop 14packets 0
flow id 5sub flow load is 0.00 next hop 15packets 0
flow id 5sub flow load is 0.00 next hop 16packets 0
flow id 5sub flow load is 1.00 next hop 10packets 3
scheduled in channel 1
Flow id 5 scheduled 3total packets from 11
[CQ1] flow=6 t=5.10 f_size=2 total_load=1.00 total_packets_this_cycle=2 data_transmission_period=1.00
flow id 6sub flow load is 0.00 next hop 0packets 0
flow id 6sub flow load is 0.00 next hop 1packets 0
flow id 6sub flow load is 0.00 next hop 2packets 0
flow id 6sub flow load is 0.00 next hop 3packets 0
flow id 6sub flow load is 0.00 next hop 4packets 0
flow id 6sub flow load is 0.00 next hop 5packets 0
flow id 6sub flow load is 0.00 next hop 6packets 0
flow id 6sub flow load is 0.00 next hop 7packets 0
flow id 6sub flow load is 0.00 next hop 8packets 0
flow id 6sub flow load is 0.00 next hop 9packets 0
flow id 6sub flow load is 0.00 next hop 10packets 0
flow id 6sub flow load is 0.00 next hop 12packets 0
flow id 6sub flow load is 0.00 next hop 13packets 0
flow id 6sub flow load is 0.00 next hop 14packets 0
flow id 6sub flow load is 0.00 next hop 15packets 0
flow id 6sub flow load is 0.00 next hop 16packets 0
flow id 6sub flow load is 1.00 next hop 11packets 2
scheduled in channel 1
Flow id 6 scheduled 2total packets from 12
[CQ1] flow=7 t=5.10 f_size=0 total_load=0.00 total_packets_this_cycle=0 data_transmission_period=1.00
flow id 7sub flow load is 0.00 next hop 0packets 0
flow id 7sub flow load is 0.00 next hop 1packets 0
flow id 7sub flow load is 0.00 next hop 2packets 0
flow id 7sub flow load is 0.00 next hop 3packets 0
flow id 7sub flow load is 0.00 next hop 4packets 0
flow id 7sub flow load is 0.00 next hop 5packets 0
flow id 7sub flow load is 0.00 next hop 6packets 0
flow id 7sub flow load is 0.00 next hop 7packets 0
flow id 7sub flow load is 0.00 next hop 8packets 0
flow id 7sub flow load is 0.00 next hop 9packets 0
flow id 7sub flow load is 0.00 next hop 10packets 0
flow id 7sub flow load is 0.00 next hop 11packets 0
flow id 7sub flow load is 0.00 next hop 12packets 0
flow id 7sub flow load is 0.00 next hop 13packets 0
flow id 7sub flow load is 0.00 next hop 14packets 0
flow id 7sub flow load is 0.00 next hop 15packets 0
flow id 7sub flow load is 0.00 next hop 16packets 0
Flow id 7 scheduled 0total packets from 13
[CQ1] flow=8 t=5.10 f_size=3 total_load=1.02 total_packets_this_cycle=4 data_transmission_period=1.00
flow id 8sub flow load is 0.00 next hop 0packets 0
flow id 8sub flow load is 0.00 next hop 1packets 0
flow id 8sub flow load is 0.00 next hop 2packets 0
flow id 8sub flow load is 0.00 next hop 3packets 0
flow id 8sub flow load is 0.00 next hop 4packets 0
flow id 8sub flow load is 0.00 next hop 5packets 0
flow id 8sub flow load is 0.00 next hop 6packets 0
flow id 8sub flow load is 0.00 next hop 7packets 0
flow id 8sub flow load is 0.00 next hop 8packets 0
flow id 8sub flow load is 0.00 next hop 9packets 0
flow id 8sub flow load is 0.00 next hop 10packets 0
flow id 8sub flow load is 0.00 next hop 11packets 0
flow id 8sub flow load is 0.00 next hop 12packets 0
flow id 8sub flow load is 0.00 next hop 13packets 0
flow id 8sub flow load is 0.00 next hop 14packets 0
flow id 8sub flow load is 0.20 next hop 16packets 0
flow id 8sub flow load is 0.82 next hop 15packets 4
scheduled in channel 2
scheduled in channel 1
Flow id 8 scheduled 4total packets from 14
[CQ1] flow=9 t=5.10 f_size=2 total_load=1.00 total_packets_this_cycle=2 data_transmission_period=1.00
flow id 9sub flow load is 0.00 next hop 0packets 0
flow id 9sub flow load is 0.00 next hop 1packets 0
flow id 9sub flow load is 0.00 next hop 2packets 0
flow id 9sub flow load is 0.00 next hop 3packets 0
flow id 9sub flow load is 0.00 next hop 4packets 0
flow id 9sub flow load is 0.00 next hop 5packets 0
flow id 9sub flow load is 0.00 next hop 6packets 0
flow id 9sub flow load is 0.00 next hop 7packets 0
flow id 9sub flow load is 0.00 next hop 8packets 0
flow id 9sub flow load is 0.00 next hop 9packets 0
flow id 9sub flow load is 0.00 next hop 10packets 0
flow id 9sub flow load is 0.00 next hop 11packets 0
flow id 9sub flow load is 0.00 next hop 12packets 0
flow id 9sub flow load is 0.00 next hop 13packets 0
flow id 9sub flow load is 0.00 next hop 15packets 0
flow id 9sub flow load is 0.00 next hop 16packets 0
flow id 9sub flow load is 1.00 next hop 14packets 2
scheduled in channel 1
Flow id 9 scheduled 2total packets from 15
[CQ1] flow=10 t=5.10 f_size=0 total_load=0.00 total_packets_this_cycle=0 data_transmission_period=1.00
flow id 10sub flow load is 0.00 next hop 0packets 0
flow id 10sub flow load is 0.00 next hop 1packets 0
flow id 10sub flow load is 0.00 next hop 2packets 0
flow id 10sub flow load is 0.00 next hop 3packets 0
flow id 10sub flow load is 0.00 next hop 4packets 0
flow id 10sub flow load is 0.00 next hop 5packets 0
flow id 10sub flow load is 0.00 next hop 6packets 0
flow id 10sub flow load is 0.00 next hop 7packets 0
flow id 10sub flow load is 0.00 next hop 8packets 0
flow id 10sub flow load is 0.00 next hop 9packets 0
flow id 10sub flow load is 0.00 next hop 10packets 0
flow id 10sub flow load is 0.00 next hop 11packets 0
flow id 10sub flow load is 0.00 next hop 12packets 0
flow id 10sub flow load is 0.00 next hop 13packets 0
flow id 10sub flow load is 0.00 next hop 14packets 0
flow id 10sub flow load is 0.00 next hop 15packets 0
flow id 10sub flow load is 0.00 next hop 16packets 0
Flow id 10 scheduled 0total packets from 6
[CQ1] flow=11 t=5.10 f_size=0 total_load=0.00 total_packets_this_cycle=0 data_transmission_period=1.00
flow id 11sub flow load is 0.00 next hop 0packets 0
flow id 11sub flow load is 0.00 next hop 1packets 0
flow id 11sub flow load is 0.00 next hop 2packets 0
flow id 11sub flow load is 0.00 next hop 3packets 0
flow id 11sub flow load is 0.00 next hop 4packets 0
flow id 11sub flow load is 0.00 next hop 5packets 0
flow id 11sub flow load is 0.00 next hop 6packets 0
flow id 11sub flow load is 0.00 next hop 7packets 0
flow id 11sub flow load is 0.00 next hop 8packets 0
flow id 11sub flow load is 0.00 next hop 9packets 0
flow id 11sub flow load is 0.00 next hop 10packets 0
flow id 11sub flow load is 0.00 next hop 11packets 0
flow id 11sub flow load is 0.00 next hop 12packets 0
flow id 11sub flow load is 0.00 next hop 13packets 0
flow id 11sub flow load is 0.00 next hop 14packets 0
flow id 11sub flow load is 0.00 next hop 15packets 0
flow id 11sub flow load is 0.00 next hop 16packets 0
Flow id 11 scheduled 0total packets from 7
DP-FR FORWARD: node=7 flow=1 t=5.23
ATTACK PLACE 1: packet FORWARDED node=7 flow=1 packetID=1 t=5.23
DP-FR DROP: node=8 flow=1 t=5.23
ATTACK PLACE 2: retransmit DROPPED node=8 flow=1 packetID=1 t=5.23
ATTACK PLACE 1: packet FORWARDED node=15 flow=9 packetID=1 t=5.26
ATTACK PLACE 2: retransmit FORWARDED node=14 flow=9 packetID=1 t=5.26
DP-FR DROP: node=7 flow=9 t=5.26
ATTACK PLACE 2: retransmit DROPPED node=7 flow=9 packetID=1 t=5.26
ATTACK PLACE 2: retransmit FORWARDED node=14 flow=9 packetID=1 t=5.26
ATTACK PLACE 1: packet FORWARDED node=15 flow=9 packetID=2 t=5.30
ATTACK PLACE 2: retransmit FORWARDED node=14 flow=9 packetID=2 t=5.30
DP-FR FORWARD: node=8 flow=2 t=5.36
ATTACK PLACE 1: packet FORWARDED node=8 flow=2 packetID=1 t=5.36
DP-FR FORWARD: node=9 flow=2 t=5.36
ATTACK PLACE 2: retransmit FORWARDED node=9 flow=2 packetID=1 t=5.36
DP-FR DROP: node=10 flow=2 t=5.36
ATTACK PLACE 2: retransmit DROPPED node=10 flow=2 packetID=1 t=5.36
DP-FR DROP: node=9 flow=3 t=5.49
ATTACK PLACE 1: packet DROPPED node=9 flow=3 packetID=1 t=5.49
DP-FR DROP: node=9 flow=3 t=5.49
ATTACK PLACE 1: packet DROPPED node=9 flow=3 packetID=1 t=5.49
DP-FR DROP: node=9 flow=3 t=5.49
ATTACK PLACE 1: packet DROPPED node=9 flow=3 packetID=1 t=5.49
DP-FR DROP: node=9 flow=3 t=5.49
ATTACK PLACE 1: packet DROPPED node=9 flow=3 packetID=1 t=5.49
Intial transmission packet dropped for flow id 3packet ID: 1
DP-FR FORWARD: node=7 flow=11 t=5.51
ATTACK PLACE 1: packet FORWARDED node=7 flow=11 packetID=1 t=5.51
ATTACK PLACE 2: retransmit FORWARDED node=14 flow=11 packetID=1 t=5.52
DP-FR DROP: node=9 flow=3 t=5.53
ATTACK PLACE 1: packet DROPPED node=9 flow=3 packetID=2 t=5.53
DP-FR DROP: node=9 flow=3 t=5.53
ATTACK PLACE 1: packet DROPPED node=9 flow=3 packetID=2 t=5.53
DP-FR FORWARD: node=9 flow=3 t=5.53
ATTACK PLACE 1: packet FORWARDED node=9 flow=3 packetID=2 t=5.53
DP-FR DROP: node=10 flow=3 t=5.53
ATTACK PLACE 2: retransmit DROPPED node=10 flow=3 packetID=2 t=5.53
DP-FR DROP: node=7 flow=11 t=5.56
ATTACK PLACE 1: packet DROPPED node=7 flow=11 packetID=2 t=5.56
DP-FR DROP: node=7 flow=11 t=5.56
ATTACK PLACE 1: packet DROPPED node=7 flow=11 packetID=2 t=5.56
DP-FR DROP: node=7 flow=11 t=5.56
ATTACK PLACE 1: packet DROPPED node=7 flow=11 packetID=2 t=5.56
DP-FR FORWARD: node=7 flow=11 t=5.56
ATTACK PLACE 1: packet FORWARDED node=7 flow=11 packetID=2 t=5.56
ATTACK PLACE 2: retransmit FORWARDED node=14 flow=11 packetID=2 t=5.57
DP-FR DROP: node=9 flow=3 t=5.57
ATTACK PLACE 1: packet DROPPED node=9 flow=3 packetID=3 t=5.57
DP-FR DROP: node=9 flow=3 t=5.57
ATTACK PLACE 1: packet DROPPED node=9 flow=3 packetID=3 t=5.57
DP-FR DROP: node=9 flow=3 t=5.58
ATTACK PLACE 1: packet DROPPED node=9 flow=3 packetID=3 t=5.58
DP-FR DROP: node=9 flow=3 t=5.58
ATTACK PLACE 1: packet DROPPED node=9 flow=3 packetID=3 t=5.58
Intial transmission packet dropped for flow id 3packet ID: 3
DP-FR DROP: node=10 flow=4 t=5.61
ATTACK PLACE 1: packet DROPPED node=10 flow=4 packetID=1 t=5.61
DP-FR DROP: node=10 flow=4 t=5.62
ATTACK PLACE 1: packet DROPPED node=10 flow=4 packetID=1 t=5.62
DP-FR DROP: node=10 flow=4 t=5.62
ATTACK PLACE 1: packet DROPPED node=10 flow=4 packetID=1 t=5.62
DP-FR DROP: node=10 flow=4 t=5.62
ATTACK PLACE 1: packet DROPPED node=10 flow=4 packetID=1 t=5.62
Intial transmission packet dropped for flow id 4packet ID: 1
DP-FR FORWARD: node=10 flow=4 t=5.66
ATTACK PLACE 1: packet FORWARDED node=10 flow=4 packetID=2 t=5.66
DP-FR FORWARD: node=11 flow=4 t=5.66
ATTACK PLACE 2: retransmit FORWARDED node=11 flow=4 packetID=2 t=5.66
ATTACK PLACE 2: retransmit FORWARDED node=12 flow=4 packetID=2 t=5.66
Flow ID 4received  Packet ID: 2Totally received 1packets at destination 13 at 5.66
DP-FR DROP: node=10 flow=4 t=5.70
ATTACK PLACE 1: packet DROPPED node=10 flow=4 packetID=3 t=5.70
DP-FR DROP: node=10 flow=4 t=5.70
ATTACK PLACE 1: packet DROPPED node=10 flow=4 packetID=3 t=5.70
DP-FR DROP: node=10 flow=4 t=5.70
ATTACK PLACE 1: packet DROPPED node=10 flow=4 packetID=3 t=5.70
DP-FR FORWARD: node=10 flow=4 t=5.71
ATTACK PLACE 1: packet FORWARDED node=10 flow=4 packetID=3 t=5.71
DP-FR FORWARD: node=11 flow=4 t=5.71
ATTACK PLACE 2: retransmit FORWARDED node=11 flow=4 packetID=3 t=5.71
ATTACK PLACE 2: retransmit FORWARDED node=12 flow=4 packetID=3 t=5.71
Flow ID 4received  Packet ID: 3Totally received 2packets at destination 13 at 5.71
DP-FR DROP: node=11 flow=5 t=5.74
ATTACK PLACE 1: packet DROPPED node=11 flow=5 packetID=1 t=5.74
DP-FR DROP: node=11 flow=5 t=5.75
ATTACK PLACE 1: packet DROPPED node=11 flow=5 packetID=1 t=5.75
DP-FR FORWARD: node=11 flow=5 t=5.75
ATTACK PLACE 1: packet FORWARDED node=11 flow=5 packetID=1 t=5.75
DP-FR DROP: node=10 flow=5 t=5.75
ATTACK PLACE 2: retransmit DROPPED node=10 flow=5 packetID=1 t=5.75
DP-FR FORWARD: node=11 flow=5 t=5.79
ATTACK PLACE 1: packet FORWARDED node=11 flow=5 packetID=2 t=5.79
DP-FR FORWARD: node=11 flow=5 t=5.83
ATTACK PLACE 1: packet FORWARDED node=11 flow=5 packetID=3 t=5.83
ATTACK PLACE 1: packet FORWARDED node=12 flow=6 packetID=1 t=5.87
DP-FR DROP: node=11 flow=6 t=5.87
ATTACK PLACE 2: retransmit DROPPED node=11 flow=6 packetID=1 t=5.87
ATTACK PLACE 1: packet FORWARDED node=12 flow=6 packetID=2 t=5.92
[PDQ4] t=6.00 flow0_source=6 flow0_dest=9 direct_source_to_dest_lifetime=0.00 | source's_live_neighbor_lifetimes: 5(ll=3.16228e+07) 
average_latency 2.08 ms
[LW-CP-Det] Controller 0 SUSPECTED — S4:1 S5:1 S6:1
[SHIELD-GH][CP] Controller 0 grey-hole flow rule detected | S4=1 S5=1 S6=1 | Tc=0.00 | truth=MALICIOUS | t=6.00
[LW-CP-Det] Controller 1 SUSPECTED — S4:1 S5:1 S6:1
[SHIELD-GH][CP] Controller 1 grey-hole flow rule detected | S4=1 S5=1 S6=1 | Tc=0.00 | truth=MALICIOUS | t=6.00
[DX3-rcv0fallback] node=6 window=4 t=6.00 flagged=0
[MATD-DEBUG] node=7 maxspeed_kmh=90 speed_mps=25.00 t=6.00
[DQ5] node=7 window=4 t=6.00 R_i=0.51
[LW-DP-Det] Node 7 t=6.00 tau_f_eff=0.75 SUSPECTED — S1:1 S2:1 S3:0 corrPDR=0.46 variance=0.09
[DQ3] node=7 t=6.00 S_total=1.00 R_i=0.51 score=0.79 y_hat=1
[RQ1] node=7 t=6.00 y_hat=1
[RQ3] node=7 t=6.00 enable_matd=0 obs_pdr=0.38 corr_pdr=0.38
[NQ1/NQ2] node=7 t=6.00 rcv=8 response=REQUIRE_ZKP should_isolate=0 isolated=0
[NQ7/NQ12] node=7 t=6.00 lambda=5 lambda1=2 lambda2=5 Ri_decayed=0.51 statistical_gate=1 zkp_gate_enabled=1 zkp_cached=1 zkp_proof=PASS
[ZQ2/ZQ3] node=7 t=6.00 zkp_cum_received=35 zkp_cum_forwarded=16
[MATD-DEBUG] node=8 maxspeed_kmh=90 speed_mps=25.00 t=6.00
[DQ5] node=8 window=4 t=6.00 R_i=0.37
[LW-DP-Det] Node 8 t=6.00 tau_f_eff=0.75 SUSPECTED — S1:1 S2:0 S3:0 corrPDR=0.30 variance=0.06
[DQ3] node=8 t=6.00 S_total=1.00 R_i=0.37 score=0.85 y_hat=1
[RQ1] node=8 t=6.00 y_hat=1
[RQ3] node=8 t=6.00 enable_matd=0 obs_pdr=0.50 corr_pdr=0.50
[NQ1/NQ2] node=8 t=6.00 rcv=2 response=REQUIRE_ZKP should_isolate=0 isolated=0
[NQ7/NQ12] node=8 t=6.00 lambda=5 lambda1=2 lambda2=5 Ri_decayed=0.37 statistical_gate=1 zkp_gate_enabled=1 zkp_cached=1 zkp_proof=PASS
[ZQ2/ZQ3] node=8 t=6.00 zkp_cum_received=27 zkp_cum_forwarded=8
[MATD-DEBUG] node=9 maxspeed_kmh=90 speed_mps=25.00 t=6.00
[DQ5] node=9 window=4 t=6.00 R_i=0.29
[LW-DP-Det] Node 9 t=6.00 tau_f_eff=0.75 SUSPECTED — S1:1 S2:0 S3:0 corrPDR=0.19 variance=0.03
[DQ3] node=9 t=6.00 S_total=1.00 R_i=0.29 score=0.88 y_hat=1
[RQ1] node=9 t=6.00 y_hat=1
[RQ3] node=9 t=6.00 enable_matd=0 obs_pdr=0.17 corr_pdr=0.17
[NQ1/NQ2] node=9 t=6.00 rcv=12 response=REQUIRE_ZKP should_isolate=0 isolated=0
[NQ7/NQ12] node=9 t=6.00 lambda=5 lambda1=2 lambda2=5 Ri_decayed=0.29 statistical_gate=1 zkp_gate_enabled=1 zkp_cached=1 zkp_proof=PASS
[ZQ2/ZQ3] node=9 t=6.00 zkp_cum_received=27 zkp_cum_forwarded=5
[MATD-DEBUG] node=10 maxspeed_kmh=90 speed_mps=25.00 t=6.00
[DQ5] node=10 window=4 t=6.00 R_i=0.43
[LW-DP-Det] Node 10 t=6.00 tau_f_eff=0.75 SUSPECTED — S1:1 S2:0 S3:0 corrPDR=0.30 variance=0.12
[DQ3] node=10 t=6.00 S_total=1.00 R_i=0.43 score=0.83 y_hat=1
[RQ1] node=10 t=6.00 y_hat=1
[RQ3] node=10 t=6.00 enable_matd=0 obs_pdr=0.14 corr_pdr=0.14
[NQ1/NQ2] node=10 t=6.00 rcv=14 response=REQUIRE_ZKP should_isolate=0 isolated=0
[NQ7/NQ12] node=10 t=6.00 lambda=5 lambda1=2 lambda2=5 Ri_decayed=0.43 statistical_gate=1 zkp_gate_enabled=1 zkp_cached=1 zkp_proof=PASS
[ZQ2/ZQ3] node=10 t=6.00 zkp_cum_received=37 zkp_cum_forwarded=11
[NQ2-rcv] node=11 t=6.00 rcv=9
[MATD-DEBUG] node=11 maxspeed_kmh=90 speed_mps=25.00 t=6.00
[DQ5] node=11 window=4 t=6.00 R_i=0.34
[S3-DEBUG] per_source_pdr.size()=2 D_KL=0.69 tau_ts=0.50 fires=1
[LW-DP-Det] Node 11 t=6.00 tau_f_eff=0.75 SUSPECTED — S1:1 S2:0 S3:1 corrPDR=0.33 variance=0.06
[DQ3] node=11 t=6.00 S_total=1.00 R_i=0.34 score=0.86 y_hat=1
[RQ1] node=11 t=6.00 y_hat=1
[RQ3] node=11 t=6.00 enable_matd=0 obs_pdr=0.56 corr_pdr=0.56
[NQ1/NQ2] node=11 t=6.00 rcv=9 response=REQUIRE_ZKP should_isolate=0 isolated=0
[NQ7/NQ12] node=11 t=6.00 lambda=5 lambda1=2 lambda2=5 Ri_decayed=0.34 statistical_gate=1 zkp_gate_enabled=1 zkp_cached=1 zkp_proof=PASS
[ZQ2/ZQ3] node=11 t=6.00 zkp_cum_received=33 zkp_cum_forwarded=11
[MATD-DEBUG] node=12 maxspeed_kmh=90 speed_mps=25.00 t=6.00
[NQ5] node=12 t=6.00 rcv=4 obs_pdr=1.00 corr_pdr=1.00
[DX2] node=12 t=6.00 S_total=0.00 R_i=0.80 score=0.08 y_hat=0
[RQ1] node=12 t=6.00 y_hat=0
[RQ3] node=12 t=6.00 enable_matd=0 obs_pdr=1.00 corr_pdr=1.00
[MATD-DEBUG] node=14 maxspeed_kmh=90 speed_mps=25.00 t=6.00
[NQ5] node=14 t=6.00 rcv=4 obs_pdr=1.25 corr_pdr=1.25
[DX2] node=14 t=6.00 S_total=0.00 R_i=0.79 score=0.08 y_hat=0
[RQ1] node=14 t=6.00 y_hat=0
[RQ3] node=14 t=6.00 enable_matd=0 obs_pdr=1.25 corr_pdr=1.25
[MATD-DEBUG] node=15 maxspeed_kmh=90 speed_mps=25.00 t=6.00
[NQ5] node=15 t=6.00 rcv=2 obs_pdr=1.00 corr_pdr=1.00
[DX2] node=15 t=6.00 S_total=0.00 R_i=0.77 score=0.09 y_hat=0
[RQ1] node=15 t=6.00 y_hat=0
[RQ3] node=15 t=6.00 enable_matd=0 obs_pdr=1.00 corr_pdr=1.00
=== SHIELD-GH DETECTION METRICS (node-level) ===
  Node TP=5 TN=10 FP=0 FN=1
  M1a Detection Accuracy: 93.75%
  M1b MCC: 0.87
  M2  False Positive Rate: 0.00%
================================================
average packet delivery ratio is 6.24
average jitter is 29.16
average load balance is 96.09
TP=2.00 TN=0.00 FP=16.00 FN=0.00
M1a Detection Accuracy: 11.11%
M1b MCC: 0.00
M2 False Positive Rate: 100.00%
M4a Detection Latency: 0.00 ms
M4b Mitigation Response Time: 0.00 ms
=== Per Node PDR ===
Node 0 | LocalPDR=0.00% (Fwd=0/Rcv=0) | E2E_PDR=0.00% (0/0) | RelayPDR=11.11% (Fwd=2/Rcv=18)
Node 1 | LocalPDR=0.00% (Fwd=0/Rcv=0) | E2E_PDR=0.00% (0/0) | RelayPDR=11.11% (Fwd=2/Rcv=18)
Node 2 | LocalPDR=0.00% (Fwd=0/Rcv=0) | E2E_PDR=0.00% (0/0) | RelayPDR=11.11% (Fwd=2/Rcv=18)
Node 3 | LocalPDR=0.00% (Fwd=0/Rcv=0) | E2E_PDR=0.00% (0/0) | RelayPDR=11.11% (Fwd=2/Rcv=18)
Node 4 | LocalPDR=0.00% (Fwd=0/Rcv=0) | E2E_PDR=0.00% (0/0) | RelayPDR=11.11% (Fwd=2/Rcv=18)
Node 5 | LocalPDR=0.00% (Fwd=0/Rcv=0) | E2E_PDR=0.00% (0/0) | RelayPDR=11.11% (Fwd=2/Rcv=18)
Node 6 | LocalPDR=0.00% (Fwd=0/Rcv=0) | E2E_PDR=0.00% (0/0) | RelayPDR=11.11% (Fwd=2/Rcv=18) [DP-ATTACKER] [CP-ATTACKER]
Node 7 | LocalPDR=37.50% (Fwd=3/Rcv=8) | E2E_PDR=0.00% (0/1) | RelayPDR=14.29% (Fwd=2/Rcv=14) [DP-ATTACKER] [CP-ATTACKER]
Node 8 | LocalPDR=50.00% (Fwd=1/Rcv=2) | E2E_PDR=0.00% (0/1) | RelayPDR=13.33% (Fwd=2/Rcv=15) [DP-ATTACKER] [CP-ATTACKER]
Node 9 | LocalPDR=16.67% (Fwd=2/Rcv=12) | E2E_PDR=0.00% (0/3) | RelayPDR=13.33% (Fwd=2/Rcv=15) [DP-ATTACKER]
Node 10 | LocalPDR=14.29% (Fwd=2/Rcv=14) | E2E_PDR=66.67% (2/3) | RelayPDR=0.00% (Fwd=0/Rcv=14) [DP-ATTACKER] [CP-ATTACKER]
Node 11 | LocalPDR=55.56% (Fwd=5/Rcv=9) | E2E_PDR=0.00% (0/3) | RelayPDR=14.29% (Fwd=2/Rcv=14) [DP-ATTACKER] [CP-ATTACKER]
Node 12 | LocalPDR=100.00% (Fwd=4/Rcv=4) | E2E_PDR=0.00% (0/2) | RelayPDR=15.38% (Fwd=2/Rcv=13) [CP-ATTACKER]
Node 13 | LocalPDR=0.00% (Fwd=0/Rcv=0) | E2E_PDR=0.00% (0/0) | RelayPDR=0.00% (Fwd=0/Rcv=15)
Node 14 | LocalPDR=125.00% (Fwd=5/Rcv=4) | E2E_PDR=0.00% (0/3) | RelayPDR=16.67% (Fwd=2/Rcv=12) [CP-ATTACKER]
Node 15 | LocalPDR=100.00% (Fwd=2/Rcv=2) | E2E_PDR=0.00% (0/2) | RelayPDR=14.29% (Fwd=2/Rcv=14) [CP-ATTACKER]
Node 16 | LocalPDR=0.00% (Fwd=0/Rcv=3) | E2E_PDR=0.00% (0/0) | RelayPDR=0.00% (Fwd=0/Rcv=0)
Node 17 | LocalPDR=0.00% (Fwd=0/Rcv=0) | E2E_PDR=0.00% (0/0) | RelayPDR=0.00% (Fwd=0/Rcv=0)
Node 18 | LocalPDR=0.00% (Fwd=0/Rcv=0) | E2E_PDR=0.00% (0/0) | RelayPDR=0.00% (Fwd=0/Rcv=0)
Node 19 | LocalPDR=0.00% (Fwd=0/Rcv=0) | E2E_PDR=0.00% (0/0) | RelayPDR=0.00% (Fwd=0/Rcv=0)
Node 20 | LocalPDR=0.00% (Fwd=0/Rcv=0) | E2E_PDR=0.00% (0/0) | RelayPDR=0.00% (Fwd=0/Rcv=0)
Node 21 | LocalPDR=0.00% (Fwd=0/Rcv=0) | E2E_PDR=0.00% (0/0) | RelayPDR=0.00% (Fwd=0/Rcv=0)
Node 22 | LocalPDR=0.00% (Fwd=0/Rcv=0) | E2E_PDR=0.00% (0/0) | RelayPDR=0.00% (Fwd=0/Rcv=0)
Node 23 | LocalPDR=0.00% (Fwd=0/Rcv=0) | E2E_PDR=0.00% (0/0) | RelayPDR=0.00% (Fwd=0/Rcv=0)
Node 24 | LocalPDR=0.00% (Fwd=0/Rcv=0) | E2E_PDR=0.00% (0/0) | RelayPDR=0.00% (Fwd=0/Rcv=0)
Node 25 | LocalPDR=0.00% (Fwd=0/Rcv=0) | E2E_PDR=0.00% (0/0) | RelayPDR=0.00% (Fwd=0/Rcv=0)
Node 26 | LocalPDR=0.00% (Fwd=0/Rcv=0) | E2E_PDR=0.00% (0/0) | RelayPDR=0.00% (Fwd=0/Rcv=0)
Node 27 | LocalPDR=0.00% (Fwd=0/Rcv=0) | E2E_PDR=0.00% (0/0) | RelayPDR=0.00% (Fwd=0/Rcv=0)
Node 28 | LocalPDR=0.00% (Fwd=0/Rcv=0) | E2E_PDR=0.00% (0/0) | RelayPDR=0.00% (Fwd=0/Rcv=0)
Node 29 | LocalPDR=0.00% (Fwd=0/Rcv=0) | E2E_PDR=0.00% (0/0) | RelayPDR=0.00% (Fwd=0/Rcv=0)
Node 30 | LocalPDR=0.00% (Fwd=0/Rcv=0) | E2E_PDR=0.00% (0/0) | RelayPDR=0.00% (Fwd=0/Rcv=0)
Node 31 | LocalPDR=0.00% (Fwd=0/Rcv=0) | E2E_PDR=0.00% (0/0) | RelayPDR=0.00% (Fwd=0/Rcv=0)
Node 32 | LocalPDR=0.00% (Fwd=0/Rcv=0) | E2E_PDR=0.00% (0/0) | RelayPDR=0.00% (Fwd=0/Rcv=0)
Node 33 | LocalPDR=0.00% (Fwd=0/Rcv=0) | E2E_PDR=0.00% (0/0) | RelayPDR=0.00% (Fwd=0/Rcv=0)
Node 34 | LocalPDR=0.00% (Fwd=0/Rcv=0) | E2E_PDR=0.00% (0/0) | RelayPDR=0.00% (Fwd=0/Rcv=0)
Node 35 | LocalPDR=0.00% (Fwd=0/Rcv=0) | E2E_PDR=0.00% (0/0) | RelayPDR=0.00% (Fwd=0/Rcv=0)
Node 36 | LocalPDR=0.00% (Fwd=0/Rcv=0) | E2E_PDR=0.00% (0/0) | RelayPDR=0.00% (Fwd=0/Rcv=0)
Node 37 | LocalPDR=0.00% (Fwd=0/Rcv=0) | E2E_PDR=0.00% (0/0) | RelayPDR=0.00% (Fwd=0/Rcv=0)
Node 38 | LocalPDR=0.00% (Fwd=0/Rcv=0) | E2E_PDR=0.00% (0/0) | RelayPDR=0.00% (Fwd=0/Rcv=0)
Node 39 | LocalPDR=0.00% (Fwd=0/Rcv=0) | E2E_PDR=0.00% (0/0) | RelayPDR=0.00% (Fwd=0/Rcv=0)
Node 40 | LocalPDR=0.00% (Fwd=0/Rcv=0) | E2E_PDR=0.00% (0/0) | RelayPDR=0.00% (Fwd=0/Rcv=0)
Node 41 | LocalPDR=0.00% (Fwd=0/Rcv=0) | E2E_PDR=0.00% (0/0) | RelayPDR=0.00% (Fwd=0/Rcv=0)
Node 42 | LocalPDR=0.00% (Fwd=0/Rcv=0) | E2E_PDR=0.00% (0/0) | RelayPDR=0.00% (Fwd=0/Rcv=0)
Node 43 | LocalPDR=0.00% (Fwd=0/Rcv=0) | E2E_PDR=0.00% (0/0) | RelayPDR=0.00% (Fwd=0/Rcv=0)
Node 44 | LocalPDR=0.00% (Fwd=0/Rcv=0) | E2E_PDR=0.00% (0/0) | RelayPDR=0.00% (Fwd=0/Rcv=0)
Node 45 | LocalPDR=0.00% (Fwd=0/Rcv=0) | E2E_PDR=0.00% (0/0) | RelayPDR=0.00% (Fwd=0/Rcv=0)
Node 46 | LocalPDR=0.00% (Fwd=0/Rcv=0) | E2E_PDR=0.00% (0/0) | RelayPDR=0.00% (Fwd=0/Rcv=0)
Node 47 | LocalPDR=0.00% (Fwd=0/Rcv=0) | E2E_PDR=0.00% (0/0) | RelayPDR=0.00% (Fwd=0/Rcv=0)
Node 48 | LocalPDR=0.00% (Fwd=0/Rcv=0) | E2E_PDR=0.00% (0/0) | RelayPDR=0.00% (Fwd=0/Rcv=0)
Node 49 | LocalPDR=0.00% (Fwd=0/Rcv=0) | E2E_PDR=0.00% (0/0) | RelayPDR=0.00% (Fwd=0/Rcv=0)
Node 50 | LocalPDR=0.00% (Fwd=0/Rcv=0) | E2E_PDR=0.00% (0/0) | RelayPDR=0.00% (Fwd=0/Rcv=0)
Node 51 | LocalPDR=0.00% (Fwd=0/Rcv=0) | E2E_PDR=0.00% (0/0) | RelayPDR=0.00% (Fwd=0/Rcv=0)
Node 52 | LocalPDR=0.00% (Fwd=0/Rcv=0) | E2E_PDR=0.00% (0/0) | RelayPDR=0.00% (Fwd=0/Rcv=0)
Node 53 | LocalPDR=0.00% (Fwd=0/Rcv=0) | E2E_PDR=0.00% (0/0) | RelayPDR=0.00% (Fwd=0/Rcv=0)
Node 54 | LocalPDR=0.00% (Fwd=0/Rcv=0) | E2E_PDR=0.00% (0/0) | RelayPDR=0.00% (Fwd=0/Rcv=0)
Node 55 | LocalPDR=0.00% (Fwd=0/Rcv=0) | E2E_PDR=0.00% (0/0) | RelayPDR=0.00% (Fwd=0/Rcv=0)
Node 56 | LocalPDR=0.00% (Fwd=0/Rcv=0) | E2E_PDR=0.00% (0/0) | RelayPDR=0.00% (Fwd=0/Rcv=0)
Node 57 | LocalPDR=0.00% (Fwd=0/Rcv=0) | E2E_PDR=0.00% (0/0) | RelayPDR=0.00% (Fwd=0/Rcv=0)
Node 58 | LocalPDR=0.00% (Fwd=0/Rcv=0) | E2E_PDR=0.00% (0/0) | RelayPDR=0.00% (Fwd=0/Rcv=0)
Node 59 | LocalPDR=0.00% (Fwd=0/Rcv=0) | E2E_PDR=0.00% (0/0) | RelayPDR=0.00% (Fwd=0/Rcv=0)
Node 60 | LocalPDR=0.00% (Fwd=0/Rcv=0) | E2E_PDR=0.00% (0/0) | RelayPDR=0.00% (Fwd=0/Rcv=0)
Node 61 | LocalPDR=0.00% (Fwd=0/Rcv=0) | E2E_PDR=0.00% (0/0) | RelayPDR=0.00% (Fwd=0/Rcv=0)
Node 62 | LocalPDR=0.00% (Fwd=0/Rcv=0) | E2E_PDR=0.00% (0/0) | RelayPDR=0.00% (Fwd=0/Rcv=0)
Node 63 | LocalPDR=0.00% (Fwd=0/Rcv=0) | E2E_PDR=0.00% (0/0) | RelayPDR=0.00% (Fwd=0/Rcv=0)
Node 64 | LocalPDR=0.00% (Fwd=0/Rcv=0) | E2E_PDR=0.00% (0/0) | RelayPDR=0.00% (Fwd=0/Rcv=0)
Node 65 | LocalPDR=0.00% (Fwd=0/Rcv=0) | E2E_PDR=0.00% (0/0) | RelayPDR=0.00% (Fwd=0/Rcv=0)
Node 66 | LocalPDR=0.00% (Fwd=0/Rcv=0) | E2E_PDR=0.00% (0/0) | RelayPDR=0.00% (Fwd=0/Rcv=0)
Node 67 | LocalPDR=0.00% (Fwd=0/Rcv=0) | E2E_PDR=0.00% (0/0) | RelayPDR=0.00% (Fwd=0/Rcv=0)
Node 68 | LocalPDR=0.00% (Fwd=0/Rcv=0) | E2E_PDR=0.00% (0/0) | RelayPDR=0.00% (Fwd=0/Rcv=0)
Node 69 | LocalPDR=0.00% (Fwd=0/Rcv=0) | E2E_PDR=0.00% (0/0) | RelayPDR=0.00% (Fwd=0/Rcv=0)
Node 70 | LocalPDR=0.00% (Fwd=0/Rcv=0) | E2E_PDR=0.00% (0/0) | RelayPDR=0.00% (Fwd=0/Rcv=0)
Node 71 | LocalPDR=0.00% (Fwd=0/Rcv=0) | E2E_PDR=0.00% (0/0) | RelayPDR=0.00% (Fwd=0/Rcv=0)
Node 72 | LocalPDR=0.00% (Fwd=0/Rcv=0) | E2E_PDR=0.00% (0/0) | RelayPDR=0.00% (Fwd=0/Rcv=0)
Node 73 | LocalPDR=0.00% (Fwd=0/Rcv=0) | E2E_PDR=0.00% (0/0) | RelayPDR=0.00% (Fwd=0/Rcv=0)
Node 74 | LocalPDR=0.00% (Fwd=0/Rcv=0) | E2E_PDR=0.00% (0/0) | RelayPDR=0.00% (Fwd=0/Rcv=0)
Node 75 | LocalPDR=0.00% (Fwd=0/Rcv=0) | E2E_PDR=0.00% (0/0) | RelayPDR=0.00% (Fwd=0/Rcv=0)
Node 76 | LocalPDR=0.00% (Fwd=0/Rcv=0) | E2E_PDR=0.00% (0/0) | RelayPDR=0.00% (Fwd=0/Rcv=0)
Node 77 | LocalPDR=0.00% (Fwd=0/Rcv=0) | E2E_PDR=0.00% (0/0) | RelayPDR=0.00% (Fwd=0/Rcv=0)
Node 78 | LocalPDR=0.00% (Fwd=0/Rcv=0) | E2E_PDR=0.00% (0/0) | RelayPDR=0.00% (Fwd=0/Rcv=0)
Node 79 | LocalPDR=0.00% (Fwd=0/Rcv=0) | E2E_PDR=0.00% (0/0) | RelayPDR=0.00% (Fwd=0/Rcv=0)
Node 80 | LocalPDR=0.00% (Fwd=0/Rcv=0) | E2E_PDR=0.00% (0/0) | RelayPDR=0.00% (Fwd=0/Rcv=0)
Node 81 | LocalPDR=0.00% (Fwd=0/Rcv=0) | E2E_PDR=0.00% (0/0) | RelayPDR=0.00% (Fwd=0/Rcv=0)
Node 82 | LocalPDR=0.00% (Fwd=0/Rcv=0) | E2E_PDR=0.00% (0/0) | RelayPDR=0.00% (Fwd=0/Rcv=0)
Node 83 | LocalPDR=0.00% (Fwd=0/Rcv=0) | E2E_PDR=0.00% (0/0) | RelayPDR=0.00% (Fwd=0/Rcv=0)
Node 84 | LocalPDR=0.00% (Fwd=0/Rcv=0) | E2E_PDR=0.00% (0/0) | RelayPDR=0.00% (Fwd=0/Rcv=0)
Node 85 | LocalPDR=0.00% (Fwd=0/Rcv=0) | E2E_PDR=0.00% (0/0) | RelayPDR=0.00% (Fwd=0/Rcv=0)
Node 86 | LocalPDR=0.00% (Fwd=0/Rcv=0) | E2E_PDR=0.00% (0/0) | RelayPDR=0.00% (Fwd=0/Rcv=0)
Node 87 | LocalPDR=0.00% (Fwd=0/Rcv=0) | E2E_PDR=0.00% (0/0) | RelayPDR=0.00% (Fwd=0/Rcv=0)
Node 88 | LocalPDR=0.00% (Fwd=0/Rcv=0) | E2E_PDR=0.00% (0/0) | RelayPDR=0.00% (Fwd=0/Rcv=0)
Node 89 | LocalPDR=0.00% (Fwd=0/Rcv=0) | E2E_PDR=0.00% (0/0) | RelayPDR=0.00% (Fwd=0/Rcv=0)
Node 90 | LocalPDR=0.00% (Fwd=0/Rcv=0) | E2E_PDR=0.00% (0/0) | RelayPDR=0.00% (Fwd=0/Rcv=0)
Node 91 | LocalPDR=0.00% (Fwd=0/Rcv=0) | E2E_PDR=0.00% (0/0) | RelayPDR=0.00% (Fwd=0/Rcv=0)
Node 92 | LocalPDR=0.00% (Fwd=0/Rcv=0) | E2E_PDR=0.00% (0/0) | RelayPDR=0.00% (Fwd=0/Rcv=0)
Node 93 | LocalPDR=0.00% (Fwd=0/Rcv=0) | E2E_PDR=0.00% (0/0) | RelayPDR=0.00% (Fwd=0/Rcv=0)
Node 94 | LocalPDR=0.00% (Fwd=0/Rcv=0) | E2E_PDR=0.00% (0/0) | RelayPDR=0.00% (Fwd=0/Rcv=0)
Node 95 | LocalPDR=0.00% (Fwd=0/Rcv=0) | E2E_PDR=0.00% (0/0) | RelayPDR=0.00% (Fwd=0/Rcv=0)
Node 96 | LocalPDR=0.00% (Fwd=0/Rcv=0) | E2E_PDR=0.00% (0/0) | RelayPDR=0.00% (Fwd=0/Rcv=0)
Node 97 | LocalPDR=0.00% (Fwd=0/Rcv=0) | E2E_PDR=0.00% (0/0) | RelayPDR=0.00% (Fwd=0/Rcv=0)
Node 98 | LocalPDR=0.00% (Fwd=0/Rcv=0) | E2E_PDR=0.00% (0/0) | RelayPDR=0.00% (Fwd=0/Rcv=0)
Node 99 | LocalPDR=0.00% (Fwd=0/Rcv=0) | E2E_PDR=0.00% (0/0) | RelayPDR=0.00% (Fwd=0/Rcv=0)
Node 100 | LocalPDR=0.00% (Fwd=0/Rcv=0) | E2E_PDR=0.00% (0/0) | RelayPDR=0.00% (Fwd=0/Rcv=0)
Node 101 | LocalPDR=0.00% (Fwd=0/Rcv=0) | E2E_PDR=0.00% (0/0) | RelayPDR=0.00% (Fwd=0/Rcv=0)
Node 102 | LocalPDR=0.00% (Fwd=0/Rcv=0) | E2E_PDR=0.00% (0/0) | RelayPDR=0.00% (Fwd=0/Rcv=0)
Node 103 | LocalPDR=0.00% (Fwd=0/Rcv=0) | E2E_PDR=0.00% (0/0) | RelayPDR=0.00% (Fwd=0/Rcv=0)
Node 104 | LocalPDR=0.00% (Fwd=0/Rcv=0) | E2E_PDR=0.00% (0/0) | RelayPDR=0.00% (Fwd=0/Rcv=0)
Node 105 | LocalPDR=0.00% (Fwd=0/Rcv=0) | E2E_PDR=0.00% (0/0) | RelayPDR=0.00% (Fwd=0/Rcv=0)
Node 106 | LocalPDR=0.00% (Fwd=0/Rcv=0) | E2E_PDR=0.00% (0/0) | RelayPDR=0.00% (Fwd=0/Rcv=0)
Node 107 | LocalPDR=0.00% (Fwd=0/Rcv=0) | E2E_PDR=0.00% (0/0) | RelayPDR=0.00% (Fwd=0/Rcv=0)
Node 108 | LocalPDR=0.00% (Fwd=0/Rcv=0) | E2E_PDR=0.00% (0/0) | RelayPDR=0.00% (Fwd=0/Rcv=0)
Node 109 | LocalPDR=0.00% (Fwd=0/Rcv=0) | E2E_PDR=0.00% (0/0) | RelayPDR=0.00% (Fwd=0/Rcv=0)
Node 110 | LocalPDR=0.00% (Fwd=0/Rcv=0) | E2E_PDR=0.00% (0/0) | RelayPDR=0.00% (Fwd=0/Rcv=0)
Node 111 | LocalPDR=0.00% (Fwd=0/Rcv=0) | E2E_PDR=0.00% (0/0) | RelayPDR=0.00% (Fwd=0/Rcv=0)
Node 112 | LocalPDR=0.00% (Fwd=0/Rcv=0) | E2E_PDR=0.00% (0/0) | RelayPDR=0.00% (Fwd=0/Rcv=0)
Node 113 | LocalPDR=0.00% (Fwd=0/Rcv=0) | E2E_PDR=0.00% (0/0) | RelayPDR=0.00% (Fwd=0/Rcv=0)
Node 114 | LocalPDR=0.00% (Fwd=0/Rcv=0) | E2E_PDR=0.00% (0/0) | RelayPDR=0.00% (Fwd=0/Rcv=0)
Node 115 | LocalPDR=0.00% (Fwd=0/Rcv=0) | E2E_PDR=0.00% (0/0) | RelayPDR=0.00% (Fwd=0/Rcv=0)
Node 116 | LocalPDR=0.00% (Fwd=0/Rcv=0) | E2E_PDR=0.00% (0/0) | RelayPDR=0.00% (Fwd=0/Rcv=0)
Node 117 | LocalPDR=0.00% (Fwd=0/Rcv=0) | E2E_PDR=0.00% (0/0) | RelayPDR=0.00% (Fwd=0/Rcv=0)
Node 118 | LocalPDR=0.00% (Fwd=0/Rcv=0) | E2E_PDR=0.00% (0/0) | RelayPDR=0.00% (Fwd=0/Rcv=0)
Node 119 | LocalPDR=0.00% (Fwd=0/Rcv=0) | E2E_PDR=0.00% (0/0) | RelayPDR=0.00% (Fwd=0/Rcv=0)
Node 120 | LocalPDR=0.00% (Fwd=0/Rcv=0) | E2E_PDR=0.00% (0/0) | RelayPDR=0.00% (Fwd=0/Rcv=0)
Node 121 | LocalPDR=0.00% (Fwd=0/Rcv=0) | E2E_PDR=0.00% (0/0) | RelayPDR=0.00% (Fwd=0/Rcv=0)
Node 122 | LocalPDR=0.00% (Fwd=0/Rcv=0) | E2E_PDR=0.00% (0/0) | RelayPDR=0.00% (Fwd=0/Rcv=0)
Node 123 | LocalPDR=0.00% (Fwd=0/Rcv=0) | E2E_PDR=0.00% (0/0) | RelayPDR=0.00% (Fwd=0/Rcv=0)
Node 124 | LocalPDR=0.00% (Fwd=0/Rcv=0) | E2E_PDR=0.00% (0/0) | RelayPDR=0.00% (Fwd=0/Rcv=0)
Node 125 | LocalPDR=0.00% (Fwd=0/Rcv=0) | E2E_PDR=0.00% (0/0) | RelayPDR=0.00% (Fwd=0/Rcv=0)
Node 126 | LocalPDR=0.00% (Fwd=0/Rcv=0) | E2E_PDR=0.00% (0/0) | RelayPDR=0.00% (Fwd=0/Rcv=0)
Node 127 | LocalPDR=0.00% (Fwd=0/Rcv=0) | E2E_PDR=0.00% (0/0) | RelayPDR=0.00% (Fwd=0/Rcv=0)
Node 128 | LocalPDR=0.00% (Fwd=0/Rcv=0) | E2E_PDR=0.00% (0/0) | RelayPDR=0.00% (Fwd=0/Rcv=0)
Node 129 | LocalPDR=0.00% (Fwd=0/Rcv=0) | E2E_PDR=0.00% (0/0) | RelayPDR=0.00% (Fwd=0/Rcv=0)
Node 130 | LocalPDR=0.00% (Fwd=0/Rcv=0) | E2E_PDR=0.00% (0/0) | RelayPDR=0.00% (Fwd=0/Rcv=0)
Node 131 | LocalPDR=0.00% (Fwd=0/Rcv=0) | E2E_PDR=0.00% (0/0) | RelayPDR=0.00% (Fwd=0/Rcv=0)
Node 132 | LocalPDR=0.00% (Fwd=0/Rcv=0) | E2E_PDR=0.00% (0/0) | RelayPDR=0.00% (Fwd=0/Rcv=0)
Node 133 | LocalPDR=0.00% (Fwd=0/Rcv=0) | E2E_PDR=0.00% (0/0) | RelayPDR=0.00% (Fwd=0/Rcv=0)
Node 134 | LocalPDR=0.00% (Fwd=0/Rcv=0) | E2E_PDR=0.00% (0/0) | RelayPDR=0.00% (Fwd=0/Rcv=0)
Node 135 | LocalPDR=0.00% (Fwd=0/Rcv=0) | E2E_PDR=0.00% (0/0) | RelayPDR=0.00% (Fwd=0/Rcv=0)
Node 136 | LocalPDR=0.00% (Fwd=0/Rcv=0) | E2E_PDR=0.00% (0/0) | RelayPDR=0.00% (Fwd=0/Rcv=0)
Node 137 | LocalPDR=0.00% (Fwd=0/Rcv=0) | E2E_PDR=0.00% (0/0) | RelayPDR=0.00% (Fwd=0/Rcv=0)
Node 138 | LocalPDR=0.00% (Fwd=0/Rcv=0) | E2E_PDR=0.00% (0/0) | RelayPDR=0.00% (Fwd=0/Rcv=0)
Node 139 | LocalPDR=0.00% (Fwd=0/Rcv=0) | E2E_PDR=0.00% (0/0) | RelayPDR=0.00% (Fwd=0/Rcv=0)
Node 140 | LocalPDR=0.00% (Fwd=0/Rcv=0) | E2E_PDR=0.00% (0/0) | RelayPDR=0.00% (Fwd=0/Rcv=0)
Node 141 | LocalPDR=0.00% (Fwd=0/Rcv=0) | E2E_PDR=0.00% (0/0) | RelayPDR=0.00% (Fwd=0/Rcv=0)
Node 142 | LocalPDR=0.00% (Fwd=0/Rcv=0) | E2E_PDR=0.00% (0/0) | RelayPDR=0.00% (Fwd=0/Rcv=0)
Node 143 | LocalPDR=0.00% (Fwd=0/Rcv=0) | E2E_PDR=0.00% (0/0) | RelayPDR=0.00% (Fwd=0/Rcv=0)
Node 144 | LocalPDR=0.00% (Fwd=0/Rcv=0) | E2E_PDR=0.00% (0/0) | RelayPDR=0.00% (Fwd=0/Rcv=0)
Node 145 | LocalPDR=0.00% (Fwd=0/Rcv=0) | E2E_PDR=0.00% (0/0) | RelayPDR=0.00% (Fwd=0/Rcv=0)
Node 146 | LocalPDR=0.00% (Fwd=0/Rcv=0) | E2E_PDR=0.00% (0/0) | RelayPDR=0.00% (Fwd=0/Rcv=0)
Node 147 | LocalPDR=0.00% (Fwd=0/Rcv=0) | E2E_PDR=0.00% (0/0) | RelayPDR=0.00% (Fwd=0/Rcv=0)
Node 148 | LocalPDR=0.00% (Fwd=0/Rcv=0) | E2E_PDR=0.00% (0/0) | RelayPDR=0.00% (Fwd=0/Rcv=0)
Node 149 | LocalPDR=0.00% (Fwd=0/Rcv=0) | E2E_PDR=0.00% (0/0) | RelayPDR=0.00% (Fwd=0/Rcv=0)
Node 150 | LocalPDR=0.00% (Fwd=0/Rcv=0) | E2E_PDR=0.00% (0/0) | RelayPDR=0.00% (Fwd=0/Rcv=0)
Node 151 | LocalPDR=0.00% (Fwd=0/Rcv=0) | E2E_PDR=0.00% (0/0) | RelayPDR=0.00% (Fwd=0/Rcv=0)
Node 152 | LocalPDR=0.00% (Fwd=0/Rcv=0) | E2E_PDR=0.00% (0/0) | RelayPDR=0.00% (Fwd=0/Rcv=0)
Node 153 | LocalPDR=0.00% (Fwd=0/Rcv=0) | E2E_PDR=0.00% (0/0) | RelayPDR=0.00% (Fwd=0/Rcv=0)
Node 154 | LocalPDR=0.00% (Fwd=0/Rcv=0) | E2E_PDR=0.00% (0/0) | RelayPDR=0.00% (Fwd=0/Rcv=0)
Node 155 | LocalPDR=0.00% (Fwd=0/Rcv=0) | E2E_PDR=0.00% (0/0) | RelayPDR=0.00% (Fwd=0/Rcv=0)
Node 156 | LocalPDR=0.00% (Fwd=0/Rcv=0) | E2E_PDR=0.00% (0/0) | RelayPDR=0.00% (Fwd=0/Rcv=0)
Node 157 | LocalPDR=0.00% (Fwd=0/Rcv=0) | E2E_PDR=0.00% (0/0) | RelayPDR=0.00% (Fwd=0/Rcv=0)
Node 158 | LocalPDR=0.00% (Fwd=0/Rcv=0) | E2E_PDR=0.00% (0/0) | RelayPDR=0.00% (Fwd=0/Rcv=0)
Node 159 | LocalPDR=0.00% (Fwd=0/Rcv=0) | E2E_PDR=0.00% (0/0) | RelayPDR=0.00% (Fwd=0/Rcv=0)
Node 160 | LocalPDR=0.00% (Fwd=0/Rcv=0) | E2E_PDR=0.00% (0/0) | RelayPDR=0.00% (Fwd=0/Rcv=0)
Node 161 | LocalPDR=0.00% (Fwd=0/Rcv=0) | E2E_PDR=0.00% (0/0) | RelayPDR=0.00% (Fwd=0/Rcv=0)
Node 162 | LocalPDR=0.00% (Fwd=0/Rcv=0) | E2E_PDR=0.00% (0/0) | RelayPDR=0.00% (Fwd=0/Rcv=0)
Node 163 | LocalPDR=0.00% (Fwd=0/Rcv=0) | E2E_PDR=0.00% (0/0) | RelayPDR=0.00% (Fwd=0/Rcv=0)
Node 164 | LocalPDR=0.00% (Fwd=0/Rcv=0) | E2E_PDR=0.00% (0/0) | RelayPDR=0.00% (Fwd=0/Rcv=0)
Node 165 | LocalPDR=0.00% (Fwd=0/Rcv=0) | E2E_PDR=0.00% (0/0) | RelayPDR=0.00% (Fwd=0/Rcv=0)
Node 166 | LocalPDR=0.00% (Fwd=0/Rcv=0) | E2E_PDR=0.00% (0/0) | RelayPDR=0.00% (Fwd=0/Rcv=0)
Node 167 | LocalPDR=0.00% (Fwd=0/Rcv=0) | E2E_PDR=0.00% (0/0) | RelayPDR=0.00% (Fwd=0/Rcv=0)
Node 168 | LocalPDR=0.00% (Fwd=0/Rcv=0) | E2E_PDR=0.00% (0/0) | RelayPDR=0.00% (Fwd=0/Rcv=0)
Node 169 | LocalPDR=0.00% (Fwd=0/Rcv=0) | E2E_PDR=0.00% (0/0) | RelayPDR=0.00% (Fwd=0/Rcv=0)
Node 170 | LocalPDR=0.00% (Fwd=0/Rcv=0) | E2E_PDR=0.00% (0/0) | RelayPDR=0.00% (Fwd=0/Rcv=0)
Node 171 | LocalPDR=0.00% (Fwd=0/Rcv=0) | E2E_PDR=0.00% (0/0) | RelayPDR=0.00% (Fwd=0/Rcv=0)
Node 172 | LocalPDR=0.00% (Fwd=0/Rcv=0) | E2E_PDR=0.00% (0/0) | RelayPDR=0.00% (Fwd=0/Rcv=0)
Node 173 | LocalPDR=0.00% (Fwd=0/Rcv=0) | E2E_PDR=0.00% (0/0) | RelayPDR=0.00% (Fwd=0/Rcv=0)
Node 174 | LocalPDR=0.00% (Fwd=0/Rcv=0) | E2E_PDR=0.00% (0/0) | RelayPDR=0.00% (Fwd=0/Rcv=0)
Node 175 | LocalPDR=0.00% (Fwd=0/Rcv=0) | E2E_PDR=0.00% (0/0) | RelayPDR=0.00% (Fwd=0/Rcv=0)
Node 176 | LocalPDR=0.00% (Fwd=0/Rcv=0) | E2E_PDR=0.00% (0/0) | RelayPDR=0.00% (Fwd=0/Rcv=0)
Node 177 | LocalPDR=0.00% (Fwd=0/Rcv=0) | E2E_PDR=0.00% (0/0) | RelayPDR=0.00% (Fwd=0/Rcv=0)
Node 178 | LocalPDR=0.00% (Fwd=0/Rcv=0) | E2E_PDR=0.00% (0/0) | RelayPDR=0.00% (Fwd=0/Rcv=0)
Node 179 | LocalPDR=0.00% (Fwd=0/Rcv=0) | E2E_PDR=0.00% (0/0) | RelayPDR=0.00% (Fwd=0/Rcv=0)
Node 180 | LocalPDR=0.00% (Fwd=0/Rcv=0) | E2E_PDR=0.00% (0/0) | RelayPDR=0.00% (Fwd=0/Rcv=0)
Node 181 | LocalPDR=0.00% (Fwd=0/Rcv=0) | E2E_PDR=0.00% (0/0) | RelayPDR=0.00% (Fwd=0/Rcv=0)
Node 182 | LocalPDR=0.00% (Fwd=0/Rcv=0) | E2E_PDR=0.00% (0/0) | RelayPDR=0.00% (Fwd=0/Rcv=0)
Node 183 | LocalPDR=0.00% (Fwd=0/Rcv=0) | E2E_PDR=0.00% (0/0) | RelayPDR=0.00% (Fwd=0/Rcv=0)
Node 184 | LocalPDR=0.00% (Fwd=0/Rcv=0) | E2E_PDR=0.00% (0/0) | RelayPDR=0.00% (Fwd=0/Rcv=0)
Node 185 | LocalPDR=0.00% (Fwd=0/Rcv=0) | E2E_PDR=0.00% (0/0) | RelayPDR=0.00% (Fwd=0/Rcv=0)
Node 186 | LocalPDR=0.00% (Fwd=0/Rcv=0) | E2E_PDR=0.00% (0/0) | RelayPDR=0.00% (Fwd=0/Rcv=0)
Node 187 | LocalPDR=0.00% (Fwd=0/Rcv=0) | E2E_PDR=0.00% (0/0) | RelayPDR=0.00% (Fwd=0/Rcv=0)
Node 188 | LocalPDR=0.00% (Fwd=0/Rcv=0) | E2E_PDR=0.00% (0/0) | RelayPDR=0.00% (Fwd=0/Rcv=0)
Node 189 | LocalPDR=0.00% (Fwd=0/Rcv=0) | E2E_PDR=0.00% (0/0) | RelayPDR=0.00% (Fwd=0/Rcv=0)
Node 190 | LocalPDR=0.00% (Fwd=0/Rcv=0) | E2E_PDR=0.00% (0/0) | RelayPDR=0.00% (Fwd=0/Rcv=0)
Node 191 | LocalPDR=0.00% (Fwd=0/Rcv=0) | E2E_PDR=0.00% (0/0) | RelayPDR=0.00% (Fwd=0/Rcv=0)
Node 192 | LocalPDR=0.00% (Fwd=0/Rcv=0) | E2E_PDR=0.00% (0/0) | RelayPDR=0.00% (Fwd=0/Rcv=0)
Node 193 | LocalPDR=0.00% (Fwd=0/Rcv=0) | E2E_PDR=0.00% (0/0) | RelayPDR=0.00% (Fwd=0/Rcv=0)
Node 194 | LocalPDR=0.00% (Fwd=0/Rcv=0) | E2E_PDR=0.00% (0/0) | RelayPDR=0.00% (Fwd=0/Rcv=0)
Node 195 | LocalPDR=0.00% (Fwd=0/Rcv=0) | E2E_PDR=0.00% (0/0) | RelayPDR=0.00% (Fwd=0/Rcv=0)
Node 196 | LocalPDR=0.00% (Fwd=0/Rcv=0) | E2E_PDR=0.00% (0/0) | RelayPDR=0.00% (Fwd=0/Rcv=0)
Node 197 | LocalPDR=0.00% (Fwd=0/Rcv=0) | E2E_PDR=0.00% (0/0) | RelayPDR=0.00% (Fwd=0/Rcv=0)
Node 198 | LocalPDR=0.00% (Fwd=0/Rcv=0) | E2E_PDR=0.00% (0/0) | RelayPDR=0.00% (Fwd=0/Rcv=0)
Node 199 | LocalPDR=0.00% (Fwd=0/Rcv=0) | E2E_PDR=0.00% (0/0) | RelayPDR=0.00% (Fwd=0/Rcv=0)
Node 200 | LocalPDR=0.00% (Fwd=0/Rcv=0) | E2E_PDR=0.00% (0/0) | RelayPDR=0.00% (Fwd=0/Rcv=0)
Node 201 | LocalPDR=0.00% (Fwd=0/Rcv=0) | E2E_PDR=0.00% (0/0) | RelayPDR=0.00% (Fwd=0/Rcv=0)
Node 202 | LocalPDR=0.00% (Fwd=0/Rcv=0) | E2E_PDR=0.00% (0/0) | RelayPDR=0.00% (Fwd=0/Rcv=0)
Node 203 | LocalPDR=0.00% (Fwd=0/Rcv=0) | E2E_PDR=0.00% (0/0) | RelayPDR=0.00% (Fwd=0/Rcv=0)
Node 204 | LocalPDR=0.00% (Fwd=0/Rcv=0) | E2E_PDR=0.00% (0/0) | RelayPDR=0.00% (Fwd=0/Rcv=0)
====================
written to file successfully
[CQ8] window=5 node=7 cum_received=35 cum_forwarded=16
[CQ8] window=5 node=8 cum_received=27 cum_forwarded=8
[CQ8] window=5 node=9 cum_received=27 cum_forwarded=5
[CQ8] window=5 node=10 cum_received=37 cum_forwarded=11
[CQ8] window=5 node=11 cum_received=33 cum_forwarded=11
Solution at nodes cleared at 6.00
sent all flow data from node 16
current time is 6.00
At controller: updated flow source 6to destination 9flow size 3packet size 750QoS 1
At controller: updated flow source 7to destination 10flow size 0packet size 750QoS 1
At controller: updated flow source 8to destination 11flow size 3packet size 750QoS 1
At controller: updated flow source 9to destination 12flow size 2packet size 750QoS 1
At controller: updated flow source 10to destination 13flow size 2packet size 750QoS 1
At controller: updated flow source 11to destination 14flow size 2packet size 750QoS 1
At controller: updated flow source 12to destination 15flow size 2packet size 750QoS 1
At controller: updated flow source 13to destination 6flow size 1packet size 750QoS 1
At controller: updated flow source 14to destination 7flow size 0packet size 750QoS 1
At controller: updated flow source 15to destination 8flow size 0packet size 750QoS 1
At controller: updated flow source 6to destination 9flow size 2packet size 750QoS 1
At controller: updated flow source 7to destination 10flow size 3packet size 750QoS 1
Retransmission packet dropped for flow id 6packet ID: 2
Retransmission packet dropped for flow id 9packet ID: 2
Retransmission packet dropped for flow id 5packet ID: 2
Retransmission packet dropped for flow id 5packet ID: 3
link lifetime optimization beginning at 6.03
finished writing link lifetime status at6.03
Set parameter Username
Set parameter Threads to value 1
delay is 4108
reading lifetime from csv at6.03
link lifetime conversion finished at+6034600000.00ns
updating flows - path finding at6.03
Routing stable: Number of stable paths from source: 6to destination 9is 0 at timestamp 6.03
Routing stable: Number of stable paths from source: 7to destination 10is 2 at timestamp 6.03
Routing stable: Number of stable paths from source: 8to destination 11is 1 at timestamp 6.03
Routing stable: Number of stable paths from source: 9to destination 12is 1 at timestamp 6.03
Routing stable: Number of stable paths from source: 10to destination 13is 1 at timestamp 6.03
Routing stable: Number of stable paths from source: 11to destination 14is 2 at timestamp 6.03
Routing stable: Number of stable paths from source: 12to destination 15is 1 at timestamp 6.03
Routing stable: Number of stable paths from source: 13to destination 6is 0 at timestamp 6.03
Routing stable: Number of stable paths from source: 14to destination 7is 2 at timestamp 6.03
Routing stable: Number of stable paths from source: 15to destination 8is 2 at timestamp 6.03
Routing stable: Number of stable paths from source: 6to destination 9is 0 at timestamp 6.03
Routing stable: Number of stable paths from source: 7to destination 10is 2 at timestamp 6.03
[FLOW3-DEBUG] filter_flows flow_id=0 paths=0 t=6.04
[FLOW3-DEBUG] filter_flows flow_id=1 paths=2 t=6.04
[FLOW3-DEBUG] filter_flows flow_id=2 paths=1 t=6.04
[FLOW3-DEBUG] filter_flows flow_id=3 paths=1 t=6.04
[FLOW3-DEBUG] filter_flows flow_id=4 paths=1 t=6.04
[FLOW3-DEBUG] filter_flows flow_id=5 paths=2 t=6.04
[FLOW3-DEBUG] filter_flows flow_id=6 paths=1 t=6.04
[FLOW3-DEBUG] filter_flows flow_id=7 paths=0 t=6.04
[FLOW3-DEBUG] filter_flows flow_id=8 paths=2 t=6.04
[FLOW3-DEBUG] filter_flows flow_id=9 paths=2 t=6.04
[FLOW3-DEBUG] filter_flows flow_id=10 paths=0 t=6.04
[FLOW3-DEBUG] filter_flows flow_id=11 paths=2 t=6.04
Number of connected flows 9at timestamp 6.04
DEBUG matrix values:
  [0][1] = 31622768.86
  [1][0] = 31622768.86
  [1][2] = 31622768.86
  [2][1] = 31622768.86
  [2][3] = 31622768.86
  [3][2] = 31622768.86
  [3][4] = 31622768.86
  [4][3] = 31622768.86
  [4][5] = 31622768.86
  [5][4] = 31622768.86
  [5][6] = 31622768.86
  [6][5] = 31622768.86
  [7][8] = 31622768.86
  [7][14] = 31622768.86
  [7][16] = 4.65
  [8][7] = 31622768.86
  [8][9] = 31622768.86
  [8][15] = 31622768.86
  [9][8] = 31622768.86
  [9][10] = 31622768.86
  [10][9] = 31622768.86
  [10][11] = 31622768.86
  [11][10] = 31622768.86
  [11][12] = 31622768.86
  [12][11] = 31622768.86
  [12][13] = 31622768.86
  [13][12] = 31622768.86
  [14][7] = 31622768.86
  [14][15] = 31622768.86
  [14][16] = 0.10
  [15][8] = 31622768.86
  [15][14] = 31622768.86
  [16][7] = 4.65
  [16][14] = 0.10
DEBUG threshold: 0.40
DEBUG max lifetime in matrix: 31622768.86
DEBUG matrix size: 17
Proposed RL started at 6.04
1
1
1
1
1
1
1
1
1
1
1
1
Proposed RL learning finished at 6.04
Transmitting delta values at6.04
CP-TS TAMPER (target flow=0): node=0 flow=0 t=6.04
CP-TS NO TAMPER (non-target flow): node=0 flow=1
CP-TS NO TAMPER (non-target flow): node=0 flow=2
CP-TS NO TAMPER (non-target flow): node=0 flow=3
CP-TS NO TAMPER (non-target flow): node=0 flow=4
CP-TS NO TAMPER (non-target flow): node=0 flow=5
CP-TS NO TAMPER (non-target flow): node=0 flow=6
CP-TS NO TAMPER (non-target flow): node=0 flow=7
CP-TS NO TAMPER (non-target flow): node=0 flow=8
CP-TS NO TAMPER (non-target flow): node=0 flow=9
CP-TS NO TAMPER (non-target flow): node=0 flow=10
CP-TS NO TAMPER (non-target flow): node=0 flow=11
CP-TS TAMPER (target flow=0): node=1 flow=0 t=6.04
CP-TS NO TAMPER (non-target flow): node=1 flow=1
CP-TS NO TAMPER (non-target flow): node=1 flow=2
CP-TS NO TAMPER (non-target flow): node=1 flow=3
CP-TS NO TAMPER (non-target flow): node=1 flow=4
CP-TS NO TAMPER (non-target flow): node=1 flow=5
CP-TS NO TAMPER (non-target flow): node=1 flow=6
CP-TS NO TAMPER (non-target flow): node=1 flow=7
CP-TS NO TAMPER (non-target flow): node=1 flow=8
CP-TS NO TAMPER (non-target flow): node=1 flow=9
CP-TS NO TAMPER (non-target flow): node=1 flow=10
CP-TS NO TAMPER (non-target flow): node=1 flow=11
CP-TS TAMPER (target flow=0): node=4 flow=0 t=6.04
CP-TS NO TAMPER (non-target flow): node=4 flow=1
CP-TS NO TAMPER (non-target flow): node=4 flow=2
CP-TS NO TAMPER (non-target flow): node=4 flow=3
CP-TS NO TAMPER (non-target flow): node=4 flow=4
CP-TS NO TAMPER (non-target flow): node=4 flow=5
CP-TS NO TAMPER (non-target flow): node=4 flow=6
CP-TS NO TAMPER (non-target flow): node=4 flow=7
CP-TS NO TAMPER (non-target flow): node=4 flow=8
CP-TS NO TAMPER (non-target flow): node=4 flow=9
CP-TS NO TAMPER (non-target flow): node=4 flow=10
CP-TS NO TAMPER (non-target flow): node=4 flow=11
CP-TS TAMPER (target flow=0): node=5 flow=0 t=6.04
CP-TS NO TAMPER (non-target flow): node=5 flow=1
CP-TS NO TAMPER (non-target flow): node=5 flow=2
CP-TS NO TAMPER (non-target flow): node=5 flow=3
CP-TS NO TAMPER (non-target flow): node=5 flow=4
CP-TS NO TAMPER (non-target flow): node=5 flow=5
CP-TS NO TAMPER (non-target flow): node=5 flow=6
CP-TS NO TAMPER (non-target flow): node=5 flow=7
CP-TS NO TAMPER (non-target flow): node=5 flow=8
CP-TS NO TAMPER (non-target flow): node=5 flow=9
CP-TS NO TAMPER (non-target flow): node=5 flow=10
CP-TS NO TAMPER (non-target flow): node=5 flow=11
CP-TS TAMPER (target flow=0): node=8 flow=0 t=6.04
CP-TS NO TAMPER (non-target flow): node=8 flow=1
CP-TS NO TAMPER (non-target flow): node=8 flow=2
CP-TS NO TAMPER (non-target flow): node=8 flow=3
CP-TS NO TAMPER (non-target flow): node=8 flow=4
CP-TS NO TAMPER (non-target flow): node=8 flow=5
CP-TS NO TAMPER (non-target flow): node=8 flow=6
CP-TS NO TAMPER (non-target flow): node=8 flow=7
CP-TS NO TAMPER (non-target flow): node=8 flow=8
CP-TS NO TAMPER (non-target flow): node=8 flow=9
CP-TS NO TAMPER (non-target flow): node=8 flow=10
CP-TS NO TAMPER (non-target flow): node=8 flow=11
CP-TS TAMPER (target flow=0): node=9 flow=0 t=6.04
CP-TS NO TAMPER (non-target flow): node=9 flow=1
CP-TS NO TAMPER (non-target flow): node=9 flow=2
CP-TS NO TAMPER (non-target flow): node=9 flow=3
CP-TS NO TAMPER (non-target flow): node=9 flow=4
CP-TS NO TAMPER (non-target flow): node=9 flow=5
CP-TS NO TAMPER (non-target flow): node=9 flow=6
CP-TS NO TAMPER (non-target flow): node=9 flow=7
CP-TS NO TAMPER (non-target flow): node=9 flow=8
CP-TS NO TAMPER (non-target flow): node=9 flow=9
CP-TS NO TAMPER (non-target flow): node=9 flow=10
CP-TS NO TAMPER (non-target flow): node=9 flow=11
CP-TS TAMPER (target flow=0): node=12 flow=0 t=6.04
CP-TS NO TAMPER (non-target flow): node=12 flow=1
CP-TS NO TAMPER (non-target flow): node=12 flow=2
CP-TS NO TAMPER (non-target flow): node=12 flow=3
CP-TS NO TAMPER (non-target flow): node=12 flow=4
CP-TS NO TAMPER (non-target flow): node=12 flow=5
CP-TS NO TAMPER (non-target flow): node=12 flow=6
CP-TS NO TAMPER (non-target flow): node=12 flow=7
CP-TS NO TAMPER (non-target flow): node=12 flow=8
CP-TS NO TAMPER (non-target flow): node=12 flow=9
CP-TS NO TAMPER (non-target flow): node=12 flow=10
CP-TS NO TAMPER (non-target flow): node=12 flow=11
CP-TS TAMPER (target flow=0): node=13 flow=0 t=6.04
CP-TS NO TAMPER (non-target flow): node=13 flow=1
CP-TS NO TAMPER (non-target flow): node=13 flow=2
CP-TS NO TAMPER (non-target flow): node=13 flow=3
CP-TS NO TAMPER (non-target flow): node=13 flow=4
CP-TS NO TAMPER (non-target flow): node=13 flow=5
CP-TS NO TAMPER (non-target flow): node=13 flow=6
CP-TS NO TAMPER (non-target flow): node=13 flow=7
CP-TS NO TAMPER (non-target flow): node=13 flow=8
CP-TS NO TAMPER (non-target flow): node=13 flow=9
CP-TS NO TAMPER (non-target flow): node=13 flow=10
CP-TS NO TAMPER (non-target flow): node=13 flow=11
Initialized flow counters at 6.10
[CQ1] flow=0 t=6.10 f_size=0 total_load=0.00 total_packets_this_cycle=0 data_transmission_period=1.00
flow id 0sub flow load is 0.00 next hop 0packets 0
flow id 0sub flow load is 0.00 next hop 1packets 0
flow id 0sub flow load is 0.00 next hop 2packets 0
flow id 0sub flow load is 0.00 next hop 3packets 0
flow id 0sub flow load is 0.00 next hop 4packets 0
flow id 0sub flow load is 0.00 next hop 5packets 0
flow id 0sub flow load is 0.00 next hop 6packets 0
flow id 0sub flow load is 0.00 next hop 7packets 0
flow id 0sub flow load is 0.00 next hop 8packets 0
flow id 0sub flow load is 0.00 next hop 9packets 0
flow id 0sub flow load is 0.00 next hop 10packets 0
flow id 0sub flow load is 0.00 next hop 11packets 0
flow id 0sub flow load is 0.00 next hop 12packets 0
flow id 0sub flow load is 0.00 next hop 13packets 0
flow id 0sub flow load is 0.00 next hop 14packets 0
flow id 0sub flow load is 0.00 next hop 15packets 0
flow id 0sub flow load is 0.00 next hop 16packets 0
Flow id 0 scheduled 0total packets from 6
[CQ1] flow=1 t=6.10 f_size=0 total_load=0.00 total_packets_this_cycle=0 data_transmission_period=1.00
flow id 1sub flow load is 0.00 next hop 0packets 0
flow id 1sub flow load is 0.00 next hop 1packets 0
flow id 1sub flow load is 0.00 next hop 2packets 0
flow id 1sub flow load is 0.00 next hop 3packets 0
flow id 1sub flow load is 0.00 next hop 4packets 0
flow id 1sub flow load is 0.00 next hop 5packets 0
flow id 1sub flow load is 0.00 next hop 6packets 0
flow id 1sub flow load is 0.00 next hop 7packets 0
flow id 1sub flow load is 0.00 next hop 8packets 0
flow id 1sub flow load is 0.00 next hop 9packets 0
flow id 1sub flow load is 0.00 next hop 10packets 0
flow id 1sub flow load is 0.00 next hop 11packets 0
flow id 1sub flow load is 0.00 next hop 12packets 0
flow id 1sub flow load is 0.00 next hop 13packets 0
flow id 1sub flow load is 0.00 next hop 14packets 0
flow id 1sub flow load is 0.00 next hop 15packets 0
flow id 1sub flow load is 0.00 next hop 16packets 0
Flow id 1 scheduled 0total packets from 7
[CQ1] flow=2 t=6.10 f_size=3 total_load=1.00 total_packets_this_cycle=3 data_transmission_period=1.00
flow id 2sub flow load is 0.00 next hop 0packets 0
flow id 2sub flow load is 0.00 next hop 1packets 0
flow id 2sub flow load is 0.00 next hop 2packets 0
flow id 2sub flow load is 0.00 next hop 3packets 0
flow id 2sub flow load is 0.00 next hop 4packets 0
flow id 2sub flow load is 0.00 next hop 5packets 0
flow id 2sub flow load is 0.00 next hop 6packets 0
flow id 2sub flow load is 0.00 next hop 7packets 0
flow id 2sub flow load is 0.00 next hop 8packets 0
flow id 2sub flow load is 0.00 next hop 10packets 0
flow id 2sub flow load is 0.00 next hop 11packets 0
flow id 2sub flow load is 0.00 next hop 12packets 0
flow id 2sub flow load is 0.00 next hop 13packets 0
flow id 2sub flow load is 0.00 next hop 14packets 0
flow id 2sub flow load is 0.00 next hop 15packets 0
flow id 2sub flow load is 0.00 next hop 16packets 0
flow id 2sub flow load is 1.00 next hop 9packets 3
scheduled in channel 1
Flow id 2 scheduled 3total packets from 8
[CQ1] flow=3 t=6.10 f_size=2 total_load=1.00 total_packets_this_cycle=2 data_transmission_period=1.00
flow id 3sub flow load is 0.00 next hop 0packets 0
flow id 3sub flow load is 0.00 next hop 1packets 0
flow id 3sub flow load is 0.00 next hop 2packets 0
flow id 3sub flow load is 0.00 next hop 3packets 0
flow id 3sub flow load is 0.00 next hop 4packets 0
flow id 3sub flow load is 0.00 next hop 5packets 0
flow id 3sub flow load is 0.00 next hop 6packets 0
flow id 3sub flow load is 0.00 next hop 7packets 0
flow id 3sub flow load is 0.00 next hop 8packets 0
flow id 3sub flow load is 0.00 next hop 9packets 0
flow id 3sub flow load is 0.00 next hop 11packets 0
flow id 3sub flow load is 0.00 next hop 12packets 0
flow id 3sub flow load is 0.00 next hop 13packets 0
flow id 3sub flow load is 0.00 next hop 14packets 0
flow id 3sub flow load is 0.00 next hop 15packets 0
flow id 3sub flow load is 0.00 next hop 16packets 0
flow id 3sub flow load is 1.00 next hop 10packets 2
scheduled in channel 1
Flow id 3 scheduled 2total packets from 9
[CQ1] flow=4 t=6.10 f_size=2 total_load=1.00 total_packets_this_cycle=2 data_transmission_period=1.00
flow id 4sub flow load is 0.00 next hop 0packets 0
flow id 4sub flow load is 0.00 next hop 1packets 0
flow id 4sub flow load is 0.00 next hop 2packets 0
flow id 4sub flow load is 0.00 next hop 3packets 0
flow id 4sub flow load is 0.00 next hop 4packets 0
flow id 4sub flow load is 0.00 next hop 5packets 0
flow id 4sub flow load is 0.00 next hop 6packets 0
flow id 4sub flow load is 0.00 next hop 7packets 0
flow id 4sub flow load is 0.00 next hop 8packets 0
flow id 4sub flow load is 0.00 next hop 9packets 0
flow id 4sub flow load is 0.00 next hop 10packets 0
flow id 4sub flow load is 0.00 next hop 12packets 0
flow id 4sub flow load is 0.00 next hop 13packets 0
flow id 4sub flow load is 0.00 next hop 14packets 0
flow id 4sub flow load is 0.00 next hop 15packets 0
flow id 4sub flow load is 0.00 next hop 16packets 0
flow id 4sub flow load is 1.00 next hop 11packets 2
scheduled in channel 1
Flow id 4 scheduled 2total packets from 10
[CQ1] flow=5 t=6.10 f_size=2 total_load=1.00 total_packets_this_cycle=2 data_transmission_period=1.00
flow id 5sub flow load is 0.00 next hop 0packets 0
flow id 5sub flow load is 0.00 next hop 1packets 0
flow id 5sub flow load is 0.00 next hop 2packets 0
flow id 5sub flow load is 0.00 next hop 3packets 0
flow id 5sub flow load is 0.00 next hop 4packets 0
flow id 5sub flow load is 0.00 next hop 5packets 0
flow id 5sub flow load is 0.00 next hop 6packets 0
flow id 5sub flow load is 0.00 next hop 7packets 0
flow id 5sub flow load is 0.00 next hop 8packets 0
flow id 5sub flow load is 0.00 next hop 9packets 0
flow id 5sub flow load is 0.00 next hop 11packets 0
flow id 5sub flow load is 0.00 next hop 12packets 0
flow id 5sub flow load is 0.00 next hop 13packets 0
flow id 5sub flow load is 0.00 next hop 14packets 0
flow id 5sub flow load is 0.00 next hop 15packets 0
flow id 5sub flow load is 0.00 next hop 16packets 0
flow id 5sub flow load is 1.00 next hop 10packets 2
scheduled in channel 1
Flow id 5 scheduled 2total packets from 11
[CQ1] flow=6 t=6.10 f_size=2 total_load=1.00 total_packets_this_cycle=2 data_transmission_period=1.00
flow id 6sub flow load is 0.00 next hop 0packets 0
flow id 6sub flow load is 0.00 next hop 1packets 0
flow id 6sub flow load is 0.00 next hop 2packets 0
flow id 6sub flow load is 0.00 next hop 3packets 0
flow id 6sub flow load is 0.00 next hop 4packets 0
flow id 6sub flow load is 0.00 next hop 5packets 0
flow id 6sub flow load is 0.00 next hop 6packets 0
flow id 6sub flow load is 0.00 next hop 7packets 0
flow id 6sub flow load is 0.00 next hop 8packets 0
flow id 6sub flow load is 0.00 next hop 9packets 0
flow id 6sub flow load is 0.00 next hop 10packets 0
flow id 6sub flow load is 0.00 next hop 12packets 0
flow id 6sub flow load is 0.00 next hop 13packets 0
flow id 6sub flow load is 0.00 next hop 14packets 0
flow id 6sub flow load is 0.00 next hop 15packets 0
flow id 6sub flow load is 0.00 next hop 16packets 0
flow id 6sub flow load is 1.00 next hop 11packets 2
scheduled in channel 1
Flow id 6 scheduled 2total packets from 12
[CQ1] flow=7 t=6.10 f_size=0 total_load=0.00 total_packets_this_cycle=0 data_transmission_period=1.00
flow id 7sub flow load is 0.00 next hop 0packets 0
flow id 7sub flow load is 0.00 next hop 1packets 0
flow id 7sub flow load is 0.00 next hop 2packets 0
flow id 7sub flow load is 0.00 next hop 3packets 0
flow id 7sub flow load is 0.00 next hop 4packets 0
flow id 7sub flow load is 0.00 next hop 5packets 0
flow id 7sub flow load is 0.00 next hop 6packets 0
flow id 7sub flow load is 0.00 next hop 7packets 0
flow id 7sub flow load is 0.00 next hop 8packets 0
flow id 7sub flow load is 0.00 next hop 9packets 0
flow id 7sub flow load is 0.00 next hop 10packets 0
flow id 7sub flow load is 0.00 next hop 11packets 0
flow id 7sub flow load is 0.00 next hop 12packets 0
flow id 7sub flow load is 0.00 next hop 13packets 0
flow id 7sub flow load is 0.00 next hop 14packets 0
flow id 7sub flow load is 0.00 next hop 15packets 0
flow id 7sub flow load is 0.00 next hop 16packets 0
Flow id 7 scheduled 0total packets from 13
[CQ1] flow=8 t=6.10 f_size=0 total_load=0.00 total_packets_this_cycle=0 data_transmission_period=1.00
flow id 8sub flow load is 0.00 next hop 0packets 0
flow id 8sub flow load is 0.00 next hop 1packets 0
flow id 8sub flow load is 0.00 next hop 2packets 0
flow id 8sub flow load is 0.00 next hop 3packets 0
flow id 8sub flow load is 0.00 next hop 4packets 0
flow id 8sub flow load is 0.00 next hop 5packets 0
flow id 8sub flow load is 0.00 next hop 6packets 0
flow id 8sub flow load is 0.00 next hop 7packets 0
flow id 8sub flow load is 0.00 next hop 8packets 0
flow id 8sub flow load is 0.00 next hop 9packets 0
flow id 8sub flow load is 0.00 next hop 10packets 0
flow id 8sub flow load is 0.00 next hop 11packets 0
flow id 8sub flow load is 0.00 next hop 12packets 0
flow id 8sub flow load is 0.00 next hop 13packets 0
flow id 8sub flow load is 0.00 next hop 14packets 0
flow id 8sub flow load is 0.00 next hop 15packets 0
flow id 8sub flow load is 0.00 next hop 16packets 0
Flow id 8 scheduled 0total packets from 14
[CQ1] flow=9 t=6.10 f_size=0 total_load=0.00 total_packets_this_cycle=0 data_transmission_period=1.00
flow id 9sub flow load is 0.00 next hop 0packets 0
flow id 9sub flow load is 0.00 next hop 1packets 0
flow id 9sub flow load is 0.00 next hop 2packets 0
flow id 9sub flow load is 0.00 next hop 3packets 0
flow id 9sub flow load is 0.00 next hop 4packets 0
flow id 9sub flow load is 0.00 next hop 5packets 0
flow id 9sub flow load is 0.00 next hop 6packets 0
flow id 9sub flow load is 0.00 next hop 7packets 0
flow id 9sub flow load is 0.00 next hop 8packets 0
flow id 9sub flow load is 0.00 next hop 9packets 0
flow id 9sub flow load is 0.00 next hop 10packets 0
flow id 9sub flow load is 0.00 next hop 11packets 0
flow id 9sub flow load is 0.00 next hop 12packets 0
flow id 9sub flow load is 0.00 next hop 13packets 0
flow id 9sub flow load is 0.00 next hop 14packets 0
flow id 9sub flow load is 0.00 next hop 15packets 0
flow id 9sub flow load is 0.00 next hop 16packets 0
Flow id 9 scheduled 0total packets from 15
[CQ1] flow=10 t=6.10 f_size=0 total_load=0.00 total_packets_this_cycle=0 data_transmission_period=1.00
flow id 10sub flow load is 0.00 next hop 0packets 0
flow id 10sub flow load is 0.00 next hop 1packets 0
flow id 10sub flow load is 0.00 next hop 2packets 0
flow id 10sub flow load is 0.00 next hop 3packets 0
flow id 10sub flow load is 0.00 next hop 4packets 0
flow id 10sub flow load is 0.00 next hop 5packets 0
flow id 10sub flow load is 0.00 next hop 6packets 0
flow id 10sub flow load is 0.00 next hop 7packets 0
flow id 10sub flow load is 0.00 next hop 8packets 0
flow id 10sub flow load is 0.00 next hop 9packets 0
flow id 10sub flow load is 0.00 next hop 10packets 0
flow id 10sub flow load is 0.00 next hop 11packets 0
flow id 10sub flow load is 0.00 next hop 12packets 0
flow id 10sub flow load is 0.00 next hop 13packets 0
flow id 10sub flow load is 0.00 next hop 14packets 0
flow id 10sub flow load is 0.00 next hop 15packets 0
flow id 10sub flow load is 0.00 next hop 16packets 0
Flow id 10 scheduled 0total packets from 6
[CQ1] flow=11 t=6.10 f_size=3 total_load=1.00 total_packets_this_cycle=3 data_transmission_period=1.00
flow id 11sub flow load is 0.00 next hop 0packets 0
flow id 11sub flow load is 0.00 next hop 1packets 0
flow id 11sub flow load is 0.00 next hop 2packets 0
flow id 11sub flow load is 0.00 next hop 3packets 0
flow id 11sub flow load is 0.00 next hop 4packets 0
flow id 11sub flow load is 0.00 next hop 5packets 0
flow id 11sub flow load is 0.00 next hop 6packets 0
flow id 11sub flow load is 0.00 next hop 7packets 0
flow id 11sub flow load is 0.00 next hop 9packets 0
flow id 11sub flow load is 0.00 next hop 10packets 0
flow id 11sub flow load is 0.00 next hop 11packets 0
flow id 11sub flow load is 0.00 next hop 12packets 0
flow id 11sub flow load is 0.00 next hop 13packets 0
flow id 11sub flow load is 0.00 next hop 15packets 0
flow id 11sub flow load is 0.00 next hop 16packets 0
flow id 11sub flow load is 0.48 next hop 14packets 1
flow id 11sub flow load is 0.52 next hop 8packets 2
scheduled in channel 2
scheduled in channel 1
Flow id 11 scheduled 3total packets from 7
ATTACK PLACE 1: packet FORWARDED node=14 flow=8 packetID=1 t=6.13
ATTACK PLACE 2: retransmit FORWARDED node=15 flow=8 packetID=1 t=6.13
ATTACK PLACE 2: retransmit FORWARDED node=15 flow=8 packetID=1 t=6.13
ATTACK PLACE 2: retransmit FORWARDED node=15 flow=8 packetID=1 t=6.14
ATTACK PLACE 2: retransmit FORWARDED node=15 flow=8 packetID=1 t=6.14
Retransmission packet dropped for flow id 8packet ID: 1
ATTACK PLACE 1: packet FORWARDED node=14 flow=8 packetID=2 t=6.17
ATTACK PLACE 2: retransmit FORWARDED node=15 flow=8 packetID=2 t=6.17
ATTACK PLACE 2: retransmit FORWARDED node=15 flow=8 packetID=2 t=6.18
ATTACK PLACE 2: retransmit FORWARDED node=15 flow=8 packetID=2 t=6.18
ATTACK PLACE 2: retransmit FORWARDED node=15 flow=8 packetID=2 t=6.18
Retransmission packet dropped for flow id 8packet ID: 2
ATTACK PLACE 1: packet FORWARDED node=14 flow=8 packetID=3 t=6.21
ATTACK PLACE 2: retransmit FORWARDED node=15 flow=8 packetID=3 t=6.22
ATTACK PLACE 2: retransmit FORWARDED node=15 flow=8 packetID=3 t=6.22
ATTACK PLACE 2: retransmit FORWARDED node=15 flow=8 packetID=3 t=6.22
ATTACK PLACE 2: retransmit FORWARDED node=15 flow=8 packetID=3 t=6.22
Retransmission packet dropped for flow id 8packet ID: 3
ATTACK PLACE 1: packet FORWARDED node=14 flow=8 packetID=4 t=6.26
ATTACK PLACE 2: retransmit FORWARDED node=15 flow=8 packetID=4 t=6.26
ATTACK PLACE 2: retransmit FORWARDED node=15 flow=8 packetID=4 t=6.26
ATTACK PLACE 2: retransmit FORWARDED node=15 flow=8 packetID=4 t=6.26
ATTACK PLACE 2: retransmit FORWARDED node=15 flow=8 packetID=4 t=6.27
Retransmission packet dropped for flow id 8packet ID: 4
DP-FR FORWARD: node=8 flow=2 t=6.36
ATTACK PLACE 1: packet FORWARDED node=8 flow=2 packetID=1 t=6.36
DP-FR DROP: node=9 flow=2 t=6.36
ATTACK PLACE 2: retransmit DROPPED node=9 flow=2 packetID=1 t=6.36
DP-FR FORWARD: node=8 flow=2 t=6.40
ATTACK PLACE 1: packet FORWARDED node=8 flow=2 packetID=2 t=6.40
DP-FR DROP: node=8 flow=2 t=6.44
ATTACK PLACE 1: packet DROPPED node=8 flow=2 packetID=3 t=6.44
DP-FR DROP: node=8 flow=2 t=6.45
ATTACK PLACE 1: packet DROPPED node=8 flow=2 packetID=3 t=6.45
DP-FR DROP: node=8 flow=2 t=6.45
ATTACK PLACE 1: packet DROPPED node=8 flow=2 packetID=3 t=6.45
DP-FR DROP: node=8 flow=2 t=6.45
ATTACK PLACE 1: packet DROPPED node=8 flow=2 packetID=3 t=6.45
Intial transmission packet dropped for flow id 2packet ID: 3
DP-FR DROP: node=9 flow=3 t=6.49
ATTACK PLACE 1: packet DROPPED node=9 flow=3 packetID=1 t=6.49
DP-FR FORWARD: node=9 flow=3 t=6.49
ATTACK PLACE 1: packet FORWARDED node=9 flow=3 packetID=1 t=6.49
DP-FR FORWARD: node=10 flow=3 t=6.49
ATTACK PLACE 2: retransmit FORWARDED node=10 flow=3 packetID=1 t=6.49
DP-FR FORWARD: node=11 flow=3 t=6.49
ATTACK PLACE 2: retransmit FORWARDED node=11 flow=3 packetID=1 t=6.49
Flow ID 3received  Packet ID: 1Totally received 1packets at destination 12 at 6.49
DP-FR FORWARD: node=9 flow=3 t=6.53
ATTACK PLACE 1: packet FORWARDED node=9 flow=3 packetID=2 t=6.53
DP-FR FORWARD: node=10 flow=3 t=6.53
ATTACK PLACE 2: retransmit FORWARDED node=10 flow=3 packetID=2 t=6.53
DP-FR FORWARD: node=11 flow=3 t=6.53
ATTACK PLACE 2: retransmit FORWARDED node=11 flow=3 packetID=2 t=6.53
Flow ID 3received  Packet ID: 2Totally received 2packets at destination 12 at 6.53
DP-FR FORWARD: node=10 flow=4 t=6.61
ATTACK PLACE 1: packet FORWARDED node=10 flow=4 packetID=1 t=6.61
DP-FR DROP: node=11 flow=4 t=6.62
ATTACK PLACE 2: retransmit DROPPED node=11 flow=4 packetID=1 t=6.62
DP-FR DROP: node=10 flow=4 t=6.66
ATTACK PLACE 1: packet DROPPED node=10 flow=4 packetID=2 t=6.66
DP-FR DROP: node=10 flow=4 t=6.66
ATTACK PLACE 1: packet DROPPED node=10 flow=4 packetID=2 t=6.66
DP-FR DROP: node=10 flow=4 t=6.66
ATTACK PLACE 1: packet DROPPED node=10 flow=4 packetID=2 t=6.66
DP-FR DROP: node=10 flow=4 t=6.66
ATTACK PLACE 1: packet DROPPED node=10 flow=4 packetID=2 t=6.66
Intial transmission packet dropped for flow id 4packet ID: 2
DP-FR FORWARD: node=11 flow=5 t=6.74
ATTACK PLACE 1: packet FORWARDED node=11 flow=5 packetID=1 t=6.74
DP-FR FORWARD: node=10 flow=5 t=6.74
ATTACK PLACE 2: retransmit FORWARDED node=10 flow=5 packetID=1 t=6.74
DP-FR DROP: node=9 flow=5 t=6.75
ATTACK PLACE 2: retransmit DROPPED node=9 flow=5 packetID=1 t=6.75
DP-FR DROP: node=11 flow=5 t=6.79
ATTACK PLACE 1: packet DROPPED node=11 flow=5 packetID=2 t=6.79
DP-FR DROP: node=11 flow=5 t=6.79
ATTACK PLACE 1: packet DROPPED node=11 flow=5 packetID=2 t=6.79
DP-FR FORWARD: node=11 flow=5 t=6.79
ATTACK PLACE 1: packet FORWARDED node=11 flow=5 packetID=2 t=6.79
DP-FR DROP: node=10 flow=5 t=6.79
ATTACK PLACE 2: retransmit DROPPED node=10 flow=5 packetID=2 t=6.79
ATTACK PLACE 1: packet FORWARDED node=12 flow=6 packetID=1 t=6.87
DP-FR FORWARD: node=11 flow=6 t=6.87
ATTACK PLACE 2: retransmit FORWARDED node=11 flow=6 packetID=1 t=6.87
DP-FR FORWARD: node=10 flow=6 t=6.88
ATTACK PLACE 2: retransmit FORWARDED node=10 flow=6 packetID=1 t=6.88
DP-FR DROP: node=9 flow=6 t=6.88
ATTACK PLACE 2: retransmit DROPPED node=9 flow=6 packetID=1 t=6.88
ATTACK PLACE 1: packet FORWARDED node=12 flow=6 packetID=2 t=6.91
DP-FR DROP: node=11 flow=6 t=6.92
ATTACK PLACE 2: retransmit DROPPED node=11 flow=6 packetID=2 t=6.92
[PDQ4] t=7.00 flow0_source=6 flow0_dest=9 direct_source_to_dest_lifetime=0.00 | source's_live_neighbor_lifetimes: 5(ll=3.16228e+07) 
average_latency 2.45 ms
[LW-CP-Det] Controller 0 SUSPECTED — S4:1 S5:1 S6:1
[SHIELD-GH][CP] Controller 0 grey-hole flow rule detected | S4=1 S5=1 S6=1 | Tc=0.00 | truth=MALICIOUS | t=7.00
[LW-CP-Det] Controller 1 SUSPECTED — S4:1 S5:1 S6:1
[SHIELD-GH][CP] Controller 1 grey-hole flow rule detected | S4=1 S5=1 S6=1 | Tc=0.00 | truth=MALICIOUS | t=7.00
[DX3-rcv0fallback] node=6 window=5 t=7.00 flagged=0
[DX3-rcv0fallback] node=7 window=5 t=7.00 flagged=1
[MATD-DEBUG] node=8 maxspeed_kmh=90 speed_mps=25.00 t=7.00
[DQ5] node=8 window=5 t=7.00 R_i=0.37
[LW-DP-Det] Node 8 t=7.00 tau_f_eff=0.75 SUSPECTED — S1:1 S2:0 S3:0 corrPDR=0.30 variance=0.05
[DQ3] node=8 t=7.00 S_total=1.00 R_i=0.37 score=0.85 y_hat=1
[RQ1] node=8 t=7.00 y_hat=1
[RQ3] node=8 t=7.00 enable_matd=0 obs_pdr=0.33 corr_pdr=0.33
[NQ1/NQ2] node=8 t=7.00 rcv=6 response=REQUIRE_ZKP should_isolate=0 isolated=0
[NQ7/NQ12] node=8 t=7.00 lambda=6 lambda1=2 lambda2=5 Ri_decayed=0.37 statistical_gate=1 zkp_gate_enabled=1 zkp_cached=1 zkp_proof=PASS
[ZQ2/ZQ3] node=8 t=7.00 zkp_cum_received=33 zkp_cum_forwarded=10
[MATD-DEBUG] node=9 maxspeed_kmh=90 speed_mps=25.00 t=7.00
[DQ5] node=9 window=5 t=7.00 R_i=0.30
[LW-DP-Det] Node 9 t=7.00 tau_f_eff=0.75 SUSPECTED — S1:1 S2:0 S3:0 corrPDR=0.21 variance=0.03
[DQ3] node=9 t=7.00 S_total=1.00 R_i=0.30 score=0.88 y_hat=1
[RQ1] node=9 t=7.00 y_hat=1
[RQ3] node=9 t=7.00 enable_matd=0 obs_pdr=0.29 corr_pdr=0.29
[NQ1/NQ2] node=9 t=7.00 rcv=7 response=REQUIRE_ZKP should_isolate=0 isolated=0
[NQ7/NQ12] node=9 t=7.00 lambda=6 lambda1=2 lambda2=5 Ri_decayed=0.30 statistical_gate=1 zkp_gate_enabled=1 zkp_cached=1 zkp_proof=PASS
[ZQ2/ZQ3] node=9 t=7.00 zkp_cum_received=34 zkp_cum_forwarded=7
[MATD-DEBUG] node=10 maxspeed_kmh=90 speed_mps=25.00 t=7.00
[DQ5] node=10 window=5 t=7.00 R_i=0.44
[LW-DP-Det] Node 10 t=7.00 tau_f_eff=0.75 SUSPECTED — S1:1 S2:0 S3:0 corrPDR=0.34 variance=0.10
[DQ3] node=10 t=7.00 S_total=1.00 R_i=0.44 score=0.82 y_hat=1
[RQ1] node=10 t=7.00 y_hat=1
[RQ3] node=10 t=7.00 enable_matd=0 obs_pdr=0.50 corr_pdr=0.50
[NQ1/NQ2] node=10 t=7.00 rcv=10 response=REQUIRE_ZKP should_isolate=0 isolated=0
[NQ7/NQ12] node=10 t=7.00 lambda=6 lambda1=2 lambda2=5 Ri_decayed=0.44 statistical_gate=1 zkp_gate_enabled=1 zkp_cached=1 zkp_proof=PASS
[ZQ2/ZQ3] node=10 t=7.00 zkp_cum_received=47 zkp_cum_forwarded=16
[NQ2-rcv] node=11 t=7.00 rcv=9
[MATD-DEBUG] node=11 maxspeed_kmh=90 speed_mps=25.00 t=7.00
[DQ5] node=11 window=5 t=7.00 R_i=0.38
[LW-DP-Det] Node 11 t=7.00 tau_f_eff=0.75 SUSPECTED — S1:1 S2:0 S3:0 corrPDR=0.38 variance=0.07
[DQ3] node=11 t=7.00 S_total=1.00 R_i=0.38 score=0.85 y_hat=1
[RQ1] node=11 t=7.00 y_hat=1
[RQ3] node=11 t=7.00 enable_matd=0 obs_pdr=0.56 corr_pdr=0.56
[NQ1/NQ2] node=11 t=7.00 rcv=9 response=REQUIRE_ZKP should_isolate=0 isolated=0
[NQ7/NQ12] node=11 t=7.00 lambda=6 lambda1=2 lambda2=5 Ri_decayed=0.38 statistical_gate=1 zkp_gate_enabled=1 zkp_cached=1 zkp_proof=PASS
[ZQ2/ZQ3] node=11 t=7.00 zkp_cum_received=42 zkp_cum_forwarded=16
[MATD-DEBUG] node=12 maxspeed_kmh=90 speed_mps=25.00 t=7.00
[NQ5] node=12 t=7.00 rcv=2 obs_pdr=1.00 corr_pdr=1.00
[DX2] node=12 t=7.00 S_total=0.00 R_i=0.79 score=0.08 y_hat=0
[RQ1] node=12 t=7.00 y_hat=0
[RQ3] node=12 t=7.00 enable_matd=0 obs_pdr=1.00 corr_pdr=1.00
[MATD-DEBUG] node=14 maxspeed_kmh=90 speed_mps=25.00 t=7.00
[NQ5] node=14 t=7.00 rcv=4 obs_pdr=1.00 corr_pdr=1.00
[DX2] node=14 t=7.00 S_total=0.00 R_i=0.80 score=0.08 y_hat=0
[RQ1] node=14 t=7.00 y_hat=0
[RQ3] node=14 t=7.00 enable_matd=0 obs_pdr=1.00 corr_pdr=1.00
[MATD-DEBUG] node=15 maxspeed_kmh=90 speed_mps=25.00 t=7.00
[NQ5] node=15 t=7.00 rcv=4 obs_pdr=1.00 corr_pdr=1.00
[DX2] node=15 t=7.00 S_total=0.00 R_i=0.78 score=0.09 y_hat=0
[RQ1] node=15 t=7.00 y_hat=0
[RQ3] node=15 t=7.00 enable_matd=0 obs_pdr=1.00 corr_pdr=1.00
=== SHIELD-GH DETECTION METRICS (node-level) ===
  Node TP=5 TN=10 FP=0 FN=1
  M1a Detection Accuracy: 93.75%
  M1b MCC: 0.87
  M2  False Positive Rate: 0.00%
================================================
average packet delivery ratio is 7.58
average jitter is 39.23
average load balance is 96.66
TP=2.00 TN=0.00 FP=12.00 FN=0.00
M1a Detection Accuracy: 14.29%
M1b MCC: 0.00
M2 False Positive Rate: 100.00%
M4a Detection Latency: 0.00 ms
M4b Mitigation Response Time: 0.00 ms
=== Per Node PDR ===
Node 0 | LocalPDR=0.00% (Fwd=0/Rcv=0) | E2E_PDR=0.00% (0/0) | RelayPDR=14.29% (Fwd=2/Rcv=14)
Node 1 | LocalPDR=0.00% (Fwd=0/Rcv=0) | E2E_PDR=0.00% (0/0) | RelayPDR=14.29% (Fwd=2/Rcv=14)
Node 2 | LocalPDR=0.00% (Fwd=0/Rcv=0) | E2E_PDR=0.00% (0/0) | RelayPDR=14.29% (Fwd=2/Rcv=14)
Node 3 | LocalPDR=0.00% (Fwd=0/Rcv=0) | E2E_PDR=0.00% (0/0) | RelayPDR=14.29% (Fwd=2/Rcv=14)
Node 4 | LocalPDR=0.00% (Fwd=0/Rcv=0) | E2E_PDR=0.00% (0/0) | RelayPDR=14.29% (Fwd=2/Rcv=14)
Node 5 | LocalPDR=0.00% (Fwd=0/Rcv=0) | E2E_PDR=0.00% (0/0) | RelayPDR=14.29% (Fwd=2/Rcv=14)
Node 6 | LocalPDR=0.00% (Fwd=0/Rcv=0) | E2E_PDR=0.00% (0/0) | RelayPDR=14.29% (Fwd=2/Rcv=14) [DP-ATTACKER] [CP-ATTACKER]
Node 7 | LocalPDR=0.00% (Fwd=0/Rcv=0) | E2E_PDR=0.00% (0/3) | RelayPDR=18.18% (Fwd=2/Rcv=11) [DP-ATTACKER]
Node 8 | LocalPDR=33.33% (Fwd=2/Rcv=6) | E2E_PDR=0.00% (0/3) | RelayPDR=18.18% (Fwd=2/Rcv=11) [DP-ATTACKER] [CP-ATTACKER]
Node 9 | LocalPDR=28.57% (Fwd=2/Rcv=7) | E2E_PDR=100.00% (2/2) | RelayPDR=0.00% (Fwd=0/Rcv=12) [DP-ATTACKER]
Node 10 | LocalPDR=50.00% (Fwd=5/Rcv=10) | E2E_PDR=0.00% (0/2) | RelayPDR=22.22% (Fwd=2/Rcv=9) [DP-ATTACKER] [CP-ATTACKER]
Node 11 | LocalPDR=55.56% (Fwd=5/Rcv=9) | E2E_PDR=0.00% (0/2) | RelayPDR=22.22% (Fwd=2/Rcv=9) [DP-ATTACKER] [CP-ATTACKER]
Node 12 | LocalPDR=100.00% (Fwd=2/Rcv=2) | E2E_PDR=0.00% (0/2) | RelayPDR=0.00% (Fwd=0/Rcv=10) [CP-ATTACKER]
Node 13 | LocalPDR=0.00% (Fwd=0/Rcv=0) | E2E_PDR=0.00% (0/0) | RelayPDR=16.67% (Fwd=2/Rcv=12)
Node 14 | LocalPDR=100.00% (Fwd=4/Rcv=4) | E2E_PDR=0.00% (0/0) | RelayPDR=16.67% (Fwd=2/Rcv=12) [CP-ATTACKER]
Node 15 | LocalPDR=100.00% (Fwd=4/Rcv=4) | E2E_PDR=0.00% (0/0) | RelayPDR=16.67% (Fwd=2/Rcv=12) [CP-ATTACKER]
Node 16 | LocalPDR=0.00% (Fwd=0/Rcv=0) | E2E_PDR=0.00% (0/0) | RelayPDR=0.00% (Fwd=0/Rcv=0)
Node 17 | LocalPDR=0.00% (Fwd=0/Rcv=0) | E2E_PDR=0.00% (0/0) | RelayPDR=0.00% (Fwd=0/Rcv=0)
Node 18 | LocalPDR=0.00% (Fwd=0/Rcv=0) | E2E_PDR=0.00% (0/0) | RelayPDR=0.00% (Fwd=0/Rcv=0)
Node 19 | LocalPDR=0.00% (Fwd=0/Rcv=0) | E2E_PDR=0.00% (0/0) | RelayPDR=0.00% (Fwd=0/Rcv=0)
Node 20 | LocalPDR=0.00% (Fwd=0/Rcv=0) | E2E_PDR=0.00% (0/0) | RelayPDR=0.00% (Fwd=0/Rcv=0)
Node 21 | LocalPDR=0.00% (Fwd=0/Rcv=0) | E2E_PDR=0.00% (0/0) | RelayPDR=0.00% (Fwd=0/Rcv=0)
Node 22 | LocalPDR=0.00% (Fwd=0/Rcv=0) | E2E_PDR=0.00% (0/0) | RelayPDR=0.00% (Fwd=0/Rcv=0)
Node 23 | LocalPDR=0.00% (Fwd=0/Rcv=0) | E2E_PDR=0.00% (0/0) | RelayPDR=0.00% (Fwd=0/Rcv=0)
Node 24 | LocalPDR=0.00% (Fwd=0/Rcv=0) | E2E_PDR=0.00% (0/0) | RelayPDR=0.00% (Fwd=0/Rcv=0)
Node 25 | LocalPDR=0.00% (Fwd=0/Rcv=0) | E2E_PDR=0.00% (0/0) | RelayPDR=0.00% (Fwd=0/Rcv=0)
Node 26 | LocalPDR=0.00% (Fwd=0/Rcv=0) | E2E_PDR=0.00% (0/0) | RelayPDR=0.00% (Fwd=0/Rcv=0)
Node 27 | LocalPDR=0.00% (Fwd=0/Rcv=0) | E2E_PDR=0.00% (0/0) | RelayPDR=0.00% (Fwd=0/Rcv=0)
Node 28 | LocalPDR=0.00% (Fwd=0/Rcv=0) | E2E_PDR=0.00% (0/0) | RelayPDR=0.00% (Fwd=0/Rcv=0)
Node 29 | LocalPDR=0.00% (Fwd=0/Rcv=0) | E2E_PDR=0.00% (0/0) | RelayPDR=0.00% (Fwd=0/Rcv=0)
Node 30 | LocalPDR=0.00% (Fwd=0/Rcv=0) | E2E_PDR=0.00% (0/0) | RelayPDR=0.00% (Fwd=0/Rcv=0)
Node 31 | LocalPDR=0.00% (Fwd=0/Rcv=0) | E2E_PDR=0.00% (0/0) | RelayPDR=0.00% (Fwd=0/Rcv=0)
Node 32 | LocalPDR=0.00% (Fwd=0/Rcv=0) | E2E_PDR=0.00% (0/0) | RelayPDR=0.00% (Fwd=0/Rcv=0)
Node 33 | LocalPDR=0.00% (Fwd=0/Rcv=0) | E2E_PDR=0.00% (0/0) | RelayPDR=0.00% (Fwd=0/Rcv=0)
Node 34 | LocalPDR=0.00% (Fwd=0/Rcv=0) | E2E_PDR=0.00% (0/0) | RelayPDR=0.00% (Fwd=0/Rcv=0)
Node 35 | LocalPDR=0.00% (Fwd=0/Rcv=0) | E2E_PDR=0.00% (0/0) | RelayPDR=0.00% (Fwd=0/Rcv=0)
Node 36 | LocalPDR=0.00% (Fwd=0/Rcv=0) | E2E_PDR=0.00% (0/0) | RelayPDR=0.00% (Fwd=0/Rcv=0)
Node 37 | LocalPDR=0.00% (Fwd=0/Rcv=0) | E2E_PDR=0.00% (0/0) | RelayPDR=0.00% (Fwd=0/Rcv=0)
Node 38 | LocalPDR=0.00% (Fwd=0/Rcv=0) | E2E_PDR=0.00% (0/0) | RelayPDR=0.00% (Fwd=0/Rcv=0)
Node 39 | LocalPDR=0.00% (Fwd=0/Rcv=0) | E2E_PDR=0.00% (0/0) | RelayPDR=0.00% (Fwd=0/Rcv=0)
Node 40 | LocalPDR=0.00% (Fwd=0/Rcv=0) | E2E_PDR=0.00% (0/0) | RelayPDR=0.00% (Fwd=0/Rcv=0)
Node 41 | LocalPDR=0.00% (Fwd=0/Rcv=0) | E2E_PDR=0.00% (0/0) | RelayPDR=0.00% (Fwd=0/Rcv=0)
Node 42 | LocalPDR=0.00% (Fwd=0/Rcv=0) | E2E_PDR=0.00% (0/0) | RelayPDR=0.00% (Fwd=0/Rcv=0)
Node 43 | LocalPDR=0.00% (Fwd=0/Rcv=0) | E2E_PDR=0.00% (0/0) | RelayPDR=0.00% (Fwd=0/Rcv=0)
Node 44 | LocalPDR=0.00% (Fwd=0/Rcv=0) | E2E_PDR=0.00% (0/0) | RelayPDR=0.00% (Fwd=0/Rcv=0)
Node 45 | LocalPDR=0.00% (Fwd=0/Rcv=0) | E2E_PDR=0.00% (0/0) | RelayPDR=0.00% (Fwd=0/Rcv=0)
Node 46 | LocalPDR=0.00% (Fwd=0/Rcv=0) | E2E_PDR=0.00% (0/0) | RelayPDR=0.00% (Fwd=0/Rcv=0)
Node 47 | LocalPDR=0.00% (Fwd=0/Rcv=0) | E2E_PDR=0.00% (0/0) | RelayPDR=0.00% (Fwd=0/Rcv=0)
Node 48 | LocalPDR=0.00% (Fwd=0/Rcv=0) | E2E_PDR=0.00% (0/0) | RelayPDR=0.00% (Fwd=0/Rcv=0)
Node 49 | LocalPDR=0.00% (Fwd=0/Rcv=0) | E2E_PDR=0.00% (0/0) | RelayPDR=0.00% (Fwd=0/Rcv=0)
Node 50 | LocalPDR=0.00% (Fwd=0/Rcv=0) | E2E_PDR=0.00% (0/0) | RelayPDR=0.00% (Fwd=0/Rcv=0)
Node 51 | LocalPDR=0.00% (Fwd=0/Rcv=0) | E2E_PDR=0.00% (0/0) | RelayPDR=0.00% (Fwd=0/Rcv=0)
Node 52 | LocalPDR=0.00% (Fwd=0/Rcv=0) | E2E_PDR=0.00% (0/0) | RelayPDR=0.00% (Fwd=0/Rcv=0)
Node 53 | LocalPDR=0.00% (Fwd=0/Rcv=0) | E2E_PDR=0.00% (0/0) | RelayPDR=0.00% (Fwd=0/Rcv=0)
Node 54 | LocalPDR=0.00% (Fwd=0/Rcv=0) | E2E_PDR=0.00% (0/0) | RelayPDR=0.00% (Fwd=0/Rcv=0)
Node 55 | LocalPDR=0.00% (Fwd=0/Rcv=0) | E2E_PDR=0.00% (0/0) | RelayPDR=0.00% (Fwd=0/Rcv=0)
Node 56 | LocalPDR=0.00% (Fwd=0/Rcv=0) | E2E_PDR=0.00% (0/0) | RelayPDR=0.00% (Fwd=0/Rcv=0)
Node 57 | LocalPDR=0.00% (Fwd=0/Rcv=0) | E2E_PDR=0.00% (0/0) | RelayPDR=0.00% (Fwd=0/Rcv=0)
Node 58 | LocalPDR=0.00% (Fwd=0/Rcv=0) | E2E_PDR=0.00% (0/0) | RelayPDR=0.00% (Fwd=0/Rcv=0)
Node 59 | LocalPDR=0.00% (Fwd=0/Rcv=0) | E2E_PDR=0.00% (0/0) | RelayPDR=0.00% (Fwd=0/Rcv=0)
Node 60 | LocalPDR=0.00% (Fwd=0/Rcv=0) | E2E_PDR=0.00% (0/0) | RelayPDR=0.00% (Fwd=0/Rcv=0)
Node 61 | LocalPDR=0.00% (Fwd=0/Rcv=0) | E2E_PDR=0.00% (0/0) | RelayPDR=0.00% (Fwd=0/Rcv=0)
Node 62 | LocalPDR=0.00% (Fwd=0/Rcv=0) | E2E_PDR=0.00% (0/0) | RelayPDR=0.00% (Fwd=0/Rcv=0)
Node 63 | LocalPDR=0.00% (Fwd=0/Rcv=0) | E2E_PDR=0.00% (0/0) | RelayPDR=0.00% (Fwd=0/Rcv=0)
Node 64 | LocalPDR=0.00% (Fwd=0/Rcv=0) | E2E_PDR=0.00% (0/0) | RelayPDR=0.00% (Fwd=0/Rcv=0)
Node 65 | LocalPDR=0.00% (Fwd=0/Rcv=0) | E2E_PDR=0.00% (0/0) | RelayPDR=0.00% (Fwd=0/Rcv=0)
Node 66 | LocalPDR=0.00% (Fwd=0/Rcv=0) | E2E_PDR=0.00% (0/0) | RelayPDR=0.00% (Fwd=0/Rcv=0)
Node 67 | LocalPDR=0.00% (Fwd=0/Rcv=0) | E2E_PDR=0.00% (0/0) | RelayPDR=0.00% (Fwd=0/Rcv=0)
Node 68 | LocalPDR=0.00% (Fwd=0/Rcv=0) | E2E_PDR=0.00% (0/0) | RelayPDR=0.00% (Fwd=0/Rcv=0)
Node 69 | LocalPDR=0.00% (Fwd=0/Rcv=0) | E2E_PDR=0.00% (0/0) | RelayPDR=0.00% (Fwd=0/Rcv=0)
Node 70 | LocalPDR=0.00% (Fwd=0/Rcv=0) | E2E_PDR=0.00% (0/0) | RelayPDR=0.00% (Fwd=0/Rcv=0)
Node 71 | LocalPDR=0.00% (Fwd=0/Rcv=0) | E2E_PDR=0.00% (0/0) | RelayPDR=0.00% (Fwd=0/Rcv=0)
Node 72 | LocalPDR=0.00% (Fwd=0/Rcv=0) | E2E_PDR=0.00% (0/0) | RelayPDR=0.00% (Fwd=0/Rcv=0)
Node 73 | LocalPDR=0.00% (Fwd=0/Rcv=0) | E2E_PDR=0.00% (0/0) | RelayPDR=0.00% (Fwd=0/Rcv=0)
Node 74 | LocalPDR=0.00% (Fwd=0/Rcv=0) | E2E_PDR=0.00% (0/0) | RelayPDR=0.00% (Fwd=0/Rcv=0)
Node 75 | LocalPDR=0.00% (Fwd=0/Rcv=0) | E2E_PDR=0.00% (0/0) | RelayPDR=0.00% (Fwd=0/Rcv=0)
Node 76 | LocalPDR=0.00% (Fwd=0/Rcv=0) | E2E_PDR=0.00% (0/0) | RelayPDR=0.00% (Fwd=0/Rcv=0)
Node 77 | LocalPDR=0.00% (Fwd=0/Rcv=0) | E2E_PDR=0.00% (0/0) | RelayPDR=0.00% (Fwd=0/Rcv=0)
Node 78 | LocalPDR=0.00% (Fwd=0/Rcv=0) | E2E_PDR=0.00% (0/0) | RelayPDR=0.00% (Fwd=0/Rcv=0)
Node 79 | LocalPDR=0.00% (Fwd=0/Rcv=0) | E2E_PDR=0.00% (0/0) | RelayPDR=0.00% (Fwd=0/Rcv=0)
Node 80 | LocalPDR=0.00% (Fwd=0/Rcv=0) | E2E_PDR=0.00% (0/0) | RelayPDR=0.00% (Fwd=0/Rcv=0)
Node 81 | LocalPDR=0.00% (Fwd=0/Rcv=0) | E2E_PDR=0.00% (0/0) | RelayPDR=0.00% (Fwd=0/Rcv=0)
Node 82 | LocalPDR=0.00% (Fwd=0/Rcv=0) | E2E_PDR=0.00% (0/0) | RelayPDR=0.00% (Fwd=0/Rcv=0)
Node 83 | LocalPDR=0.00% (Fwd=0/Rcv=0) | E2E_PDR=0.00% (0/0) | RelayPDR=0.00% (Fwd=0/Rcv=0)
Node 84 | LocalPDR=0.00% (Fwd=0/Rcv=0) | E2E_PDR=0.00% (0/0) | RelayPDR=0.00% (Fwd=0/Rcv=0)
Node 85 | LocalPDR=0.00% (Fwd=0/Rcv=0) | E2E_PDR=0.00% (0/0) | RelayPDR=0.00% (Fwd=0/Rcv=0)
Node 86 | LocalPDR=0.00% (Fwd=0/Rcv=0) | E2E_PDR=0.00% (0/0) | RelayPDR=0.00% (Fwd=0/Rcv=0)
Node 87 | LocalPDR=0.00% (Fwd=0/Rcv=0) | E2E_PDR=0.00% (0/0) | RelayPDR=0.00% (Fwd=0/Rcv=0)
Node 88 | LocalPDR=0.00% (Fwd=0/Rcv=0) | E2E_PDR=0.00% (0/0) | RelayPDR=0.00% (Fwd=0/Rcv=0)
Node 89 | LocalPDR=0.00% (Fwd=0/Rcv=0) | E2E_PDR=0.00% (0/0) | RelayPDR=0.00% (Fwd=0/Rcv=0)
Node 90 | LocalPDR=0.00% (Fwd=0/Rcv=0) | E2E_PDR=0.00% (0/0) | RelayPDR=0.00% (Fwd=0/Rcv=0)
Node 91 | LocalPDR=0.00% (Fwd=0/Rcv=0) | E2E_PDR=0.00% (0/0) | RelayPDR=0.00% (Fwd=0/Rcv=0)
Node 92 | LocalPDR=0.00% (Fwd=0/Rcv=0) | E2E_PDR=0.00% (0/0) | RelayPDR=0.00% (Fwd=0/Rcv=0)
Node 93 | LocalPDR=0.00% (Fwd=0/Rcv=0) | E2E_PDR=0.00% (0/0) | RelayPDR=0.00% (Fwd=0/Rcv=0)
Node 94 | LocalPDR=0.00% (Fwd=0/Rcv=0) | E2E_PDR=0.00% (0/0) | RelayPDR=0.00% (Fwd=0/Rcv=0)
Node 95 | LocalPDR=0.00% (Fwd=0/Rcv=0) | E2E_PDR=0.00% (0/0) | RelayPDR=0.00% (Fwd=0/Rcv=0)
Node 96 | LocalPDR=0.00% (Fwd=0/Rcv=0) | E2E_PDR=0.00% (0/0) | RelayPDR=0.00% (Fwd=0/Rcv=0)
Node 97 | LocalPDR=0.00% (Fwd=0/Rcv=0) | E2E_PDR=0.00% (0/0) | RelayPDR=0.00% (Fwd=0/Rcv=0)
Node 98 | LocalPDR=0.00% (Fwd=0/Rcv=0) | E2E_PDR=0.00% (0/0) | RelayPDR=0.00% (Fwd=0/Rcv=0)
Node 99 | LocalPDR=0.00% (Fwd=0/Rcv=0) | E2E_PDR=0.00% (0/0) | RelayPDR=0.00% (Fwd=0/Rcv=0)
Node 100 | LocalPDR=0.00% (Fwd=0/Rcv=0) | E2E_PDR=0.00% (0/0) | RelayPDR=0.00% (Fwd=0/Rcv=0)
Node 101 | LocalPDR=0.00% (Fwd=0/Rcv=0) | E2E_PDR=0.00% (0/0) | RelayPDR=0.00% (Fwd=0/Rcv=0)
Node 102 | LocalPDR=0.00% (Fwd=0/Rcv=0) | E2E_PDR=0.00% (0/0) | RelayPDR=0.00% (Fwd=0/Rcv=0)
Node 103 | LocalPDR=0.00% (Fwd=0/Rcv=0) | E2E_PDR=0.00% (0/0) | RelayPDR=0.00% (Fwd=0/Rcv=0)
Node 104 | LocalPDR=0.00% (Fwd=0/Rcv=0) | E2E_PDR=0.00% (0/0) | RelayPDR=0.00% (Fwd=0/Rcv=0)
Node 105 | LocalPDR=0.00% (Fwd=0/Rcv=0) | E2E_PDR=0.00% (0/0) | RelayPDR=0.00% (Fwd=0/Rcv=0)
Node 106 | LocalPDR=0.00% (Fwd=0/Rcv=0) | E2E_PDR=0.00% (0/0) | RelayPDR=0.00% (Fwd=0/Rcv=0)
Node 107 | LocalPDR=0.00% (Fwd=0/Rcv=0) | E2E_PDR=0.00% (0/0) | RelayPDR=0.00% (Fwd=0/Rcv=0)
Node 108 | LocalPDR=0.00% (Fwd=0/Rcv=0) | E2E_PDR=0.00% (0/0) | RelayPDR=0.00% (Fwd=0/Rcv=0)
Node 109 | LocalPDR=0.00% (Fwd=0/Rcv=0) | E2E_PDR=0.00% (0/0) | RelayPDR=0.00% (Fwd=0/Rcv=0)
Node 110 | LocalPDR=0.00% (Fwd=0/Rcv=0) | E2E_PDR=0.00% (0/0) | RelayPDR=0.00% (Fwd=0/Rcv=0)
Node 111 | LocalPDR=0.00% (Fwd=0/Rcv=0) | E2E_PDR=0.00% (0/0) | RelayPDR=0.00% (Fwd=0/Rcv=0)
Node 112 | LocalPDR=0.00% (Fwd=0/Rcv=0) | E2E_PDR=0.00% (0/0) | RelayPDR=0.00% (Fwd=0/Rcv=0)
Node 113 | LocalPDR=0.00% (Fwd=0/Rcv=0) | E2E_PDR=0.00% (0/0) | RelayPDR=0.00% (Fwd=0/Rcv=0)
Node 114 | LocalPDR=0.00% (Fwd=0/Rcv=0) | E2E_PDR=0.00% (0/0) | RelayPDR=0.00% (Fwd=0/Rcv=0)
Node 115 | LocalPDR=0.00% (Fwd=0/Rcv=0) | E2E_PDR=0.00% (0/0) | RelayPDR=0.00% (Fwd=0/Rcv=0)
Node 116 | LocalPDR=0.00% (Fwd=0/Rcv=0) | E2E_PDR=0.00% (0/0) | RelayPDR=0.00% (Fwd=0/Rcv=0)
Node 117 | LocalPDR=0.00% (Fwd=0/Rcv=0) | E2E_PDR=0.00% (0/0) | RelayPDR=0.00% (Fwd=0/Rcv=0)
Node 118 | LocalPDR=0.00% (Fwd=0/Rcv=0) | E2E_PDR=0.00% (0/0) | RelayPDR=0.00% (Fwd=0/Rcv=0)
Node 119 | LocalPDR=0.00% (Fwd=0/Rcv=0) | E2E_PDR=0.00% (0/0) | RelayPDR=0.00% (Fwd=0/Rcv=0)
Node 120 | LocalPDR=0.00% (Fwd=0/Rcv=0) | E2E_PDR=0.00% (0/0) | RelayPDR=0.00% (Fwd=0/Rcv=0)
Node 121 | LocalPDR=0.00% (Fwd=0/Rcv=0) | E2E_PDR=0.00% (0/0) | RelayPDR=0.00% (Fwd=0/Rcv=0)
Node 122 | LocalPDR=0.00% (Fwd=0/Rcv=0) | E2E_PDR=0.00% (0/0) | RelayPDR=0.00% (Fwd=0/Rcv=0)
Node 123 | LocalPDR=0.00% (Fwd=0/Rcv=0) | E2E_PDR=0.00% (0/0) | RelayPDR=0.00% (Fwd=0/Rcv=0)
Node 124 | LocalPDR=0.00% (Fwd=0/Rcv=0) | E2E_PDR=0.00% (0/0) | RelayPDR=0.00% (Fwd=0/Rcv=0)
Node 125 | LocalPDR=0.00% (Fwd=0/Rcv=0) | E2E_PDR=0.00% (0/0) | RelayPDR=0.00% (Fwd=0/Rcv=0)
Node 126 | LocalPDR=0.00% (Fwd=0/Rcv=0) | E2E_PDR=0.00% (0/0) | RelayPDR=0.00% (Fwd=0/Rcv=0)
Node 127 | LocalPDR=0.00% (Fwd=0/Rcv=0) | E2E_PDR=0.00% (0/0) | RelayPDR=0.00% (Fwd=0/Rcv=0)
Node 128 | LocalPDR=0.00% (Fwd=0/Rcv=0) | E2E_PDR=0.00% (0/0) | RelayPDR=0.00% (Fwd=0/Rcv=0)
Node 129 | LocalPDR=0.00% (Fwd=0/Rcv=0) | E2E_PDR=0.00% (0/0) | RelayPDR=0.00% (Fwd=0/Rcv=0)
Node 130 | LocalPDR=0.00% (Fwd=0/Rcv=0) | E2E_PDR=0.00% (0/0) | RelayPDR=0.00% (Fwd=0/Rcv=0)
Node 131 | LocalPDR=0.00% (Fwd=0/Rcv=0) | E2E_PDR=0.00% (0/0) | RelayPDR=0.00% (Fwd=0/Rcv=0)
Node 132 | LocalPDR=0.00% (Fwd=0/Rcv=0) | E2E_PDR=0.00% (0/0) | RelayPDR=0.00% (Fwd=0/Rcv=0)
Node 133 | LocalPDR=0.00% (Fwd=0/Rcv=0) | E2E_PDR=0.00% (0/0) | RelayPDR=0.00% (Fwd=0/Rcv=0)
Node 134 | LocalPDR=0.00% (Fwd=0/Rcv=0) | E2E_PDR=0.00% (0/0) | RelayPDR=0.00% (Fwd=0/Rcv=0)
Node 135 | LocalPDR=0.00% (Fwd=0/Rcv=0) | E2E_PDR=0.00% (0/0) | RelayPDR=0.00% (Fwd=0/Rcv=0)
Node 136 | LocalPDR=0.00% (Fwd=0/Rcv=0) | E2E_PDR=0.00% (0/0) | RelayPDR=0.00% (Fwd=0/Rcv=0)
Node 137 | LocalPDR=0.00% (Fwd=0/Rcv=0) | E2E_PDR=0.00% (0/0) | RelayPDR=0.00% (Fwd=0/Rcv=0)
Node 138 | LocalPDR=0.00% (Fwd=0/Rcv=0) | E2E_PDR=0.00% (0/0) | RelayPDR=0.00% (Fwd=0/Rcv=0)
Node 139 | LocalPDR=0.00% (Fwd=0/Rcv=0) | E2E_PDR=0.00% (0/0) | RelayPDR=0.00% (Fwd=0/Rcv=0)
Node 140 | LocalPDR=0.00% (Fwd=0/Rcv=0) | E2E_PDR=0.00% (0/0) | RelayPDR=0.00% (Fwd=0/Rcv=0)
Node 141 | LocalPDR=0.00% (Fwd=0/Rcv=0) | E2E_PDR=0.00% (0/0) | RelayPDR=0.00% (Fwd=0/Rcv=0)
Node 142 | LocalPDR=0.00% (Fwd=0/Rcv=0) | E2E_PDR=0.00% (0/0) | RelayPDR=0.00% (Fwd=0/Rcv=0)
Node 143 | LocalPDR=0.00% (Fwd=0/Rcv=0) | E2E_PDR=0.00% (0/0) | RelayPDR=0.00% (Fwd=0/Rcv=0)
Node 144 | LocalPDR=0.00% (Fwd=0/Rcv=0) | E2E_PDR=0.00% (0/0) | RelayPDR=0.00% (Fwd=0/Rcv=0)
Node 145 | LocalPDR=0.00% (Fwd=0/Rcv=0) | E2E_PDR=0.00% (0/0) | RelayPDR=0.00% (Fwd=0/Rcv=0)
Node 146 | LocalPDR=0.00% (Fwd=0/Rcv=0) | E2E_PDR=0.00% (0/0) | RelayPDR=0.00% (Fwd=0/Rcv=0)
Node 147 | LocalPDR=0.00% (Fwd=0/Rcv=0) | E2E_PDR=0.00% (0/0) | RelayPDR=0.00% (Fwd=0/Rcv=0)
Node 148 | LocalPDR=0.00% (Fwd=0/Rcv=0) | E2E_PDR=0.00% (0/0) | RelayPDR=0.00% (Fwd=0/Rcv=0)
Node 149 | LocalPDR=0.00% (Fwd=0/Rcv=0) | E2E_PDR=0.00% (0/0) | RelayPDR=0.00% (Fwd=0/Rcv=0)
Node 150 | LocalPDR=0.00% (Fwd=0/Rcv=0) | E2E_PDR=0.00% (0/0) | RelayPDR=0.00% (Fwd=0/Rcv=0)
Node 151 | LocalPDR=0.00% (Fwd=0/Rcv=0) | E2E_PDR=0.00% (0/0) | RelayPDR=0.00% (Fwd=0/Rcv=0)
Node 152 | LocalPDR=0.00% (Fwd=0/Rcv=0) | E2E_PDR=0.00% (0/0) | RelayPDR=0.00% (Fwd=0/Rcv=0)
Node 153 | LocalPDR=0.00% (Fwd=0/Rcv=0) | E2E_PDR=0.00% (0/0) | RelayPDR=0.00% (Fwd=0/Rcv=0)
Node 154 | LocalPDR=0.00% (Fwd=0/Rcv=0) | E2E_PDR=0.00% (0/0) | RelayPDR=0.00% (Fwd=0/Rcv=0)
Node 155 | LocalPDR=0.00% (Fwd=0/Rcv=0) | E2E_PDR=0.00% (0/0) | RelayPDR=0.00% (Fwd=0/Rcv=0)
Node 156 | LocalPDR=0.00% (Fwd=0/Rcv=0) | E2E_PDR=0.00% (0/0) | RelayPDR=0.00% (Fwd=0/Rcv=0)
Node 157 | LocalPDR=0.00% (Fwd=0/Rcv=0) | E2E_PDR=0.00% (0/0) | RelayPDR=0.00% (Fwd=0/Rcv=0)
Node 158 | LocalPDR=0.00% (Fwd=0/Rcv=0) | E2E_PDR=0.00% (0/0) | RelayPDR=0.00% (Fwd=0/Rcv=0)
Node 159 | LocalPDR=0.00% (Fwd=0/Rcv=0) | E2E_PDR=0.00% (0/0) | RelayPDR=0.00% (Fwd=0/Rcv=0)
Node 160 | LocalPDR=0.00% (Fwd=0/Rcv=0) | E2E_PDR=0.00% (0/0) | RelayPDR=0.00% (Fwd=0/Rcv=0)
Node 161 | LocalPDR=0.00% (Fwd=0/Rcv=0) | E2E_PDR=0.00% (0/0) | RelayPDR=0.00% (Fwd=0/Rcv=0)
Node 162 | LocalPDR=0.00% (Fwd=0/Rcv=0) | E2E_PDR=0.00% (0/0) | RelayPDR=0.00% (Fwd=0/Rcv=0)
Node 163 | LocalPDR=0.00% (Fwd=0/Rcv=0) | E2E_PDR=0.00% (0/0) | RelayPDR=0.00% (Fwd=0/Rcv=0)
Node 164 | LocalPDR=0.00% (Fwd=0/Rcv=0) | E2E_PDR=0.00% (0/0) | RelayPDR=0.00% (Fwd=0/Rcv=0)
Node 165 | LocalPDR=0.00% (Fwd=0/Rcv=0) | E2E_PDR=0.00% (0/0) | RelayPDR=0.00% (Fwd=0/Rcv=0)
Node 166 | LocalPDR=0.00% (Fwd=0/Rcv=0) | E2E_PDR=0.00% (0/0) | RelayPDR=0.00% (Fwd=0/Rcv=0)
Node 167 | LocalPDR=0.00% (Fwd=0/Rcv=0) | E2E_PDR=0.00% (0/0) | RelayPDR=0.00% (Fwd=0/Rcv=0)
Node 168 | LocalPDR=0.00% (Fwd=0/Rcv=0) | E2E_PDR=0.00% (0/0) | RelayPDR=0.00% (Fwd=0/Rcv=0)
Node 169 | LocalPDR=0.00% (Fwd=0/Rcv=0) | E2E_PDR=0.00% (0/0) | RelayPDR=0.00% (Fwd=0/Rcv=0)
Node 170 | LocalPDR=0.00% (Fwd=0/Rcv=0) | E2E_PDR=0.00% (0/0) | RelayPDR=0.00% (Fwd=0/Rcv=0)
Node 171 | LocalPDR=0.00% (Fwd=0/Rcv=0) | E2E_PDR=0.00% (0/0) | RelayPDR=0.00% (Fwd=0/Rcv=0)
Node 172 | LocalPDR=0.00% (Fwd=0/Rcv=0) | E2E_PDR=0.00% (0/0) | RelayPDR=0.00% (Fwd=0/Rcv=0)
Node 173 | LocalPDR=0.00% (Fwd=0/Rcv=0) | E2E_PDR=0.00% (0/0) | RelayPDR=0.00% (Fwd=0/Rcv=0)
Node 174 | LocalPDR=0.00% (Fwd=0/Rcv=0) | E2E_PDR=0.00% (0/0) | RelayPDR=0.00% (Fwd=0/Rcv=0)
Node 175 | LocalPDR=0.00% (Fwd=0/Rcv=0) | E2E_PDR=0.00% (0/0) | RelayPDR=0.00% (Fwd=0/Rcv=0)
Node 176 | LocalPDR=0.00% (Fwd=0/Rcv=0) | E2E_PDR=0.00% (0/0) | RelayPDR=0.00% (Fwd=0/Rcv=0)
Node 177 | LocalPDR=0.00% (Fwd=0/Rcv=0) | E2E_PDR=0.00% (0/0) | RelayPDR=0.00% (Fwd=0/Rcv=0)
Node 178 | LocalPDR=0.00% (Fwd=0/Rcv=0) | E2E_PDR=0.00% (0/0) | RelayPDR=0.00% (Fwd=0/Rcv=0)
Node 179 | LocalPDR=0.00% (Fwd=0/Rcv=0) | E2E_PDR=0.00% (0/0) | RelayPDR=0.00% (Fwd=0/Rcv=0)
Node 180 | LocalPDR=0.00% (Fwd=0/Rcv=0) | E2E_PDR=0.00% (0/0) | RelayPDR=0.00% (Fwd=0/Rcv=0)
Node 181 | LocalPDR=0.00% (Fwd=0/Rcv=0) | E2E_PDR=0.00% (0/0) | RelayPDR=0.00% (Fwd=0/Rcv=0)
Node 182 | LocalPDR=0.00% (Fwd=0/Rcv=0) | E2E_PDR=0.00% (0/0) | RelayPDR=0.00% (Fwd=0/Rcv=0)
Node 183 | LocalPDR=0.00% (Fwd=0/Rcv=0) | E2E_PDR=0.00% (0/0) | RelayPDR=0.00% (Fwd=0/Rcv=0)
Node 184 | LocalPDR=0.00% (Fwd=0/Rcv=0) | E2E_PDR=0.00% (0/0) | RelayPDR=0.00% (Fwd=0/Rcv=0)
Node 185 | LocalPDR=0.00% (Fwd=0/Rcv=0) | E2E_PDR=0.00% (0/0) | RelayPDR=0.00% (Fwd=0/Rcv=0)
Node 186 | LocalPDR=0.00% (Fwd=0/Rcv=0) | E2E_PDR=0.00% (0/0) | RelayPDR=0.00% (Fwd=0/Rcv=0)
Node 187 | LocalPDR=0.00% (Fwd=0/Rcv=0) | E2E_PDR=0.00% (0/0) | RelayPDR=0.00% (Fwd=0/Rcv=0)
Node 188 | LocalPDR=0.00% (Fwd=0/Rcv=0) | E2E_PDR=0.00% (0/0) | RelayPDR=0.00% (Fwd=0/Rcv=0)
Node 189 | LocalPDR=0.00% (Fwd=0/Rcv=0) | E2E_PDR=0.00% (0/0) | RelayPDR=0.00% (Fwd=0/Rcv=0)
Node 190 | LocalPDR=0.00% (Fwd=0/Rcv=0) | E2E_PDR=0.00% (0/0) | RelayPDR=0.00% (Fwd=0/Rcv=0)
Node 191 | LocalPDR=0.00% (Fwd=0/Rcv=0) | E2E_PDR=0.00% (0/0) | RelayPDR=0.00% (Fwd=0/Rcv=0)
Node 192 | LocalPDR=0.00% (Fwd=0/Rcv=0) | E2E_PDR=0.00% (0/0) | RelayPDR=0.00% (Fwd=0/Rcv=0)
Node 193 | LocalPDR=0.00% (Fwd=0/Rcv=0) | E2E_PDR=0.00% (0/0) | RelayPDR=0.00% (Fwd=0/Rcv=0)
Node 194 | LocalPDR=0.00% (Fwd=0/Rcv=0) | E2E_PDR=0.00% (0/0) | RelayPDR=0.00% (Fwd=0/Rcv=0)
Node 195 | LocalPDR=0.00% (Fwd=0/Rcv=0) | E2E_PDR=0.00% (0/0) | RelayPDR=0.00% (Fwd=0/Rcv=0)
Node 196 | LocalPDR=0.00% (Fwd=0/Rcv=0) | E2E_PDR=0.00% (0/0) | RelayPDR=0.00% (Fwd=0/Rcv=0)
Node 197 | LocalPDR=0.00% (Fwd=0/Rcv=0) | E2E_PDR=0.00% (0/0) | RelayPDR=0.00% (Fwd=0/Rcv=0)
Node 198 | LocalPDR=0.00% (Fwd=0/Rcv=0) | E2E_PDR=0.00% (0/0) | RelayPDR=0.00% (Fwd=0/Rcv=0)
Node 199 | LocalPDR=0.00% (Fwd=0/Rcv=0) | E2E_PDR=0.00% (0/0) | RelayPDR=0.00% (Fwd=0/Rcv=0)
Node 200 | LocalPDR=0.00% (Fwd=0/Rcv=0) | E2E_PDR=0.00% (0/0) | RelayPDR=0.00% (Fwd=0/Rcv=0)
Node 201 | LocalPDR=0.00% (Fwd=0/Rcv=0) | E2E_PDR=0.00% (0/0) | RelayPDR=0.00% (Fwd=0/Rcv=0)
Node 202 | LocalPDR=0.00% (Fwd=0/Rcv=0) | E2E_PDR=0.00% (0/0) | RelayPDR=0.00% (Fwd=0/Rcv=0)
Node 203 | LocalPDR=0.00% (Fwd=0/Rcv=0) | E2E_PDR=0.00% (0/0) | RelayPDR=0.00% (Fwd=0/Rcv=0)
Node 204 | LocalPDR=0.00% (Fwd=0/Rcv=0) | E2E_PDR=0.00% (0/0) | RelayPDR=0.00% (Fwd=0/Rcv=0)
====================
written to file successfully
Solution at nodes cleared at 7.00
sent all flow data from node 16
current time is 7.00
At controller: updated flow source 6to destination 9flow size 3packet size 750QoS 1
At controller: updated flow source 7to destination 10flow size 1packet size 750QoS 1
At controller: updated flow source 8to destination 11flow size 0packet size 750QoS 1
At controller: updated flow source 9to destination 12flow size 1packet size 750QoS 1
At controller: updated flow source 10to destination 13flow size 1packet size 750QoS 1
At controller: updated flow source 11to destination 14flow size 0packet size 750QoS 1
At controller: updated flow source 12to destination 15flow size 1packet size 750QoS 1
At controller: updated flow source 13to destination 6flow size 0packet size 750QoS 1
At controller: updated flow source 14to destination 7flow size 3packet size 750QoS 1
At controller: updated flow source 15to destination 8flow size 2packet size 750QoS 1
At controller: updated flow source 6to destination 9flow size 2packet size 750QoS 1
At controller: updated flow source 7to destination 10flow size 3packet size 750QoS 1
Retransmission packet dropped for flow id 2packet ID: 2
link lifetime optimization beginning at 7.03
finished writing link lifetime status at7.03
Set parameter Username
Set parameter Threads to value 1
delay is 4205
reading lifetime from csv at7.03
link lifetime conversion finished at+7034600000.00ns
updating flows - path finding at7.03
Routing stable: Number of stable paths from source: 6to destination 9is 0 at timestamp 7.03
Routing stable: Number of stable paths from source: 7to destination 10is 2 at timestamp 7.03
Routing stable: Number of stable paths from source: 8to destination 11is 1 at timestamp 7.03
Routing stable: Number of stable paths from source: 9to destination 12is 1 at timestamp 7.03
Routing stable: Number of stable paths from source: 10to destination 13is 1 at timestamp 7.03
Routing stable: Number of stable paths from source: 11to destination 14is 2 at timestamp 7.03
Routing stable: Number of stable paths from source: 12to destination 15is 1 at timestamp 7.03
Routing stable: Number of stable paths from source: 13to destination 6is 0 at timestamp 7.03
Routing stable: Number of stable paths from source: 14to destination 7is 2 at timestamp 7.03
Routing stable: Number of stable paths from source: 15to destination 8is 2 at timestamp 7.03
Routing stable: Number of stable paths from source: 6to destination 9is 0 at timestamp 7.03
Routing stable: Number of stable paths from source: 7to destination 10is 2 at timestamp 7.03
[FLOW3-DEBUG] filter_flows flow_id=0 paths=0 t=7.04
[FLOW3-DEBUG] filter_flows flow_id=1 paths=2 t=7.04
[FLOW3-DEBUG] filter_flows flow_id=2 paths=1 t=7.04
[FLOW3-DEBUG] filter_flows flow_id=3 paths=1 t=7.04
[FLOW3-DEBUG] filter_flows flow_id=4 paths=1 t=7.04
[FLOW3-DEBUG] filter_flows flow_id=5 paths=2 t=7.04
[FLOW3-DEBUG] filter_flows flow_id=6 paths=1 t=7.04
[FLOW3-DEBUG] filter_flows flow_id=7 paths=0 t=7.04
[FLOW3-DEBUG] filter_flows flow_id=8 paths=2 t=7.04
[FLOW3-DEBUG] filter_flows flow_id=9 paths=2 t=7.04
[FLOW3-DEBUG] filter_flows flow_id=10 paths=0 t=7.04
[FLOW3-DEBUG] filter_flows flow_id=11 paths=2 t=7.04
Number of connected flows 9at timestamp 7.04
DEBUG matrix values:
  [0][1] = 31622768.86
  [1][0] = 31622768.86
  [1][2] = 31622768.86
  [2][1] = 31622768.86
  [2][3] = 31622768.86
  [3][2] = 31622768.86
  [3][4] = 31622768.86
  [4][3] = 31622768.86
  [4][5] = 31622768.86
  [5][4] = 31622768.86
  [5][6] = 31622768.86
  [6][5] = 31622768.86
  [7][8] = 31622768.86
  [7][14] = 31622768.86
  [7][16] = 3.65
  [8][7] = 31622768.86
  [8][9] = 31622768.86
  [8][15] = 31622768.86
  [9][8] = 31622768.86
  [9][10] = 31622768.86
  [10][9] = 31622768.86
  [10][11] = 31622768.86
  [11][10] = 31622768.86
  [11][12] = 31622768.86
  [12][11] = 31622768.86
  [12][13] = 31622768.86
  [13][12] = 31622768.86
  [14][7] = 31622768.86
  [14][15] = 31622768.86
  [15][8] = 31622768.86
  [15][14] = 31622768.86
  [16][7] = 3.65
DEBUG threshold: 0.40
DEBUG max lifetime in matrix: 31622768.86
DEBUG matrix size: 17
Proposed RL started at 7.04
1
1
1
1
1
1
1
1
1
1
1
1
Proposed RL learning finished at 7.04
Transmitting delta values at7.04
CP-TS TAMPER (target flow=0): node=0 flow=0 t=7.04
CP-TS NO TAMPER (non-target flow): node=0 flow=1
CP-TS NO TAMPER (non-target flow): node=0 flow=2
CP-TS NO TAMPER (non-target flow): node=0 flow=3
CP-TS NO TAMPER (non-target flow): node=0 flow=4
CP-TS NO TAMPER (non-target flow): node=0 flow=5
CP-TS NO TAMPER (non-target flow): node=0 flow=6
CP-TS NO TAMPER (non-target flow): node=0 flow=7
CP-TS NO TAMPER (non-target flow): node=0 flow=8
CP-TS NO TAMPER (non-target flow): node=0 flow=9
CP-TS NO TAMPER (non-target flow): node=0 flow=10
CP-TS NO TAMPER (non-target flow): node=0 flow=11
CP-TS TAMPER (target flow=0): node=1 flow=0 t=7.04
CP-TS NO TAMPER (non-target flow): node=1 flow=1
CP-TS NO TAMPER (non-target flow): node=1 flow=2
CP-TS NO TAMPER (non-target flow): node=1 flow=3
CP-TS NO TAMPER (non-target flow): node=1 flow=4
CP-TS NO TAMPER (non-target flow): node=1 flow=5
CP-TS NO TAMPER (non-target flow): node=1 flow=6
CP-TS NO TAMPER (non-target flow): node=1 flow=7
CP-TS NO TAMPER (non-target flow): node=1 flow=8
CP-TS NO TAMPER (non-target flow): node=1 flow=9
CP-TS NO TAMPER (non-target flow): node=1 flow=10
CP-TS NO TAMPER (non-target flow): node=1 flow=11
CP-TS TAMPER (target flow=0): node=4 flow=0 t=7.04
CP-TS NO TAMPER (non-target flow): node=4 flow=1
CP-TS NO TAMPER (non-target flow): node=4 flow=2
CP-TS NO TAMPER (non-target flow): node=4 flow=3
CP-TS NO TAMPER (non-target flow): node=4 flow=4
CP-TS NO TAMPER (non-target flow): node=4 flow=5
CP-TS NO TAMPER (non-target flow): node=4 flow=6
CP-TS NO TAMPER (non-target flow): node=4 flow=7
CP-TS NO TAMPER (non-target flow): node=4 flow=8
CP-TS NO TAMPER (non-target flow): node=4 flow=9
CP-TS NO TAMPER (non-target flow): node=4 flow=10
CP-TS NO TAMPER (non-target flow): node=4 flow=11
CP-TS TAMPER (target flow=0): node=5 flow=0 t=7.04
CP-TS NO TAMPER (non-target flow): node=5 flow=1
CP-TS NO TAMPER (non-target flow): node=5 flow=2
CP-TS NO TAMPER (non-target flow): node=5 flow=3
CP-TS NO TAMPER (non-target flow): node=5 flow=4
CP-TS NO TAMPER (non-target flow): node=5 flow=5
CP-TS NO TAMPER (non-target flow): node=5 flow=6
CP-TS NO TAMPER (non-target flow): node=5 flow=7
CP-TS NO TAMPER (non-target flow): node=5 flow=8
CP-TS NO TAMPER (non-target flow): node=5 flow=9
CP-TS NO TAMPER (non-target flow): node=5 flow=10
CP-TS NO TAMPER (non-target flow): node=5 flow=11
CP-TS TAMPER (target flow=0): node=8 flow=0 t=7.04
CP-TS NO TAMPER (non-target flow): node=8 flow=1
CP-TS NO TAMPER (non-target flow): node=8 flow=2
CP-TS NO TAMPER (non-target flow): node=8 flow=3
CP-TS NO TAMPER (non-target flow): node=8 flow=4
CP-TS NO TAMPER (non-target flow): node=8 flow=5
CP-TS NO TAMPER (non-target flow): node=8 flow=6
CP-TS NO TAMPER (non-target flow): node=8 flow=7
CP-TS NO TAMPER (non-target flow): node=8 flow=8
CP-TS NO TAMPER (non-target flow): node=8 flow=9
CP-TS NO TAMPER (non-target flow): node=8 flow=10
CP-TS NO TAMPER (non-target flow): node=8 flow=11
CP-TS TAMPER (target flow=0): node=9 flow=0 t=7.04
CP-TS NO TAMPER (non-target flow): node=9 flow=1
CP-TS NO TAMPER (non-target flow): node=9 flow=2
CP-TS NO TAMPER (non-target flow): node=9 flow=3
CP-TS NO TAMPER (non-target flow): node=9 flow=4
CP-TS NO TAMPER (non-target flow): node=9 flow=5
CP-TS NO TAMPER (non-target flow): node=9 flow=6
CP-TS NO TAMPER (non-target flow): node=9 flow=7
CP-TS NO TAMPER (non-target flow): node=9 flow=8
CP-TS NO TAMPER (non-target flow): node=9 flow=9
CP-TS NO TAMPER (non-target flow): node=9 flow=10
CP-TS NO TAMPER (non-target flow): node=9 flow=11
CP-TS TAMPER (target flow=0): node=12 flow=0 t=7.04
CP-TS NO TAMPER (non-target flow): node=12 flow=1
CP-TS NO TAMPER (non-target flow): node=12 flow=2
CP-TS NO TAMPER (non-target flow): node=12 flow=3
CP-TS NO TAMPER (non-target flow): node=12 flow=4
CP-TS NO TAMPER (non-target flow): node=12 flow=5
CP-TS NO TAMPER (non-target flow): node=12 flow=6
CP-TS NO TAMPER (non-target flow): node=12 flow=7
CP-TS NO TAMPER (non-target flow): node=12 flow=8
CP-TS NO TAMPER (non-target flow): node=12 flow=9
CP-TS NO TAMPER (non-target flow): node=12 flow=10
CP-TS NO TAMPER (non-target flow): node=12 flow=11
CP-TS TAMPER (target flow=0): node=13 flow=0 t=7.04
CP-TS NO TAMPER (non-target flow): node=13 flow=1
CP-TS NO TAMPER (non-target flow): node=13 flow=2
CP-TS NO TAMPER (non-target flow): node=13 flow=3
CP-TS NO TAMPER (non-target flow): node=13 flow=4
CP-TS NO TAMPER (non-target flow): node=13 flow=5
CP-TS NO TAMPER (non-target flow): node=13 flow=6
CP-TS NO TAMPER (non-target flow): node=13 flow=7
CP-TS NO TAMPER (non-target flow): node=13 flow=8
CP-TS NO TAMPER (non-target flow): node=13 flow=9
CP-TS NO TAMPER (non-target flow): node=13 flow=10
CP-TS NO TAMPER (non-target flow): node=13 flow=11
Initialized flow counters at 7.10
[CQ1] flow=0 t=7.10 f_size=0 total_load=0.00 total_packets_this_cycle=0 data_transmission_period=1.00
flow id 0sub flow load is 0.00 next hop 0packets 0
flow id 0sub flow load is 0.00 next hop 1packets 0
flow id 0sub flow load is 0.00 next hop 2packets 0
flow id 0sub flow load is 0.00 next hop 3packets 0
flow id 0sub flow load is 0.00 next hop 4packets 0
flow id 0sub flow load is 0.00 next hop 5packets 0
flow id 0sub flow load is 0.00 next hop 6packets 0
flow id 0sub flow load is 0.00 next hop 7packets 0
flow id 0sub flow load is 0.00 next hop 8packets 0
flow id 0sub flow load is 0.00 next hop 9packets 0
flow id 0sub flow load is 0.00 next hop 10packets 0
flow id 0sub flow load is 0.00 next hop 11packets 0
flow id 0sub flow load is 0.00 next hop 12packets 0
flow id 0sub flow load is 0.00 next hop 13packets 0
flow id 0sub flow load is 0.00 next hop 14packets 0
flow id 0sub flow load is 0.00 next hop 15packets 0
flow id 0sub flow load is 0.00 next hop 16packets 0
Flow id 0 scheduled 0total packets from 6
[CQ1] flow=1 t=7.10 f_size=1 total_load=1.00 total_packets_this_cycle=1 data_transmission_period=1.00
flow id 1sub flow load is 0.00 next hop 0packets 0
flow id 1sub flow load is 0.00 next hop 1packets 0
flow id 1sub flow load is 0.00 next hop 2packets 0
flow id 1sub flow load is 0.00 next hop 3packets 0
flow id 1sub flow load is 0.00 next hop 4packets 0
flow id 1sub flow load is 0.00 next hop 5packets 0
flow id 1sub flow load is 0.00 next hop 6packets 0
flow id 1sub flow load is 0.00 next hop 7packets 0
flow id 1sub flow load is 0.00 next hop 9packets 0
flow id 1sub flow load is 0.00 next hop 10packets 0
flow id 1sub flow load is 0.00 next hop 11packets 0
flow id 1sub flow load is 0.00 next hop 12packets 0
flow id 1sub flow load is 0.00 next hop 13packets 0
flow id 1sub flow load is 0.00 next hop 15packets 0
flow id 1sub flow load is 0.00 next hop 16packets 0
flow id 1sub flow load is 0.48 next hop 14packets 0
flow id 1sub flow load is 0.52 next hop 8packets 1
scheduled in channel 2
scheduled in channel 1
Flow id 1 scheduled 1total packets from 7
[CQ1] flow=2 t=7.10 f_size=0 total_load=0.00 total_packets_this_cycle=0 data_transmission_period=1.00
flow id 2sub flow load is 0.00 next hop 0packets 0
flow id 2sub flow load is 0.00 next hop 1packets 0
flow id 2sub flow load is 0.00 next hop 2packets 0
flow id 2sub flow load is 0.00 next hop 3packets 0
flow id 2sub flow load is 0.00 next hop 4packets 0
flow id 2sub flow load is 0.00 next hop 5packets 0
flow id 2sub flow load is 0.00 next hop 6packets 0
flow id 2sub flow load is 0.00 next hop 7packets 0
flow id 2sub flow load is 0.00 next hop 8packets 0
flow id 2sub flow load is 0.00 next hop 9packets 0
flow id 2sub flow load is 0.00 next hop 10packets 0
flow id 2sub flow load is 0.00 next hop 11packets 0
flow id 2sub flow load is 0.00 next hop 12packets 0
flow id 2sub flow load is 0.00 next hop 13packets 0
flow id 2sub flow load is 0.00 next hop 14packets 0
flow id 2sub flow load is 0.00 next hop 15packets 0
flow id 2sub flow load is 0.00 next hop 16packets 0
Flow id 2 scheduled 0total packets from 8
[CQ1] flow=3 t=7.10 f_size=1 total_load=1.00 total_packets_this_cycle=1 data_transmission_period=1.00
flow id 3sub flow load is 0.00 next hop 0packets 0
flow id 3sub flow load is 0.00 next hop 1packets 0
flow id 3sub flow load is 0.00 next hop 2packets 0
flow id 3sub flow load is 0.00 next hop 3packets 0
flow id 3sub flow load is 0.00 next hop 4packets 0
flow id 3sub flow load is 0.00 next hop 5packets 0
flow id 3sub flow load is 0.00 next hop 6packets 0
flow id 3sub flow load is 0.00 next hop 7packets 0
flow id 3sub flow load is 0.00 next hop 8packets 0
flow id 3sub flow load is 0.00 next hop 9packets 0
flow id 3sub flow load is 0.00 next hop 11packets 0
flow id 3sub flow load is 0.00 next hop 12packets 0
flow id 3sub flow load is 0.00 next hop 13packets 0
flow id 3sub flow load is 0.00 next hop 14packets 0
flow id 3sub flow load is 0.00 next hop 15packets 0
flow id 3sub flow load is 0.00 next hop 16packets 0
flow id 3sub flow load is 1.00 next hop 10packets 1
scheduled in channel 1
Flow id 3 scheduled 1total packets from 9
[CQ1] flow=4 t=7.10 f_size=1 total_load=1.00 total_packets_this_cycle=1 data_transmission_period=1.00
flow id 4sub flow load is 0.00 next hop 0packets 0
flow id 4sub flow load is 0.00 next hop 1packets 0
flow id 4sub flow load is 0.00 next hop 2packets 0
flow id 4sub flow load is 0.00 next hop 3packets 0
flow id 4sub flow load is 0.00 next hop 4packets 0
flow id 4sub flow load is 0.00 next hop 5packets 0
flow id 4sub flow load is 0.00 next hop 6packets 0
flow id 4sub flow load is 0.00 next hop 7packets 0
flow id 4sub flow load is 0.00 next hop 8packets 0
flow id 4sub flow load is 0.00 next hop 9packets 0
flow id 4sub flow load is 0.00 next hop 10packets 0
flow id 4sub flow load is 0.00 next hop 12packets 0
flow id 4sub flow load is 0.00 next hop 13packets 0
flow id 4sub flow load is 0.00 next hop 14packets 0
flow id 4sub flow load is 0.00 next hop 15packets 0
flow id 4sub flow load is 0.00 next hop 16packets 0
flow id 4sub flow load is 1.00 next hop 11packets 1
scheduled in channel 1
Flow id 4 scheduled 1total packets from 10
[CQ1] flow=5 t=7.10 f_size=0 total_load=0.00 total_packets_this_cycle=0 data_transmission_period=1.00
flow id 5sub flow load is 0.00 next hop 0packets 0
flow id 5sub flow load is 0.00 next hop 1packets 0
flow id 5sub flow load is 0.00 next hop 2packets 0
flow id 5sub flow load is 0.00 next hop 3packets 0
flow id 5sub flow load is 0.00 next hop 4packets 0
flow id 5sub flow load is 0.00 next hop 5packets 0
flow id 5sub flow load is 0.00 next hop 6packets 0
flow id 5sub flow load is 0.00 next hop 7packets 0
flow id 5sub flow load is 0.00 next hop 8packets 0
flow id 5sub flow load is 0.00 next hop 9packets 0
flow id 5sub flow load is 0.00 next hop 10packets 0
flow id 5sub flow load is 0.00 next hop 11packets 0
flow id 5sub flow load is 0.00 next hop 12packets 0
flow id 5sub flow load is 0.00 next hop 13packets 0
flow id 5sub flow load is 0.00 next hop 14packets 0
flow id 5sub flow load is 0.00 next hop 15packets 0
flow id 5sub flow load is 0.00 next hop 16packets 0
Flow id 5 scheduled 0total packets from 11
[CQ1] flow=6 t=7.10 f_size=1 total_load=1.00 total_packets_this_cycle=1 data_transmission_period=1.00
flow id 6sub flow load is 0.00 next hop 0packets 0
flow id 6sub flow load is 0.00 next hop 1packets 0
flow id 6sub flow load is 0.00 next hop 2packets 0
flow id 6sub flow load is 0.00 next hop 3packets 0
flow id 6sub flow load is 0.00 next hop 4packets 0
flow id 6sub flow load is 0.00 next hop 5packets 0
flow id 6sub flow load is 0.00 next hop 6packets 0
flow id 6sub flow load is 0.00 next hop 7packets 0
flow id 6sub flow load is 0.00 next hop 8packets 0
flow id 6sub flow load is 0.00 next hop 9packets 0
flow id 6sub flow load is 0.00 next hop 10packets 0
flow id 6sub flow load is 0.00 next hop 12packets 0
flow id 6sub flow load is 0.00 next hop 13packets 0
flow id 6sub flow load is 0.00 next hop 14packets 0
flow id 6sub flow load is 0.00 next hop 15packets 0
flow id 6sub flow load is 0.00 next hop 16packets 0
flow id 6sub flow load is 1.00 next hop 11packets 1
scheduled in channel 1
Flow id 6 scheduled 1total packets from 12
[CQ1] flow=7 t=7.10 f_size=0 total_load=0.00 total_packets_this_cycle=0 data_transmission_period=1.00
flow id 7sub flow load is 0.00 next hop 0packets 0
flow id 7sub flow load is 0.00 next hop 1packets 0
flow id 7sub flow load is 0.00 next hop 2packets 0
flow id 7sub flow load is 0.00 next hop 3packets 0
flow id 7sub flow load is 0.00 next hop 4packets 0
flow id 7sub flow load is 0.00 next hop 5packets 0
flow id 7sub flow load is 0.00 next hop 6packets 0
flow id 7sub flow load is 0.00 next hop 7packets 0
flow id 7sub flow load is 0.00 next hop 8packets 0
flow id 7sub flow load is 0.00 next hop 9packets 0
flow id 7sub flow load is 0.00 next hop 10packets 0
flow id 7sub flow load is 0.00 next hop 11packets 0
flow id 7sub flow load is 0.00 next hop 12packets 0
flow id 7sub flow load is 0.00 next hop 13packets 0
flow id 7sub flow load is 0.00 next hop 14packets 0
flow id 7sub flow load is 0.00 next hop 15packets 0
flow id 7sub flow load is 0.00 next hop 16packets 0
Flow id 7 scheduled 0total packets from 13
[CQ1] flow=8 t=7.10 f_size=3 total_load=1.00 total_packets_this_cycle=3 data_transmission_period=1.00
flow id 8sub flow load is 0.00 next hop 0packets 0
flow id 8sub flow load is 0.00 next hop 1packets 0
flow id 8sub flow load is 0.00 next hop 2packets 0
flow id 8sub flow load is 0.00 next hop 3packets 0
flow id 8sub flow load is 0.00 next hop 4packets 0
flow id 8sub flow load is 0.00 next hop 5packets 0
flow id 8sub flow load is 0.00 next hop 6packets 0
flow id 8sub flow load is 0.00 next hop 7packets 0
flow id 8sub flow load is 0.00 next hop 8packets 0
flow id 8sub flow load is 0.00 next hop 9packets 0
flow id 8sub flow load is 0.00 next hop 10packets 0
flow id 8sub flow load is 0.00 next hop 11packets 0
flow id 8sub flow load is 0.00 next hop 12packets 0
flow id 8sub flow load is 0.00 next hop 13packets 0
flow id 8sub flow load is 0.00 next hop 14packets 0
flow id 8sub flow load is 0.00 next hop 16packets 0
flow id 8sub flow load is 1.00 next hop 15packets 3
scheduled in channel 1
Flow id 8 scheduled 3total packets from 14
[CQ1] flow=9 t=7.10 f_size=2 total_load=1.00 total_packets_this_cycle=2 data_transmission_period=1.00
flow id 9sub flow load is 0.00 next hop 0packets 0
flow id 9sub flow load is 0.00 next hop 1packets 0
flow id 9sub flow load is 0.00 next hop 2packets 0
flow id 9sub flow load is 0.00 next hop 3packets 0
flow id 9sub flow load is 0.00 next hop 4packets 0
flow id 9sub flow load is 0.00 next hop 5packets 0
flow id 9sub flow load is 0.00 next hop 6packets 0
flow id 9sub flow load is 0.00 next hop 7packets 0
flow id 9sub flow load is 0.00 next hop 8packets 0
flow id 9sub flow load is 0.00 next hop 9packets 0
flow id 9sub flow load is 0.00 next hop 10packets 0
flow id 9sub flow load is 0.00 next hop 11packets 0
flow id 9sub flow load is 0.00 next hop 12packets 0
flow id 9sub flow load is 0.00 next hop 13packets 0
flow id 9sub flow load is 0.00 next hop 15packets 0
flow id 9sub flow load is 0.00 next hop 16packets 0
flow id 9sub flow load is 1.00 next hop 14packets 2
scheduled in channel 1
Flow id 9 scheduled 2total packets from 15
[CQ1] flow=10 t=7.10 f_size=0 total_load=0.00 total_packets_this_cycle=0 data_transmission_period=1.00
flow id 10sub flow load is 0.00 next hop 0packets 0
flow id 10sub flow load is 0.00 next hop 1packets 0
flow id 10sub flow load is 0.00 next hop 2packets 0
flow id 10sub flow load is 0.00 next hop 3packets 0
flow id 10sub flow load is 0.00 next hop 4packets 0
flow id 10sub flow load is 0.00 next hop 5packets 0
flow id 10sub flow load is 0.00 next hop 6packets 0
flow id 10sub flow load is 0.00 next hop 7packets 0
flow id 10sub flow load is 0.00 next hop 8packets 0
flow id 10sub flow load is 0.00 next hop 9packets 0
flow id 10sub flow load is 0.00 next hop 10packets 0
flow id 10sub flow load is 0.00 next hop 11packets 0
flow id 10sub flow load is 0.00 next hop 12packets 0
flow id 10sub flow load is 0.00 next hop 13packets 0
flow id 10sub flow load is 0.00 next hop 14packets 0
flow id 10sub flow load is 0.00 next hop 15packets 0
flow id 10sub flow load is 0.00 next hop 16packets 0
Flow id 10 scheduled 0total packets from 6
[CQ1] flow=11 t=7.10 f_size=3 total_load=1.00 total_packets_this_cycle=3 data_transmission_period=1.00
flow id 11sub flow load is 0.00 next hop 0packets 0
flow id 11sub flow load is 0.00 next hop 1packets 0
flow id 11sub flow load is 0.00 next hop 2packets 0
flow id 11sub flow load is 0.00 next hop 3packets 0
flow id 11sub flow load is 0.00 next hop 4packets 0
flow id 11sub flow load is 0.00 next hop 5packets 0
flow id 11sub flow load is 0.00 next hop 6packets 0
flow id 11sub flow load is 0.00 next hop 7packets 0
flow id 11sub flow load is 0.00 next hop 9packets 0
flow id 11sub flow load is 0.00 next hop 10packets 0
flow id 11sub flow load is 0.00 next hop 11packets 0
flow id 11sub flow load is 0.00 next hop 12packets 0
flow id 11sub flow load is 0.00 next hop 13packets 0
flow id 11sub flow load is 0.00 next hop 15packets 0
flow id 11sub flow load is 0.00 next hop 16packets 0
flow id 11sub flow load is 0.48 next hop 14packets 1
flow id 11sub flow load is 0.52 next hop 8packets 2
scheduled in channel 2
scheduled in channel 1
Flow id 11 scheduled 3total packets from 7
DP-FR DROP: node=7 flow=1 t=7.23
ATTACK PLACE 1: packet DROPPED node=7 flow=1 packetID=1 t=7.23
DP-FR FORWARD: node=7 flow=1 t=7.23
ATTACK PLACE 1: packet FORWARDED node=7 flow=1 packetID=1 t=7.23
DP-FR FORWARD: node=8 flow=1 t=7.23
ATTACK PLACE 2: retransmit FORWARDED node=8 flow=1 packetID=1 t=7.23
DP-FR FORWARD: node=9 flow=1 t=7.24
ATTACK PLACE 2: retransmit FORWARDED node=9 flow=1 packetID=1 t=7.24
Flow ID 1received  Packet ID: 1Totally received 1packets at destination 10 at 7.24
DP-FR DROP: node=9 flow=3 t=7.49
ATTACK PLACE 1: packet DROPPED node=9 flow=3 packetID=1 t=7.49
DP-FR FORWARD: node=9 flow=3 t=7.49
ATTACK PLACE 1: packet FORWARDED node=9 flow=3 packetID=1 t=7.49
DP-FR FORWARD: node=10 flow=3 t=7.49
ATTACK PLACE 2: retransmit FORWARDED node=10 flow=3 packetID=1 t=7.49
DP-FR FORWARD: node=11 flow=3 t=7.49
ATTACK PLACE 2: retransmit FORWARDED node=11 flow=3 packetID=1 t=7.49
Flow ID 3received  Packet ID: 1Totally received 1packets at destination 12 at 7.49
DP-FR DROP: node=7 flow=11 t=7.51
ATTACK PLACE 1: packet DROPPED node=7 flow=11 packetID=1 t=7.51
DP-FR FORWARD: node=7 flow=11 t=7.52
ATTACK PLACE 1: packet FORWARDED node=7 flow=11 packetID=1 t=7.52
ATTACK PLACE 2: retransmit FORWARDED node=14 flow=11 packetID=1 t=7.52
ATTACK PLACE 2: retransmit FORWARDED node=15 flow=11 packetID=1 t=7.52
DP-FR DROP: node=8 flow=11 t=7.52
ATTACK PLACE 2: retransmit DROPPED node=8 flow=11 packetID=1 t=7.52
DP-FR DROP: node=7 flow=11 t=7.54
ATTACK PLACE 1: packet DROPPED node=7 flow=11 packetID=2 t=7.54
DP-FR FORWARD: node=7 flow=11 t=7.54
ATTACK PLACE 1: packet FORWARDED node=7 flow=11 packetID=2 t=7.54
DP-FR DROP: node=8 flow=11 t=7.54
ATTACK PLACE 2: retransmit DROPPED node=8 flow=11 packetID=2 t=7.54
DP-FR DROP: node=7 flow=11 t=7.58
ATTACK PLACE 1: packet DROPPED node=7 flow=11 packetID=3 t=7.58
DP-FR DROP: node=7 flow=11 t=7.58
ATTACK PLACE 1: packet DROPPED node=7 flow=11 packetID=3 t=7.58
DP-FR DROP: node=7 flow=11 t=7.59
ATTACK PLACE 1: packet DROPPED node=7 flow=11 packetID=3 t=7.59
DP-FR DROP: node=7 flow=11 t=7.59
ATTACK PLACE 1: packet DROPPED node=7 flow=11 packetID=3 t=7.59
Intial transmission packet dropped for flow id 11packet ID: 3
DP-FR FORWARD: node=10 flow=4 t=7.61
ATTACK PLACE 1: packet FORWARDED node=10 flow=4 packetID=1 t=7.61
DP-FR DROP: node=11 flow=4 t=7.62
ATTACK PLACE 2: retransmit DROPPED node=11 flow=4 packetID=1 t=7.62
ATTACK PLACE 1: packet FORWARDED node=12 flow=6 packetID=1 t=7.87
DP-FR FORWARD: node=11 flow=6 t=7.87
ATTACK PLACE 2: retransmit FORWARDED node=11 flow=6 packetID=1 t=7.87
DP-FR DROP: node=10 flow=6 t=7.88
ATTACK PLACE 2: retransmit DROPPED node=10 flow=6 packetID=1 t=7.88
[PDQ4] t=8.00 flow0_source=6 flow0_dest=9 direct_source_to_dest_lifetime=0.00 | source's_live_neighbor_lifetimes: 5(ll=3.16228e+07) 
average_latency 2.75 ms
[LW-CP-Det] Controller 0 SUSPECTED — S4:1 S5:1 S6:1
[SHIELD-GH][CP] Controller 0 grey-hole flow rule detected | S4=1 S5=1 S6=1 | Tc=0.00 | truth=MALICIOUS | t=8.00
[LW-CP-Det] Controller 1 SUSPECTED — S4:1 S5:1 S6:1
[SHIELD-GH][CP] Controller 1 grey-hole flow rule detected | S4=1 S5=1 S6=1 | Tc=0.00 | truth=MALICIOUS | t=8.00
[DX3-rcv0fallback] node=6 window=6 t=8.00 flagged=0
[MATD-DEBUG] node=7 maxspeed_kmh=90 speed_mps=25.00 t=8.00
[DQ5] node=7 window=6 t=8.00 R_i=0.48
[LW-DP-Det] Node 7 t=8.00 tau_f_eff=0.75 SUSPECTED — S1:1 S2:1 S3:0 corrPDR=0.42 variance=0.08
[DQ3] node=7 t=8.00 S_total=1.00 R_i=0.48 score=0.81 y_hat=1
[RQ1] node=7 t=8.00 y_hat=1
[RQ3] node=7 t=8.00 enable_matd=0 obs_pdr=0.30 corr_pdr=0.30
[NQ1/NQ2] node=7 t=8.00 rcv=10 response=REQUIRE_ZKP should_isolate=0 isolated=0
[NQ7/NQ12] node=7 t=8.00 lambda=7 lambda1=2 lambda2=5 Ri_decayed=0.48 statistical_gate=1 zkp_gate_enabled=1 zkp_cached=1 zkp_proof=PASS
[ZQ2/ZQ3] node=7 t=8.00 zkp_cum_received=45 zkp_cum_forwarded=19
[MATD-DEBUG] node=8 maxspeed_kmh=90 speed_mps=25.00 t=8.00
[DQ5] node=8 window=6 t=8.00 R_i=0.37
[LW-DP-Det] Node 8 t=8.00 tau_f_eff=0.75 SUSPECTED — S1:1 S2:0 S3:0 corrPDR=0.31 variance=0.04
[DQ3] node=8 t=8.00 S_total=1.00 R_i=0.37 score=0.85 y_hat=1
[RQ1] node=8 t=8.00 y_hat=1
[RQ3] node=8 t=8.00 enable_matd=0 obs_pdr=0.33 corr_pdr=0.33
[NQ1/NQ2] node=8 t=8.00 rcv=3 response=REQUIRE_ZKP should_isolate=0 isolated=0
[NQ7/NQ12] node=8 t=8.00 lambda=7 lambda1=2 lambda2=5 Ri_decayed=0.37 statistical_gate=1 zkp_gate_enabled=1 zkp_cached=1 zkp_proof=PASS
[ZQ2/ZQ3] node=8 t=8.00 zkp_cum_received=36 zkp_cum_forwarded=11
[MATD-DEBUG] node=9 maxspeed_kmh=90 speed_mps=25.00 t=8.00
[DQ5] node=9 window=6 t=8.00 R_i=0.35
[LW-DP-Det] Node 9 t=8.00 tau_f_eff=0.75 SUSPECTED — S1:1 S2:0 S3:0 corrPDR=0.24 variance=0.05
[DQ3] node=9 t=8.00 S_total=1.00 R_i=0.35 score=0.86 y_hat=1
[RQ1] node=9 t=8.00 y_hat=1
[RQ3] node=9 t=8.00 enable_matd=0 obs_pdr=0.67 corr_pdr=0.67
[NQ1/NQ2] node=9 t=8.00 rcv=3 response=REQUIRE_ZKP should_isolate=0 isolated=0
[NQ7/NQ12] node=9 t=8.00 lambda=7 lambda1=2 lambda2=5 Ri_decayed=0.35 statistical_gate=1 zkp_gate_enabled=1 zkp_cached=1 zkp_proof=PASS
[ZQ2/ZQ3] node=9 t=8.00 zkp_cum_received=37 zkp_cum_forwarded=9
[MATD-DEBUG] node=10 maxspeed_kmh=90 speed_mps=25.00 t=8.00
[DQ5] node=10 window=6 t=8.00 R_i=0.46
[LW-DP-Det] Node 10 t=8.00 tau_f_eff=0.75 SUSPECTED — S1:1 S2:0 S3:0 corrPDR=0.36 variance=0.09
[DQ3] node=10 t=8.00 S_total=1.00 R_i=0.46 score=0.81 y_hat=1
[RQ1] node=10 t=8.00 y_hat=1
[RQ3] node=10 t=8.00 enable_matd=0 obs_pdr=0.67 corr_pdr=0.67
[NQ1/NQ2] node=10 t=8.00 rcv=3 response=REQUIRE_ZKP should_isolate=0 isolated=0
[NQ7/NQ12] node=10 t=8.00 lambda=7 lambda1=2 lambda2=5 Ri_decayed=0.46 statistical_gate=1 zkp_gate_enabled=1 zkp_cached=1 zkp_proof=PASS
[ZQ2/ZQ3] node=10 t=8.00 zkp_cum_received=50 zkp_cum_forwarded=18
[NQ2-rcv] node=11 t=8.00 rcv=3
[MATD-DEBUG] node=11 maxspeed_kmh=90 speed_mps=25.00 t=8.00
[DQ5] node=11 window=6 t=8.00 R_i=0.41
[LW-DP-Det] Node 11 t=8.00 tau_f_eff=0.75 SUSPECTED — S1:1 S2:0 S3:0 corrPDR=0.40 variance=0.07
[DQ3] node=11 t=8.00 S_total=1.00 R_i=0.41 score=0.84 y_hat=1
[RQ1] node=11 t=8.00 y_hat=1
[RQ3] node=11 t=8.00 enable_matd=0 obs_pdr=0.67 corr_pdr=0.67
[NQ1/NQ2] node=11 t=8.00 rcv=3 response=REQUIRE_ZKP should_isolate=0 isolated=0
[NQ7/NQ12] node=11 t=8.00 lambda=7 lambda1=2 lambda2=5 Ri_decayed=0.41 statistical_gate=1 zkp_gate_enabled=1 zkp_cached=1 zkp_proof=PASS
[ZQ2/ZQ3] node=11 t=8.00 zkp_cum_received=45 zkp_cum_forwarded=18
[MATD-DEBUG] node=12 maxspeed_kmh=90 speed_mps=25.00 t=8.00
[NQ5] node=12 t=8.00 rcv=1 obs_pdr=1.00 corr_pdr=1.00
[DX2] node=12 t=8.00 S_total=0.00 R_i=0.77 score=0.09 y_hat=0
[RQ1] node=12 t=8.00 y_hat=0
[RQ3] node=12 t=8.00 enable_matd=0 obs_pdr=1.00 corr_pdr=1.00
[MATD-DEBUG] node=14 maxspeed_kmh=90 speed_mps=25.00 t=8.00
[NQ5] node=14 t=8.00 rcv=1 obs_pdr=1.00 corr_pdr=1.00
[DX2] node=14 t=8.00 S_total=0.00 R_i=0.78 score=0.09 y_hat=0
[RQ1] node=14 t=8.00 y_hat=0
[RQ3] node=14 t=8.00 enable_matd=0 obs_pdr=1.00 corr_pdr=1.00
[MATD-DEBUG] node=15 maxspeed_kmh=90 speed_mps=25.00 t=8.00
[NQ5] node=15 t=8.00 rcv=1 obs_pdr=1.00 corr_pdr=1.00
[DX2] node=15 t=8.00 S_total=0.00 R_i=0.76 score=0.10 y_hat=0
[RQ1] node=15 t=8.00 y_hat=0
[RQ3] node=15 t=8.00 enable_matd=0 obs_pdr=1.00 corr_pdr=1.00
=== SHIELD-GH DETECTION METRICS (node-level) ===
  Node TP=5 TN=10 FP=0 FN=1
  M1a Detection Accuracy: 93.75%
  M1b MCC: 0.87
  M2  False Positive Rate: 0.00%
================================================
average packet delivery ratio is 8.88
average jitter is 33.63
average load balance is 96.47
TP=2.00 TN=0.00 FP=10.00 FN=0.00
M1a Detection Accuracy: 16.67%
M1b MCC: 0.00
M2 False Positive Rate: 100.00%
M4a Detection Latency: 0.00 ms
M4b Mitigation Response Time: 0.00 ms
=== Per Node PDR ===
Node 0 | LocalPDR=0.00% (Fwd=0/Rcv=0) | E2E_PDR=0.00% (0/0) | RelayPDR=16.67% (Fwd=2/Rcv=12)
Node 1 | LocalPDR=0.00% (Fwd=0/Rcv=0) | E2E_PDR=0.00% (0/0) | RelayPDR=16.67% (Fwd=2/Rcv=12)
Node 2 | LocalPDR=0.00% (Fwd=0/Rcv=0) | E2E_PDR=0.00% (0/0) | RelayPDR=16.67% (Fwd=2/Rcv=12)
Node 3 | LocalPDR=0.00% (Fwd=0/Rcv=0) | E2E_PDR=0.00% (0/0) | RelayPDR=16.67% (Fwd=2/Rcv=12)
Node 4 | LocalPDR=0.00% (Fwd=0/Rcv=0) | E2E_PDR=0.00% (0/0) | RelayPDR=16.67% (Fwd=2/Rcv=12)
Node 5 | LocalPDR=0.00% (Fwd=0/Rcv=0) | E2E_PDR=0.00% (0/0) | RelayPDR=16.67% (Fwd=2/Rcv=12)
Node 6 | LocalPDR=0.00% (Fwd=0/Rcv=0) | E2E_PDR=0.00% (0/0) | RelayPDR=16.67% (Fwd=2/Rcv=12) [DP-ATTACKER] [CP-ATTACKER]
Node 7 | LocalPDR=30.00% (Fwd=3/Rcv=10) | E2E_PDR=25.00% (1/4) | RelayPDR=20.00% (Fwd=1/Rcv=5) [DP-ATTACKER] [CP-ATTACKER]
Node 8 | LocalPDR=33.33% (Fwd=1/Rcv=3) | E2E_PDR=0.00% (0/0) | RelayPDR=20.00% (Fwd=2/Rcv=10) [DP-ATTACKER] [CP-ATTACKER]
Node 9 | LocalPDR=66.67% (Fwd=2/Rcv=3) | E2E_PDR=100.00% (1/1) | RelayPDR=9.09% (Fwd=1/Rcv=11) [DP-ATTACKER]
Node 10 | LocalPDR=66.67% (Fwd=2/Rcv=3) | E2E_PDR=0.00% (0/1) | RelayPDR=14.29% (Fwd=1/Rcv=7) [DP-ATTACKER] [CP-ATTACKER]
Node 11 | LocalPDR=66.67% (Fwd=2/Rcv=3) | E2E_PDR=0.00% (0/0) | RelayPDR=16.67% (Fwd=2/Rcv=12) [DP-ATTACKER] [CP-ATTACKER]
Node 12 | LocalPDR=100.00% (Fwd=1/Rcv=1) | E2E_PDR=0.00% (0/1) | RelayPDR=10.00% (Fwd=1/Rcv=10) [CP-ATTACKER]
Node 13 | LocalPDR=0.00% (Fwd=0/Rcv=0) | E2E_PDR=0.00% (0/0) | RelayPDR=18.18% (Fwd=2/Rcv=11)
Node 14 | LocalPDR=100.00% (Fwd=1/Rcv=1) | E2E_PDR=0.00% (0/3) | RelayPDR=22.22% (Fwd=2/Rcv=9) [CP-ATTACKER]
Node 15 | LocalPDR=100.00% (Fwd=1/Rcv=1) | E2E_PDR=0.00% (0/2) | RelayPDR=22.22% (Fwd=2/Rcv=9) [CP-ATTACKER]
Node 16 | LocalPDR=0.00% (Fwd=0/Rcv=0) | E2E_PDR=0.00% (0/0) | RelayPDR=0.00% (Fwd=0/Rcv=0)
Node 17 | LocalPDR=0.00% (Fwd=0/Rcv=0) | E2E_PDR=0.00% (0/0) | RelayPDR=0.00% (Fwd=0/Rcv=0)
Node 18 | LocalPDR=0.00% (Fwd=0/Rcv=0) | E2E_PDR=0.00% (0/0) | RelayPDR=0.00% (Fwd=0/Rcv=0)
Node 19 | LocalPDR=0.00% (Fwd=0/Rcv=0) | E2E_PDR=0.00% (0/0) | RelayPDR=0.00% (Fwd=0/Rcv=0)
Node 20 | LocalPDR=0.00% (Fwd=0/Rcv=0) | E2E_PDR=0.00% (0/0) | RelayPDR=0.00% (Fwd=0/Rcv=0)
Node 21 | LocalPDR=0.00% (Fwd=0/Rcv=0) | E2E_PDR=0.00% (0/0) | RelayPDR=0.00% (Fwd=0/Rcv=0)
Node 22 | LocalPDR=0.00% (Fwd=0/Rcv=0) | E2E_PDR=0.00% (0/0) | RelayPDR=0.00% (Fwd=0/Rcv=0)
Node 23 | LocalPDR=0.00% (Fwd=0/Rcv=0) | E2E_PDR=0.00% (0/0) | RelayPDR=0.00% (Fwd=0/Rcv=0)
Node 24 | LocalPDR=0.00% (Fwd=0/Rcv=0) | E2E_PDR=0.00% (0/0) | RelayPDR=0.00% (Fwd=0/Rcv=0)
Node 25 | LocalPDR=0.00% (Fwd=0/Rcv=0) | E2E_PDR=0.00% (0/0) | RelayPDR=0.00% (Fwd=0/Rcv=0)
Node 26 | LocalPDR=0.00% (Fwd=0/Rcv=0) | E2E_PDR=0.00% (0/0) | RelayPDR=0.00% (Fwd=0/Rcv=0)
Node 27 | LocalPDR=0.00% (Fwd=0/Rcv=0) | E2E_PDR=0.00% (0/0) | RelayPDR=0.00% (Fwd=0/Rcv=0)
Node 28 | LocalPDR=0.00% (Fwd=0/Rcv=0) | E2E_PDR=0.00% (0/0) | RelayPDR=0.00% (Fwd=0/Rcv=0)
Node 29 | LocalPDR=0.00% (Fwd=0/Rcv=0) | E2E_PDR=0.00% (0/0) | RelayPDR=0.00% (Fwd=0/Rcv=0)
Node 30 | LocalPDR=0.00% (Fwd=0/Rcv=0) | E2E_PDR=0.00% (0/0) | RelayPDR=0.00% (Fwd=0/Rcv=0)
Node 31 | LocalPDR=0.00% (Fwd=0/Rcv=0) | E2E_PDR=0.00% (0/0) | RelayPDR=0.00% (Fwd=0/Rcv=0)
Node 32 | LocalPDR=0.00% (Fwd=0/Rcv=0) | E2E_PDR=0.00% (0/0) | RelayPDR=0.00% (Fwd=0/Rcv=0)
Node 33 | LocalPDR=0.00% (Fwd=0/Rcv=0) | E2E_PDR=0.00% (0/0) | RelayPDR=0.00% (Fwd=0/Rcv=0)
Node 34 | LocalPDR=0.00% (Fwd=0/Rcv=0) | E2E_PDR=0.00% (0/0) | RelayPDR=0.00% (Fwd=0/Rcv=0)
Node 35 | LocalPDR=0.00% (Fwd=0/Rcv=0) | E2E_PDR=0.00% (0/0) | RelayPDR=0.00% (Fwd=0/Rcv=0)
Node 36 | LocalPDR=0.00% (Fwd=0/Rcv=0) | E2E_PDR=0.00% (0/0) | RelayPDR=0.00% (Fwd=0/Rcv=0)
Node 37 | LocalPDR=0.00% (Fwd=0/Rcv=0) | E2E_PDR=0.00% (0/0) | RelayPDR=0.00% (Fwd=0/Rcv=0)
Node 38 | LocalPDR=0.00% (Fwd=0/Rcv=0) | E2E_PDR=0.00% (0/0) | RelayPDR=0.00% (Fwd=0/Rcv=0)
Node 39 | LocalPDR=0.00% (Fwd=0/Rcv=0) | E2E_PDR=0.00% (0/0) | RelayPDR=0.00% (Fwd=0/Rcv=0)
Node 40 | LocalPDR=0.00% (Fwd=0/Rcv=0) | E2E_PDR=0.00% (0/0) | RelayPDR=0.00% (Fwd=0/Rcv=0)
Node 41 | LocalPDR=0.00% (Fwd=0/Rcv=0) | E2E_PDR=0.00% (0/0) | RelayPDR=0.00% (Fwd=0/Rcv=0)
Node 42 | LocalPDR=0.00% (Fwd=0/Rcv=0) | E2E_PDR=0.00% (0/0) | RelayPDR=0.00% (Fwd=0/Rcv=0)
Node 43 | LocalPDR=0.00% (Fwd=0/Rcv=0) | E2E_PDR=0.00% (0/0) | RelayPDR=0.00% (Fwd=0/Rcv=0)
Node 44 | LocalPDR=0.00% (Fwd=0/Rcv=0) | E2E_PDR=0.00% (0/0) | RelayPDR=0.00% (Fwd=0/Rcv=0)
Node 45 | LocalPDR=0.00% (Fwd=0/Rcv=0) | E2E_PDR=0.00% (0/0) | RelayPDR=0.00% (Fwd=0/Rcv=0)
Node 46 | LocalPDR=0.00% (Fwd=0/Rcv=0) | E2E_PDR=0.00% (0/0) | RelayPDR=0.00% (Fwd=0/Rcv=0)
Node 47 | LocalPDR=0.00% (Fwd=0/Rcv=0) | E2E_PDR=0.00% (0/0) | RelayPDR=0.00% (Fwd=0/Rcv=0)
Node 48 | LocalPDR=0.00% (Fwd=0/Rcv=0) | E2E_PDR=0.00% (0/0) | RelayPDR=0.00% (Fwd=0/Rcv=0)
Node 49 | LocalPDR=0.00% (Fwd=0/Rcv=0) | E2E_PDR=0.00% (0/0) | RelayPDR=0.00% (Fwd=0/Rcv=0)
Node 50 | LocalPDR=0.00% (Fwd=0/Rcv=0) | E2E_PDR=0.00% (0/0) | RelayPDR=0.00% (Fwd=0/Rcv=0)
Node 51 | LocalPDR=0.00% (Fwd=0/Rcv=0) | E2E_PDR=0.00% (0/0) | RelayPDR=0.00% (Fwd=0/Rcv=0)
Node 52 | LocalPDR=0.00% (Fwd=0/Rcv=0) | E2E_PDR=0.00% (0/0) | RelayPDR=0.00% (Fwd=0/Rcv=0)
Node 53 | LocalPDR=0.00% (Fwd=0/Rcv=0) | E2E_PDR=0.00% (0/0) | RelayPDR=0.00% (Fwd=0/Rcv=0)
Node 54 | LocalPDR=0.00% (Fwd=0/Rcv=0) | E2E_PDR=0.00% (0/0) | RelayPDR=0.00% (Fwd=0/Rcv=0)
Node 55 | LocalPDR=0.00% (Fwd=0/Rcv=0) | E2E_PDR=0.00% (0/0) | RelayPDR=0.00% (Fwd=0/Rcv=0)
Node 56 | LocalPDR=0.00% (Fwd=0/Rcv=0) | E2E_PDR=0.00% (0/0) | RelayPDR=0.00% (Fwd=0/Rcv=0)
Node 57 | LocalPDR=0.00% (Fwd=0/Rcv=0) | E2E_PDR=0.00% (0/0) | RelayPDR=0.00% (Fwd=0/Rcv=0)
Node 58 | LocalPDR=0.00% (Fwd=0/Rcv=0) | E2E_PDR=0.00% (0/0) | RelayPDR=0.00% (Fwd=0/Rcv=0)
Node 59 | LocalPDR=0.00% (Fwd=0/Rcv=0) | E2E_PDR=0.00% (0/0) | RelayPDR=0.00% (Fwd=0/Rcv=0)
Node 60 | LocalPDR=0.00% (Fwd=0/Rcv=0) | E2E_PDR=0.00% (0/0) | RelayPDR=0.00% (Fwd=0/Rcv=0)
Node 61 | LocalPDR=0.00% (Fwd=0/Rcv=0) | E2E_PDR=0.00% (0/0) | RelayPDR=0.00% (Fwd=0/Rcv=0)
Node 62 | LocalPDR=0.00% (Fwd=0/Rcv=0) | E2E_PDR=0.00% (0/0) | RelayPDR=0.00% (Fwd=0/Rcv=0)
Node 63 | LocalPDR=0.00% (Fwd=0/Rcv=0) | E2E_PDR=0.00% (0/0) | RelayPDR=0.00% (Fwd=0/Rcv=0)
Node 64 | LocalPDR=0.00% (Fwd=0/Rcv=0) | E2E_PDR=0.00% (0/0) | RelayPDR=0.00% (Fwd=0/Rcv=0)
Node 65 | LocalPDR=0.00% (Fwd=0/Rcv=0) | E2E_PDR=0.00% (0/0) | RelayPDR=0.00% (Fwd=0/Rcv=0)
Node 66 | LocalPDR=0.00% (Fwd=0/Rcv=0) | E2E_PDR=0.00% (0/0) | RelayPDR=0.00% (Fwd=0/Rcv=0)
Node 67 | LocalPDR=0.00% (Fwd=0/Rcv=0) | E2E_PDR=0.00% (0/0) | RelayPDR=0.00% (Fwd=0/Rcv=0)
Node 68 | LocalPDR=0.00% (Fwd=0/Rcv=0) | E2E_PDR=0.00% (0/0) | RelayPDR=0.00% (Fwd=0/Rcv=0)
Node 69 | LocalPDR=0.00% (Fwd=0/Rcv=0) | E2E_PDR=0.00% (0/0) | RelayPDR=0.00% (Fwd=0/Rcv=0)
Node 70 | LocalPDR=0.00% (Fwd=0/Rcv=0) | E2E_PDR=0.00% (0/0) | RelayPDR=0.00% (Fwd=0/Rcv=0)
Node 71 | LocalPDR=0.00% (Fwd=0/Rcv=0) | E2E_PDR=0.00% (0/0) | RelayPDR=0.00% (Fwd=0/Rcv=0)
Node 72 | LocalPDR=0.00% (Fwd=0/Rcv=0) | E2E_PDR=0.00% (0/0) | RelayPDR=0.00% (Fwd=0/Rcv=0)
Node 73 | LocalPDR=0.00% (Fwd=0/Rcv=0) | E2E_PDR=0.00% (0/0) | RelayPDR=0.00% (Fwd=0/Rcv=0)
Node 74 | LocalPDR=0.00% (Fwd=0/Rcv=0) | E2E_PDR=0.00% (0/0) | RelayPDR=0.00% (Fwd=0/Rcv=0)
Node 75 | LocalPDR=0.00% (Fwd=0/Rcv=0) | E2E_PDR=0.00% (0/0) | RelayPDR=0.00% (Fwd=0/Rcv=0)
Node 76 | LocalPDR=0.00% (Fwd=0/Rcv=0) | E2E_PDR=0.00% (0/0) | RelayPDR=0.00% (Fwd=0/Rcv=0)
Node 77 | LocalPDR=0.00% (Fwd=0/Rcv=0) | E2E_PDR=0.00% (0/0) | RelayPDR=0.00% (Fwd=0/Rcv=0)
Node 78 | LocalPDR=0.00% (Fwd=0/Rcv=0) | E2E_PDR=0.00% (0/0) | RelayPDR=0.00% (Fwd=0/Rcv=0)
Node 79 | LocalPDR=0.00% (Fwd=0/Rcv=0) | E2E_PDR=0.00% (0/0) | RelayPDR=0.00% (Fwd=0/Rcv=0)
Node 80 | LocalPDR=0.00% (Fwd=0/Rcv=0) | E2E_PDR=0.00% (0/0) | RelayPDR=0.00% (Fwd=0/Rcv=0)
Node 81 | LocalPDR=0.00% (Fwd=0/Rcv=0) | E2E_PDR=0.00% (0/0) | RelayPDR=0.00% (Fwd=0/Rcv=0)
Node 82 | LocalPDR=0.00% (Fwd=0/Rcv=0) | E2E_PDR=0.00% (0/0) | RelayPDR=0.00% (Fwd=0/Rcv=0)
Node 83 | LocalPDR=0.00% (Fwd=0/Rcv=0) | E2E_PDR=0.00% (0/0) | RelayPDR=0.00% (Fwd=0/Rcv=0)
Node 84 | LocalPDR=0.00% (Fwd=0/Rcv=0) | E2E_PDR=0.00% (0/0) | RelayPDR=0.00% (Fwd=0/Rcv=0)
Node 85 | LocalPDR=0.00% (Fwd=0/Rcv=0) | E2E_PDR=0.00% (0/0) | RelayPDR=0.00% (Fwd=0/Rcv=0)
Node 86 | LocalPDR=0.00% (Fwd=0/Rcv=0) | E2E_PDR=0.00% (0/0) | RelayPDR=0.00% (Fwd=0/Rcv=0)
Node 87 | LocalPDR=0.00% (Fwd=0/Rcv=0) | E2E_PDR=0.00% (0/0) | RelayPDR=0.00% (Fwd=0/Rcv=0)
Node 88 | LocalPDR=0.00% (Fwd=0/Rcv=0) | E2E_PDR=0.00% (0/0) | RelayPDR=0.00% (Fwd=0/Rcv=0)
Node 89 | LocalPDR=0.00% (Fwd=0/Rcv=0) | E2E_PDR=0.00% (0/0) | RelayPDR=0.00% (Fwd=0/Rcv=0)
Node 90 | LocalPDR=0.00% (Fwd=0/Rcv=0) | E2E_PDR=0.00% (0/0) | RelayPDR=0.00% (Fwd=0/Rcv=0)
Node 91 | LocalPDR=0.00% (Fwd=0/Rcv=0) | E2E_PDR=0.00% (0/0) | RelayPDR=0.00% (Fwd=0/Rcv=0)
Node 92 | LocalPDR=0.00% (Fwd=0/Rcv=0) | E2E_PDR=0.00% (0/0) | RelayPDR=0.00% (Fwd=0/Rcv=0)
Node 93 | LocalPDR=0.00% (Fwd=0/Rcv=0) | E2E_PDR=0.00% (0/0) | RelayPDR=0.00% (Fwd=0/Rcv=0)
Node 94 | LocalPDR=0.00% (Fwd=0/Rcv=0) | E2E_PDR=0.00% (0/0) | RelayPDR=0.00% (Fwd=0/Rcv=0)
Node 95 | LocalPDR=0.00% (Fwd=0/Rcv=0) | E2E_PDR=0.00% (0/0) | RelayPDR=0.00% (Fwd=0/Rcv=0)
Node 96 | LocalPDR=0.00% (Fwd=0/Rcv=0) | E2E_PDR=0.00% (0/0) | RelayPDR=0.00% (Fwd=0/Rcv=0)
Node 97 | LocalPDR=0.00% (Fwd=0/Rcv=0) | E2E_PDR=0.00% (0/0) | RelayPDR=0.00% (Fwd=0/Rcv=0)
Node 98 | LocalPDR=0.00% (Fwd=0/Rcv=0) | E2E_PDR=0.00% (0/0) | RelayPDR=0.00% (Fwd=0/Rcv=0)
Node 99 | LocalPDR=0.00% (Fwd=0/Rcv=0) | E2E_PDR=0.00% (0/0) | RelayPDR=0.00% (Fwd=0/Rcv=0)
Node 100 | LocalPDR=0.00% (Fwd=0/Rcv=0) | E2E_PDR=0.00% (0/0) | RelayPDR=0.00% (Fwd=0/Rcv=0)
Node 101 | LocalPDR=0.00% (Fwd=0/Rcv=0) | E2E_PDR=0.00% (0/0) | RelayPDR=0.00% (Fwd=0/Rcv=0)
Node 102 | LocalPDR=0.00% (Fwd=0/Rcv=0) | E2E_PDR=0.00% (0/0) | RelayPDR=0.00% (Fwd=0/Rcv=0)
Node 103 | LocalPDR=0.00% (Fwd=0/Rcv=0) | E2E_PDR=0.00% (0/0) | RelayPDR=0.00% (Fwd=0/Rcv=0)
Node 104 | LocalPDR=0.00% (Fwd=0/Rcv=0) | E2E_PDR=0.00% (0/0) | RelayPDR=0.00% (Fwd=0/Rcv=0)
Node 105 | LocalPDR=0.00% (Fwd=0/Rcv=0) | E2E_PDR=0.00% (0/0) | RelayPDR=0.00% (Fwd=0/Rcv=0)
Node 106 | LocalPDR=0.00% (Fwd=0/Rcv=0) | E2E_PDR=0.00% (0/0) | RelayPDR=0.00% (Fwd=0/Rcv=0)
Node 107 | LocalPDR=0.00% (Fwd=0/Rcv=0) | E2E_PDR=0.00% (0/0) | RelayPDR=0.00% (Fwd=0/Rcv=0)
Node 108 | LocalPDR=0.00% (Fwd=0/Rcv=0) | E2E_PDR=0.00% (0/0) | RelayPDR=0.00% (Fwd=0/Rcv=0)
Node 109 | LocalPDR=0.00% (Fwd=0/Rcv=0) | E2E_PDR=0.00% (0/0) | RelayPDR=0.00% (Fwd=0/Rcv=0)
Node 110 | LocalPDR=0.00% (Fwd=0/Rcv=0) | E2E_PDR=0.00% (0/0) | RelayPDR=0.00% (Fwd=0/Rcv=0)
Node 111 | LocalPDR=0.00% (Fwd=0/Rcv=0) | E2E_PDR=0.00% (0/0) | RelayPDR=0.00% (Fwd=0/Rcv=0)
Node 112 | LocalPDR=0.00% (Fwd=0/Rcv=0) | E2E_PDR=0.00% (0/0) | RelayPDR=0.00% (Fwd=0/Rcv=0)
Node 113 | LocalPDR=0.00% (Fwd=0/Rcv=0) | E2E_PDR=0.00% (0/0) | RelayPDR=0.00% (Fwd=0/Rcv=0)
Node 114 | LocalPDR=0.00% (Fwd=0/Rcv=0) | E2E_PDR=0.00% (0/0) | RelayPDR=0.00% (Fwd=0/Rcv=0)
Node 115 | LocalPDR=0.00% (Fwd=0/Rcv=0) | E2E_PDR=0.00% (0/0) | RelayPDR=0.00% (Fwd=0/Rcv=0)
Node 116 | LocalPDR=0.00% (Fwd=0/Rcv=0) | E2E_PDR=0.00% (0/0) | RelayPDR=0.00% (Fwd=0/Rcv=0)
Node 117 | LocalPDR=0.00% (Fwd=0/Rcv=0) | E2E_PDR=0.00% (0/0) | RelayPDR=0.00% (Fwd=0/Rcv=0)
Node 118 | LocalPDR=0.00% (Fwd=0/Rcv=0) | E2E_PDR=0.00% (0/0) | RelayPDR=0.00% (Fwd=0/Rcv=0)
Node 119 | LocalPDR=0.00% (Fwd=0/Rcv=0) | E2E_PDR=0.00% (0/0) | RelayPDR=0.00% (Fwd=0/Rcv=0)
Node 120 | LocalPDR=0.00% (Fwd=0/Rcv=0) | E2E_PDR=0.00% (0/0) | RelayPDR=0.00% (Fwd=0/Rcv=0)
Node 121 | LocalPDR=0.00% (Fwd=0/Rcv=0) | E2E_PDR=0.00% (0/0) | RelayPDR=0.00% (Fwd=0/Rcv=0)
Node 122 | LocalPDR=0.00% (Fwd=0/Rcv=0) | E2E_PDR=0.00% (0/0) | RelayPDR=0.00% (Fwd=0/Rcv=0)
Node 123 | LocalPDR=0.00% (Fwd=0/Rcv=0) | E2E_PDR=0.00% (0/0) | RelayPDR=0.00% (Fwd=0/Rcv=0)
Node 124 | LocalPDR=0.00% (Fwd=0/Rcv=0) | E2E_PDR=0.00% (0/0) | RelayPDR=0.00% (Fwd=0/Rcv=0)
Node 125 | LocalPDR=0.00% (Fwd=0/Rcv=0) | E2E_PDR=0.00% (0/0) | RelayPDR=0.00% (Fwd=0/Rcv=0)
Node 126 | LocalPDR=0.00% (Fwd=0/Rcv=0) | E2E_PDR=0.00% (0/0) | RelayPDR=0.00% (Fwd=0/Rcv=0)
Node 127 | LocalPDR=0.00% (Fwd=0/Rcv=0) | E2E_PDR=0.00% (0/0) | RelayPDR=0.00% (Fwd=0/Rcv=0)
Node 128 | LocalPDR=0.00% (Fwd=0/Rcv=0) | E2E_PDR=0.00% (0/0) | RelayPDR=0.00% (Fwd=0/Rcv=0)
Node 129 | LocalPDR=0.00% (Fwd=0/Rcv=0) | E2E_PDR=0.00% (0/0) | RelayPDR=0.00% (Fwd=0/Rcv=0)
Node 130 | LocalPDR=0.00% (Fwd=0/Rcv=0) | E2E_PDR=0.00% (0/0) | RelayPDR=0.00% (Fwd=0/Rcv=0)
Node 131 | LocalPDR=0.00% (Fwd=0/Rcv=0) | E2E_PDR=0.00% (0/0) | RelayPDR=0.00% (Fwd=0/Rcv=0)
Node 132 | LocalPDR=0.00% (Fwd=0/Rcv=0) | E2E_PDR=0.00% (0/0) | RelayPDR=0.00% (Fwd=0/Rcv=0)
Node 133 | LocalPDR=0.00% (Fwd=0/Rcv=0) | E2E_PDR=0.00% (0/0) | RelayPDR=0.00% (Fwd=0/Rcv=0)
Node 134 | LocalPDR=0.00% (Fwd=0/Rcv=0) | E2E_PDR=0.00% (0/0) | RelayPDR=0.00% (Fwd=0/Rcv=0)
Node 135 | LocalPDR=0.00% (Fwd=0/Rcv=0) | E2E_PDR=0.00% (0/0) | RelayPDR=0.00% (Fwd=0/Rcv=0)
Node 136 | LocalPDR=0.00% (Fwd=0/Rcv=0) | E2E_PDR=0.00% (0/0) | RelayPDR=0.00% (Fwd=0/Rcv=0)
Node 137 | LocalPDR=0.00% (Fwd=0/Rcv=0) | E2E_PDR=0.00% (0/0) | RelayPDR=0.00% (Fwd=0/Rcv=0)
Node 138 | LocalPDR=0.00% (Fwd=0/Rcv=0) | E2E_PDR=0.00% (0/0) | RelayPDR=0.00% (Fwd=0/Rcv=0)
Node 139 | LocalPDR=0.00% (Fwd=0/Rcv=0) | E2E_PDR=0.00% (0/0) | RelayPDR=0.00% (Fwd=0/Rcv=0)
Node 140 | LocalPDR=0.00% (Fwd=0/Rcv=0) | E2E_PDR=0.00% (0/0) | RelayPDR=0.00% (Fwd=0/Rcv=0)
Node 141 | LocalPDR=0.00% (Fwd=0/Rcv=0) | E2E_PDR=0.00% (0/0) | RelayPDR=0.00% (Fwd=0/Rcv=0)
Node 142 | LocalPDR=0.00% (Fwd=0/Rcv=0) | E2E_PDR=0.00% (0/0) | RelayPDR=0.00% (Fwd=0/Rcv=0)
Node 143 | LocalPDR=0.00% (Fwd=0/Rcv=0) | E2E_PDR=0.00% (0/0) | RelayPDR=0.00% (Fwd=0/Rcv=0)
Node 144 | LocalPDR=0.00% (Fwd=0/Rcv=0) | E2E_PDR=0.00% (0/0) | RelayPDR=0.00% (Fwd=0/Rcv=0)
Node 145 | LocalPDR=0.00% (Fwd=0/Rcv=0) | E2E_PDR=0.00% (0/0) | RelayPDR=0.00% (Fwd=0/Rcv=0)
Node 146 | LocalPDR=0.00% (Fwd=0/Rcv=0) | E2E_PDR=0.00% (0/0) | RelayPDR=0.00% (Fwd=0/Rcv=0)
Node 147 | LocalPDR=0.00% (Fwd=0/Rcv=0) | E2E_PDR=0.00% (0/0) | RelayPDR=0.00% (Fwd=0/Rcv=0)
Node 148 | LocalPDR=0.00% (Fwd=0/Rcv=0) | E2E_PDR=0.00% (0/0) | RelayPDR=0.00% (Fwd=0/Rcv=0)
Node 149 | LocalPDR=0.00% (Fwd=0/Rcv=0) | E2E_PDR=0.00% (0/0) | RelayPDR=0.00% (Fwd=0/Rcv=0)
Node 150 | LocalPDR=0.00% (Fwd=0/Rcv=0) | E2E_PDR=0.00% (0/0) | RelayPDR=0.00% (Fwd=0/Rcv=0)
Node 151 | LocalPDR=0.00% (Fwd=0/Rcv=0) | E2E_PDR=0.00% (0/0) | RelayPDR=0.00% (Fwd=0/Rcv=0)
Node 152 | LocalPDR=0.00% (Fwd=0/Rcv=0) | E2E_PDR=0.00% (0/0) | RelayPDR=0.00% (Fwd=0/Rcv=0)
Node 153 | LocalPDR=0.00% (Fwd=0/Rcv=0) | E2E_PDR=0.00% (0/0) | RelayPDR=0.00% (Fwd=0/Rcv=0)
Node 154 | LocalPDR=0.00% (Fwd=0/Rcv=0) | E2E_PDR=0.00% (0/0) | RelayPDR=0.00% (Fwd=0/Rcv=0)
Node 155 | LocalPDR=0.00% (Fwd=0/Rcv=0) | E2E_PDR=0.00% (0/0) | RelayPDR=0.00% (Fwd=0/Rcv=0)
Node 156 | LocalPDR=0.00% (Fwd=0/Rcv=0) | E2E_PDR=0.00% (0/0) | RelayPDR=0.00% (Fwd=0/Rcv=0)
Node 157 | LocalPDR=0.00% (Fwd=0/Rcv=0) | E2E_PDR=0.00% (0/0) | RelayPDR=0.00% (Fwd=0/Rcv=0)
Node 158 | LocalPDR=0.00% (Fwd=0/Rcv=0) | E2E_PDR=0.00% (0/0) | RelayPDR=0.00% (Fwd=0/Rcv=0)
Node 159 | LocalPDR=0.00% (Fwd=0/Rcv=0) | E2E_PDR=0.00% (0/0) | RelayPDR=0.00% (Fwd=0/Rcv=0)
Node 160 | LocalPDR=0.00% (Fwd=0/Rcv=0) | E2E_PDR=0.00% (0/0) | RelayPDR=0.00% (Fwd=0/Rcv=0)
Node 161 | LocalPDR=0.00% (Fwd=0/Rcv=0) | E2E_PDR=0.00% (0/0) | RelayPDR=0.00% (Fwd=0/Rcv=0)
Node 162 | LocalPDR=0.00% (Fwd=0/Rcv=0) | E2E_PDR=0.00% (0/0) | RelayPDR=0.00% (Fwd=0/Rcv=0)
Node 163 | LocalPDR=0.00% (Fwd=0/Rcv=0) | E2E_PDR=0.00% (0/0) | RelayPDR=0.00% (Fwd=0/Rcv=0)
Node 164 | LocalPDR=0.00% (Fwd=0/Rcv=0) | E2E_PDR=0.00% (0/0) | RelayPDR=0.00% (Fwd=0/Rcv=0)
Node 165 | LocalPDR=0.00% (Fwd=0/Rcv=0) | E2E_PDR=0.00% (0/0) | RelayPDR=0.00% (Fwd=0/Rcv=0)
Node 166 | LocalPDR=0.00% (Fwd=0/Rcv=0) | E2E_PDR=0.00% (0/0) | RelayPDR=0.00% (Fwd=0/Rcv=0)
Node 167 | LocalPDR=0.00% (Fwd=0/Rcv=0) | E2E_PDR=0.00% (0/0) | RelayPDR=0.00% (Fwd=0/Rcv=0)
Node 168 | LocalPDR=0.00% (Fwd=0/Rcv=0) | E2E_PDR=0.00% (0/0) | RelayPDR=0.00% (Fwd=0/Rcv=0)
Node 169 | LocalPDR=0.00% (Fwd=0/Rcv=0) | E2E_PDR=0.00% (0/0) | RelayPDR=0.00% (Fwd=0/Rcv=0)
Node 170 | LocalPDR=0.00% (Fwd=0/Rcv=0) | E2E_PDR=0.00% (0/0) | RelayPDR=0.00% (Fwd=0/Rcv=0)
Node 171 | LocalPDR=0.00% (Fwd=0/Rcv=0) | E2E_PDR=0.00% (0/0) | RelayPDR=0.00% (Fwd=0/Rcv=0)
Node 172 | LocalPDR=0.00% (Fwd=0/Rcv=0) | E2E_PDR=0.00% (0/0) | RelayPDR=0.00% (Fwd=0/Rcv=0)
Node 173 | LocalPDR=0.00% (Fwd=0/Rcv=0) | E2E_PDR=0.00% (0/0) | RelayPDR=0.00% (Fwd=0/Rcv=0)
Node 174 | LocalPDR=0.00% (Fwd=0/Rcv=0) | E2E_PDR=0.00% (0/0) | RelayPDR=0.00% (Fwd=0/Rcv=0)
Node 175 | LocalPDR=0.00% (Fwd=0/Rcv=0) | E2E_PDR=0.00% (0/0) | RelayPDR=0.00% (Fwd=0/Rcv=0)
Node 176 | LocalPDR=0.00% (Fwd=0/Rcv=0) | E2E_PDR=0.00% (0/0) | RelayPDR=0.00% (Fwd=0/Rcv=0)
Node 177 | LocalPDR=0.00% (Fwd=0/Rcv=0) | E2E_PDR=0.00% (0/0) | RelayPDR=0.00% (Fwd=0/Rcv=0)
Node 178 | LocalPDR=0.00% (Fwd=0/Rcv=0) | E2E_PDR=0.00% (0/0) | RelayPDR=0.00% (Fwd=0/Rcv=0)
Node 179 | LocalPDR=0.00% (Fwd=0/Rcv=0) | E2E_PDR=0.00% (0/0) | RelayPDR=0.00% (Fwd=0/Rcv=0)
Node 180 | LocalPDR=0.00% (Fwd=0/Rcv=0) | E2E_PDR=0.00% (0/0) | RelayPDR=0.00% (Fwd=0/Rcv=0)
Node 181 | LocalPDR=0.00% (Fwd=0/Rcv=0) | E2E_PDR=0.00% (0/0) | RelayPDR=0.00% (Fwd=0/Rcv=0)
Node 182 | LocalPDR=0.00% (Fwd=0/Rcv=0) | E2E_PDR=0.00% (0/0) | RelayPDR=0.00% (Fwd=0/Rcv=0)
Node 183 | LocalPDR=0.00% (Fwd=0/Rcv=0) | E2E_PDR=0.00% (0/0) | RelayPDR=0.00% (Fwd=0/Rcv=0)
Node 184 | LocalPDR=0.00% (Fwd=0/Rcv=0) | E2E_PDR=0.00% (0/0) | RelayPDR=0.00% (Fwd=0/Rcv=0)
Node 185 | LocalPDR=0.00% (Fwd=0/Rcv=0) | E2E_PDR=0.00% (0/0) | RelayPDR=0.00% (Fwd=0/Rcv=0)
Node 186 | LocalPDR=0.00% (Fwd=0/Rcv=0) | E2E_PDR=0.00% (0/0) | RelayPDR=0.00% (Fwd=0/Rcv=0)
Node 187 | LocalPDR=0.00% (Fwd=0/Rcv=0) | E2E_PDR=0.00% (0/0) | RelayPDR=0.00% (Fwd=0/Rcv=0)
Node 188 | LocalPDR=0.00% (Fwd=0/Rcv=0) | E2E_PDR=0.00% (0/0) | RelayPDR=0.00% (Fwd=0/Rcv=0)
Node 189 | LocalPDR=0.00% (Fwd=0/Rcv=0) | E2E_PDR=0.00% (0/0) | RelayPDR=0.00% (Fwd=0/Rcv=0)
Node 190 | LocalPDR=0.00% (Fwd=0/Rcv=0) | E2E_PDR=0.00% (0/0) | RelayPDR=0.00% (Fwd=0/Rcv=0)
Node 191 | LocalPDR=0.00% (Fwd=0/Rcv=0) | E2E_PDR=0.00% (0/0) | RelayPDR=0.00% (Fwd=0/Rcv=0)
Node 192 | LocalPDR=0.00% (Fwd=0/Rcv=0) | E2E_PDR=0.00% (0/0) | RelayPDR=0.00% (Fwd=0/Rcv=0)
Node 193 | LocalPDR=0.00% (Fwd=0/Rcv=0) | E2E_PDR=0.00% (0/0) | RelayPDR=0.00% (Fwd=0/Rcv=0)
Node 194 | LocalPDR=0.00% (Fwd=0/Rcv=0) | E2E_PDR=0.00% (0/0) | RelayPDR=0.00% (Fwd=0/Rcv=0)
Node 195 | LocalPDR=0.00% (Fwd=0/Rcv=0) | E2E_PDR=0.00% (0/0) | RelayPDR=0.00% (Fwd=0/Rcv=0)
Node 196 | LocalPDR=0.00% (Fwd=0/Rcv=0) | E2E_PDR=0.00% (0/0) | RelayPDR=0.00% (Fwd=0/Rcv=0)
Node 197 | LocalPDR=0.00% (Fwd=0/Rcv=0) | E2E_PDR=0.00% (0/0) | RelayPDR=0.00% (Fwd=0/Rcv=0)
Node 198 | LocalPDR=0.00% (Fwd=0/Rcv=0) | E2E_PDR=0.00% (0/0) | RelayPDR=0.00% (Fwd=0/Rcv=0)
Node 199 | LocalPDR=0.00% (Fwd=0/Rcv=0) | E2E_PDR=0.00% (0/0) | RelayPDR=0.00% (Fwd=0/Rcv=0)
Node 200 | LocalPDR=0.00% (Fwd=0/Rcv=0) | E2E_PDR=0.00% (0/0) | RelayPDR=0.00% (Fwd=0/Rcv=0)
Node 201 | LocalPDR=0.00% (Fwd=0/Rcv=0) | E2E_PDR=0.00% (0/0) | RelayPDR=0.00% (Fwd=0/Rcv=0)
Node 202 | LocalPDR=0.00% (Fwd=0/Rcv=0) | E2E_PDR=0.00% (0/0) | RelayPDR=0.00% (Fwd=0/Rcv=0)
Node 203 | LocalPDR=0.00% (Fwd=0/Rcv=0) | E2E_PDR=0.00% (0/0) | RelayPDR=0.00% (Fwd=0/Rcv=0)
Node 204 | LocalPDR=0.00% (Fwd=0/Rcv=0) | E2E_PDR=0.00% (0/0) | RelayPDR=0.00% (Fwd=0/Rcv=0)
====================
written to file successfully
Solution at nodes cleared at 8.00
sent all flow data from node 16
current time is 8.00
At controller: updated flow source 6to destination 9flow size 3packet size 750QoS 1
At controller: updated flow source 7to destination 10flow size 1packet size 750QoS 1
At controller: updated flow source 8to destination 11flow size 3packet size 750QoS 1
At controller: updated flow source 9to destination 12flow size 2packet size 750QoS 1
At controller: updated flow source 10to destination 13flow size 0packet size 750QoS 1
At controller: updated flow source 11to destination 14flow size 3packet size 750QoS 1
At controller: updated flow source 12to destination 15flow size 0packet size 750QoS 1
At controller: updated flow source 13to destination 6flow size 3packet size 750QoS 1
At controller: updated flow source 14to destination 7flow size 3packet size 750QoS 1
At controller: updated flow source 15to destination 8flow size 0packet size 750QoS 1
At controller: updated flow source 6to destination 9flow size 3packet size 750QoS 1
At controller: updated flow source 7to destination 10flow size 3packet size 750QoS 1
link lifetime optimization beginning at 8.03
finished writing link lifetime status at8.03
Set parameter Username
Set parameter Threads to value 1
delay is 4122
reading lifetime from csv at8.03
link lifetime conversion finished at+8034600000.00ns
updating flows - path finding at8.03
Routing stable: Number of stable paths from source: 6to destination 9is 0 at timestamp 8.03
Routing stable: Number of stable paths from source: 7to destination 10is 2 at timestamp 8.03
Routing stable: Number of stable paths from source: 8to destination 11is 1 at timestamp 8.03
Routing stable: Number of stable paths from source: 9to destination 12is 1 at timestamp 8.03
Routing stable: Number of stable paths from source: 10to destination 13is 1 at timestamp 8.03
Routing stable: Number of stable paths from source: 11to destination 14is 2 at timestamp 8.03
Routing stable: Number of stable paths from source: 12to destination 15is 1 at timestamp 8.03
Routing stable: Number of stable paths from source: 13to destination 6is 0 at timestamp 8.03
Routing stable: Number of stable paths from source: 14to destination 7is 2 at timestamp 8.03
Routing stable: Number of stable paths from source: 15to destination 8is 2 at timestamp 8.03
Routing stable: Number of stable paths from source: 6to destination 9is 0 at timestamp 8.03
Routing stable: Number of stable paths from source: 7to destination 10is 2 at timestamp 8.03
[FLOW3-DEBUG] filter_flows flow_id=0 paths=0 t=8.04
[FLOW3-DEBUG] filter_flows flow_id=1 paths=2 t=8.04
[FLOW3-DEBUG] filter_flows flow_id=2 paths=1 t=8.04
[FLOW3-DEBUG] filter_flows flow_id=3 paths=1 t=8.04
[FLOW3-DEBUG] filter_flows flow_id=4 paths=1 t=8.04
[FLOW3-DEBUG] filter_flows flow_id=5 paths=2 t=8.04
[FLOW3-DEBUG] filter_flows flow_id=6 paths=1 t=8.04
[FLOW3-DEBUG] filter_flows flow_id=7 paths=0 t=8.04
[FLOW3-DEBUG] filter_flows flow_id=8 paths=2 t=8.04
[FLOW3-DEBUG] filter_flows flow_id=9 paths=2 t=8.04
[FLOW3-DEBUG] filter_flows flow_id=10 paths=0 t=8.04
[FLOW3-DEBUG] filter_flows flow_id=11 paths=2 t=8.04
Number of connected flows 9at timestamp 8.04
DEBUG matrix values:
  [0][1] = 31622768.86
  [1][0] = 31622768.86
  [1][2] = 31622768.86
  [2][1] = 31622768.86
  [2][3] = 31622768.86
  [3][2] = 31622768.86
  [3][4] = 31622768.86
  [4][3] = 31622768.86
  [4][5] = 31622768.86
  [5][4] = 31622768.86
  [5][6] = 31622768.86
  [6][5] = 31622768.86
  [7][8] = 31622768.86
  [7][14] = 31622768.86
  [7][16] = 2.65
  [8][7] = 31622768.86
  [8][9] = 31622768.86
  [8][15] = 31622768.86
  [9][8] = 31622768.86
  [9][10] = 31622768.86
  [10][9] = 31622768.86
  [10][11] = 31622768.86
  [11][10] = 31622768.86
  [11][12] = 31622768.86
  [12][11] = 31622768.86
  [12][13] = 31622768.86
  [13][12] = 31622768.86
  [14][7] = 31622768.86
  [14][15] = 31622768.86
  [15][8] = 31622768.86
  [15][14] = 31622768.86
  [16][7] = 2.65
DEBUG threshold: 0.40
DEBUG max lifetime in matrix: 31622768.86
DEBUG matrix size: 17
Proposed RL started at 8.04
1
1
1
1
1
1
1
1
1
1
1
1
Proposed RL learning finished at 8.04
Transmitting delta values at8.04
CP-TS TAMPER (target flow=0): node=0 flow=0 t=8.04
CP-TS NO TAMPER (non-target flow): node=0 flow=1
CP-TS NO TAMPER (non-target flow): node=0 flow=2
CP-TS NO TAMPER (non-target flow): node=0 flow=3
CP-TS NO TAMPER (non-target flow): node=0 flow=4
CP-TS NO TAMPER (non-target flow): node=0 flow=5
CP-TS NO TAMPER (non-target flow): node=0 flow=6
CP-TS NO TAMPER (non-target flow): node=0 flow=7
CP-TS NO TAMPER (non-target flow): node=0 flow=8
CP-TS NO TAMPER (non-target flow): node=0 flow=9
CP-TS NO TAMPER (non-target flow): node=0 flow=10
CP-TS NO TAMPER (non-target flow): node=0 flow=11
CP-TS TAMPER (target flow=0): node=1 flow=0 t=8.04
CP-TS NO TAMPER (non-target flow): node=1 flow=1
CP-TS NO TAMPER (non-target flow): node=1 flow=2
CP-TS NO TAMPER (non-target flow): node=1 flow=3
CP-TS NO TAMPER (non-target flow): node=1 flow=4
CP-TS NO TAMPER (non-target flow): node=1 flow=5
CP-TS NO TAMPER (non-target flow): node=1 flow=6
CP-TS NO TAMPER (non-target flow): node=1 flow=7
CP-TS NO TAMPER (non-target flow): node=1 flow=8
CP-TS NO TAMPER (non-target flow): node=1 flow=9
CP-TS NO TAMPER (non-target flow): node=1 flow=10
CP-TS NO TAMPER (non-target flow): node=1 flow=11
CP-TS TAMPER (target flow=0): node=4 flow=0 t=8.04
CP-TS NO TAMPER (non-target flow): node=4 flow=1
CP-TS NO TAMPER (non-target flow): node=4 flow=2
CP-TS NO TAMPER (non-target flow): node=4 flow=3
CP-TS NO TAMPER (non-target flow): node=4 flow=4
CP-TS NO TAMPER (non-target flow): node=4 flow=5
CP-TS NO TAMPER (non-target flow): node=4 flow=6
CP-TS NO TAMPER (non-target flow): node=4 flow=7
CP-TS NO TAMPER (non-target flow): node=4 flow=8
CP-TS NO TAMPER (non-target flow): node=4 flow=9
CP-TS NO TAMPER (non-target flow): node=4 flow=10
CP-TS NO TAMPER (non-target flow): node=4 flow=11
CP-TS TAMPER (target flow=0): node=5 flow=0 t=8.04
CP-TS NO TAMPER (non-target flow): node=5 flow=1
CP-TS NO TAMPER (non-target flow): node=5 flow=2
CP-TS NO TAMPER (non-target flow): node=5 flow=3
CP-TS NO TAMPER (non-target flow): node=5 flow=4
CP-TS NO TAMPER (non-target flow): node=5 flow=5
CP-TS NO TAMPER (non-target flow): node=5 flow=6
CP-TS NO TAMPER (non-target flow): node=5 flow=7
CP-TS NO TAMPER (non-target flow): node=5 flow=8
CP-TS NO TAMPER (non-target flow): node=5 flow=9
CP-TS NO TAMPER (non-target flow): node=5 flow=10
CP-TS NO TAMPER (non-target flow): node=5 flow=11
CP-TS TAMPER (target flow=0): node=8 flow=0 t=8.04
CP-TS NO TAMPER (non-target flow): node=8 flow=1
CP-TS NO TAMPER (non-target flow): node=8 flow=2
CP-TS NO TAMPER (non-target flow): node=8 flow=3
CP-TS NO TAMPER (non-target flow): node=8 flow=4
CP-TS NO TAMPER (non-target flow): node=8 flow=5
CP-TS NO TAMPER (non-target flow): node=8 flow=6
CP-TS NO TAMPER (non-target flow): node=8 flow=7
CP-TS NO TAMPER (non-target flow): node=8 flow=8
CP-TS NO TAMPER (non-target flow): node=8 flow=9
CP-TS NO TAMPER (non-target flow): node=8 flow=10
CP-TS NO TAMPER (non-target flow): node=8 flow=11
CP-TS TAMPER (target flow=0): node=9 flow=0 t=8.04
CP-TS NO TAMPER (non-target flow): node=9 flow=1
CP-TS NO TAMPER (non-target flow): node=9 flow=2
CP-TS NO TAMPER (non-target flow): node=9 flow=3
CP-TS NO TAMPER (non-target flow): node=9 flow=4
CP-TS NO TAMPER (non-target flow): node=9 flow=5
CP-TS NO TAMPER (non-target flow): node=9 flow=6
CP-TS NO TAMPER (non-target flow): node=9 flow=7
CP-TS NO TAMPER (non-target flow): node=9 flow=8
CP-TS NO TAMPER (non-target flow): node=9 flow=9
CP-TS NO TAMPER (non-target flow): node=9 flow=10
CP-TS NO TAMPER (non-target flow): node=9 flow=11
CP-TS TAMPER (target flow=0): node=12 flow=0 t=8.04
CP-TS NO TAMPER (non-target flow): node=12 flow=1
CP-TS NO TAMPER (non-target flow): node=12 flow=2
CP-TS NO TAMPER (non-target flow): node=12 flow=3
CP-TS NO TAMPER (non-target flow): node=12 flow=4
CP-TS NO TAMPER (non-target flow): node=12 flow=5
CP-TS NO TAMPER (non-target flow): node=12 flow=6
CP-TS NO TAMPER (non-target flow): node=12 flow=7
CP-TS NO TAMPER (non-target flow): node=12 flow=8
CP-TS NO TAMPER (non-target flow): node=12 flow=9
CP-TS NO TAMPER (non-target flow): node=12 flow=10
CP-TS NO TAMPER (non-target flow): node=12 flow=11
CP-TS TAMPER (target flow=0): node=13 flow=0 t=8.04
CP-TS NO TAMPER (non-target flow): node=13 flow=1
CP-TS NO TAMPER (non-target flow): node=13 flow=2
CP-TS NO TAMPER (non-target flow): node=13 flow=3
CP-TS NO TAMPER (non-target flow): node=13 flow=4
CP-TS NO TAMPER (non-target flow): node=13 flow=5
CP-TS NO TAMPER (non-target flow): node=13 flow=6
CP-TS NO TAMPER (non-target flow): node=13 flow=7
CP-TS NO TAMPER (non-target flow): node=13 flow=8
CP-TS NO TAMPER (non-target flow): node=13 flow=9
CP-TS NO TAMPER (non-target flow): node=13 flow=10
CP-TS NO TAMPER (non-target flow): node=13 flow=11
Initialized flow counters at 8.10
[CQ1] flow=0 t=8.10 f_size=0 total_load=0.00 total_packets_this_cycle=0 data_transmission_period=1.00
flow id 0sub flow load is 0.00 next hop 0packets 0
flow id 0sub flow load is 0.00 next hop 1packets 0
flow id 0sub flow load is 0.00 next hop 2packets 0
flow id 0sub flow load is 0.00 next hop 3packets 0
flow id 0sub flow load is 0.00 next hop 4packets 0
flow id 0sub flow load is 0.00 next hop 5packets 0
flow id 0sub flow load is 0.00 next hop 6packets 0
flow id 0sub flow load is 0.00 next hop 7packets 0
flow id 0sub flow load is 0.00 next hop 8packets 0
flow id 0sub flow load is 0.00 next hop 9packets 0
flow id 0sub flow load is 0.00 next hop 10packets 0
flow id 0sub flow load is 0.00 next hop 11packets 0
flow id 0sub flow load is 0.00 next hop 12packets 0
flow id 0sub flow load is 0.00 next hop 13packets 0
flow id 0sub flow load is 0.00 next hop 14packets 0
flow id 0sub flow load is 0.00 next hop 15packets 0
flow id 0sub flow load is 0.00 next hop 16packets 0
Flow id 0 scheduled 0total packets from 6
[CQ1] flow=1 t=8.10 f_size=1 total_load=1.00 total_packets_this_cycle=1 data_transmission_period=1.00
flow id 1sub flow load is 0.00 next hop 0packets 0
flow id 1sub flow load is 0.00 next hop 1packets 0
flow id 1sub flow load is 0.00 next hop 2packets 0
flow id 1sub flow load is 0.00 next hop 3packets 0
flow id 1sub flow load is 0.00 next hop 4packets 0
flow id 1sub flow load is 0.00 next hop 5packets 0
flow id 1sub flow load is 0.00 next hop 6packets 0
flow id 1sub flow load is 0.00 next hop 7packets 0
flow id 1sub flow load is 0.00 next hop 9packets 0
flow id 1sub flow load is 0.00 next hop 10packets 0
flow id 1sub flow load is 0.00 next hop 11packets 0
flow id 1sub flow load is 0.00 next hop 12packets 0
flow id 1sub flow load is 0.00 next hop 13packets 0
flow id 1sub flow load is 0.00 next hop 15packets 0
flow id 1sub flow load is 0.00 next hop 16packets 0
flow id 1sub flow load is 0.48 next hop 14packets 0
flow id 1sub flow load is 0.52 next hop 8packets 1
scheduled in channel 2
scheduled in channel 1
Flow id 1 scheduled 1total packets from 7
[CQ1] flow=2 t=8.10 f_size=3 total_load=1.00 total_packets_this_cycle=3 data_transmission_period=1.00
flow id 2sub flow load is 0.00 next hop 0packets 0
flow id 2sub flow load is 0.00 next hop 1packets 0
flow id 2sub flow load is 0.00 next hop 2packets 0
flow id 2sub flow load is 0.00 next hop 3packets 0
flow id 2sub flow load is 0.00 next hop 4packets 0
flow id 2sub flow load is 0.00 next hop 5packets 0
flow id 2sub flow load is 0.00 next hop 6packets 0
flow id 2sub flow load is 0.00 next hop 7packets 0
flow id 2sub flow load is 0.00 next hop 8packets 0
flow id 2sub flow load is 0.00 next hop 10packets 0
flow id 2sub flow load is 0.00 next hop 11packets 0
flow id 2sub flow load is 0.00 next hop 12packets 0
flow id 2sub flow load is 0.00 next hop 13packets 0
flow id 2sub flow load is 0.00 next hop 14packets 0
flow id 2sub flow load is 0.00 next hop 15packets 0
flow id 2sub flow load is 0.00 next hop 16packets 0
flow id 2sub flow load is 1.00 next hop 9packets 3
scheduled in channel 1
Flow id 2 scheduled 3total packets from 8
[CQ1] flow=3 t=8.10 f_size=2 total_load=1.00 total_packets_this_cycle=2 data_transmission_period=1.00
flow id 3sub flow load is 0.00 next hop 0packets 0
flow id 3sub flow load is 0.00 next hop 1packets 0
flow id 3sub flow load is 0.00 next hop 2packets 0
flow id 3sub flow load is 0.00 next hop 3packets 0
flow id 3sub flow load is 0.00 next hop 4packets 0
flow id 3sub flow load is 0.00 next hop 5packets 0
flow id 3sub flow load is 0.00 next hop 6packets 0
flow id 3sub flow load is 0.00 next hop 7packets 0
flow id 3sub flow load is 0.00 next hop 8packets 0
flow id 3sub flow load is 0.00 next hop 9packets 0
flow id 3sub flow load is 0.00 next hop 11packets 0
flow id 3sub flow load is 0.00 next hop 12packets 0
flow id 3sub flow load is 0.00 next hop 13packets 0
flow id 3sub flow load is 0.00 next hop 14packets 0
flow id 3sub flow load is 0.00 next hop 15packets 0
flow id 3sub flow load is 0.00 next hop 16packets 0
flow id 3sub flow load is 1.00 next hop 10packets 2
scheduled in channel 1
Flow id 3 scheduled 2total packets from 9
[CQ1] flow=4 t=8.10 f_size=0 total_load=0.00 total_packets_this_cycle=0 data_transmission_period=1.00
flow id 4sub flow load is 0.00 next hop 0packets 0
flow id 4sub flow load is 0.00 next hop 1packets 0
flow id 4sub flow load is 0.00 next hop 2packets 0
flow id 4sub flow load is 0.00 next hop 3packets 0
flow id 4sub flow load is 0.00 next hop 4packets 0
flow id 4sub flow load is 0.00 next hop 5packets 0
flow id 4sub flow load is 0.00 next hop 6packets 0
flow id 4sub flow load is 0.00 next hop 7packets 0
flow id 4sub flow load is 0.00 next hop 8packets 0
flow id 4sub flow load is 0.00 next hop 9packets 0
flow id 4sub flow load is 0.00 next hop 10packets 0
flow id 4sub flow load is 0.00 next hop 11packets 0
flow id 4sub flow load is 0.00 next hop 12packets 0
flow id 4sub flow load is 0.00 next hop 13packets 0
flow id 4sub flow load is 0.00 next hop 14packets 0
flow id 4sub flow load is 0.00 next hop 15packets 0
flow id 4sub flow load is 0.00 next hop 16packets 0
Flow id 4 scheduled 0total packets from 10
[CQ1] flow=5 t=8.10 f_size=3 total_load=1.00 total_packets_this_cycle=3 data_transmission_period=1.00
flow id 5sub flow load is 0.00 next hop 0packets 0
flow id 5sub flow load is 0.00 next hop 1packets 0
flow id 5sub flow load is 0.00 next hop 2packets 0
flow id 5sub flow load is 0.00 next hop 3packets 0
flow id 5sub flow load is 0.00 next hop 4packets 0
flow id 5sub flow load is 0.00 next hop 5packets 0
flow id 5sub flow load is 0.00 next hop 6packets 0
flow id 5sub flow load is 0.00 next hop 7packets 0
flow id 5sub flow load is 0.00 next hop 8packets 0
flow id 5sub flow load is 0.00 next hop 9packets 0
flow id 5sub flow load is 0.00 next hop 11packets 0
flow id 5sub flow load is 0.00 next hop 12packets 0
flow id 5sub flow load is 0.00 next hop 13packets 0
flow id 5sub flow load is 0.00 next hop 14packets 0
flow id 5sub flow load is 0.00 next hop 15packets 0
flow id 5sub flow load is 0.00 next hop 16packets 0
flow id 5sub flow load is 1.00 next hop 10packets 3
scheduled in channel 1
Flow id 5 scheduled 3total packets from 11
[CQ1] flow=6 t=8.10 f_size=0 total_load=0.00 total_packets_this_cycle=0 data_transmission_period=1.00
flow id 6sub flow load is 0.00 next hop 0packets 0
flow id 6sub flow load is 0.00 next hop 1packets 0
flow id 6sub flow load is 0.00 next hop 2packets 0
flow id 6sub flow load is 0.00 next hop 3packets 0
flow id 6sub flow load is 0.00 next hop 4packets 0
flow id 6sub flow load is 0.00 next hop 5packets 0
flow id 6sub flow load is 0.00 next hop 6packets 0
flow id 6sub flow load is 0.00 next hop 7packets 0
flow id 6sub flow load is 0.00 next hop 8packets 0
flow id 6sub flow load is 0.00 next hop 9packets 0
flow id 6sub flow load is 0.00 next hop 10packets 0
flow id 6sub flow load is 0.00 next hop 11packets 0
flow id 6sub flow load is 0.00 next hop 12packets 0
flow id 6sub flow load is 0.00 next hop 13packets 0
flow id 6sub flow load is 0.00 next hop 14packets 0
flow id 6sub flow load is 0.00 next hop 15packets 0
flow id 6sub flow load is 0.00 next hop 16packets 0
Flow id 6 scheduled 0total packets from 12
[CQ1] flow=7 t=8.10 f_size=0 total_load=0.00 total_packets_this_cycle=0 data_transmission_period=1.00
flow id 7sub flow load is 0.00 next hop 0packets 0
flow id 7sub flow load is 0.00 next hop 1packets 0
flow id 7sub flow load is 0.00 next hop 2packets 0
flow id 7sub flow load is 0.00 next hop 3packets 0
flow id 7sub flow load is 0.00 next hop 4packets 0
flow id 7sub flow load is 0.00 next hop 5packets 0
flow id 7sub flow load is 0.00 next hop 6packets 0
flow id 7sub flow load is 0.00 next hop 7packets 0
flow id 7sub flow load is 0.00 next hop 8packets 0
flow id 7sub flow load is 0.00 next hop 9packets 0
flow id 7sub flow load is 0.00 next hop 10packets 0
flow id 7sub flow load is 0.00 next hop 11packets 0
flow id 7sub flow load is 0.00 next hop 12packets 0
flow id 7sub flow load is 0.00 next hop 13packets 0
flow id 7sub flow load is 0.00 next hop 14packets 0
flow id 7sub flow load is 0.00 next hop 15packets 0
flow id 7sub flow load is 0.00 next hop 16packets 0
Flow id 7 scheduled 0total packets from 13
[CQ1] flow=8 t=8.10 f_size=3 total_load=1.00 total_packets_this_cycle=3 data_transmission_period=1.00
flow id 8sub flow load is 0.00 next hop 0packets 0
flow id 8sub flow load is 0.00 next hop 1packets 0
flow id 8sub flow load is 0.00 next hop 2packets 0
flow id 8sub flow load is 0.00 next hop 3packets 0
flow id 8sub flow load is 0.00 next hop 4packets 0
flow id 8sub flow load is 0.00 next hop 5packets 0
flow id 8sub flow load is 0.00 next hop 6packets 0
flow id 8sub flow load is 0.00 next hop 7packets 0
flow id 8sub flow load is 0.00 next hop 8packets 0
flow id 8sub flow load is 0.00 next hop 9packets 0
flow id 8sub flow load is 0.00 next hop 10packets 0
flow id 8sub flow load is 0.00 next hop 11packets 0
flow id 8sub flow load is 0.00 next hop 12packets 0
flow id 8sub flow load is 0.00 next hop 13packets 0
flow id 8sub flow load is 0.00 next hop 14packets 0
flow id 8sub flow load is 0.00 next hop 16packets 0
flow id 8sub flow load is 1.00 next hop 15packets 3
scheduled in channel 1
Flow id 8 scheduled 3total packets from 14
[CQ1] flow=9 t=8.10 f_size=0 total_load=0.00 total_packets_this_cycle=0 data_transmission_period=1.00
flow id 9sub flow load is 0.00 next hop 0packets 0
flow id 9sub flow load is 0.00 next hop 1packets 0
flow id 9sub flow load is 0.00 next hop 2packets 0
flow id 9sub flow load is 0.00 next hop 3packets 0
flow id 9sub flow load is 0.00 next hop 4packets 0
flow id 9sub flow load is 0.00 next hop 5packets 0
flow id 9sub flow load is 0.00 next hop 6packets 0
flow id 9sub flow load is 0.00 next hop 7packets 0
flow id 9sub flow load is 0.00 next hop 8packets 0
flow id 9sub flow load is 0.00 next hop 9packets 0
flow id 9sub flow load is 0.00 next hop 10packets 0
flow id 9sub flow load is 0.00 next hop 11packets 0
flow id 9sub flow load is 0.00 next hop 12packets 0
flow id 9sub flow load is 0.00 next hop 13packets 0
flow id 9sub flow load is 0.00 next hop 14packets 0
flow id 9sub flow load is 0.00 next hop 15packets 0
flow id 9sub flow load is 0.00 next hop 16packets 0
Flow id 9 scheduled 0total packets from 15
[CQ1] flow=10 t=8.10 f_size=0 total_load=0.00 total_packets_this_cycle=0 data_transmission_period=1.00
flow id 10sub flow load is 0.00 next hop 0packets 0
flow id 10sub flow load is 0.00 next hop 1packets 0
flow id 10sub flow load is 0.00 next hop 2packets 0
flow id 10sub flow load is 0.00 next hop 3packets 0
flow id 10sub flow load is 0.00 next hop 4packets 0
flow id 10sub flow load is 0.00 next hop 5packets 0
flow id 10sub flow load is 0.00 next hop 6packets 0
flow id 10sub flow load is 0.00 next hop 7packets 0
flow id 10sub flow load is 0.00 next hop 8packets 0
flow id 10sub flow load is 0.00 next hop 9packets 0
flow id 10sub flow load is 0.00 next hop 10packets 0
flow id 10sub flow load is 0.00 next hop 11packets 0
flow id 10sub flow load is 0.00 next hop 12packets 0
flow id 10sub flow load is 0.00 next hop 13packets 0
flow id 10sub flow load is 0.00 next hop 14packets 0
flow id 10sub flow load is 0.00 next hop 15packets 0
flow id 10sub flow load is 0.00 next hop 16packets 0
Flow id 10 scheduled 0total packets from 6
[CQ1] flow=11 t=8.10 f_size=3 total_load=1.00 total_packets_this_cycle=3 data_transmission_period=1.00
flow id 11sub flow load is 0.00 next hop 0packets 0
flow id 11sub flow load is 0.00 next hop 1packets 0
flow id 11sub flow load is 0.00 next hop 2packets 0
flow id 11sub flow load is 0.00 next hop 3packets 0
flow id 11sub flow load is 0.00 next hop 4packets 0
flow id 11sub flow load is 0.00 next hop 5packets 0
flow id 11sub flow load is 0.00 next hop 6packets 0
flow id 11sub flow load is 0.00 next hop 7packets 0
flow id 11sub flow load is 0.00 next hop 9packets 0
flow id 11sub flow load is 0.00 next hop 10packets 0
flow id 11sub flow load is 0.00 next hop 11packets 0
flow id 11sub flow load is 0.00 next hop 12packets 0
flow id 11sub flow load is 0.00 next hop 13packets 0
flow id 11sub flow load is 0.00 next hop 15packets 0
flow id 11sub flow load is 0.00 next hop 16packets 0
flow id 11sub flow load is 0.48 next hop 14packets 1
flow id 11sub flow load is 0.52 next hop 8packets 2
scheduled in channel 2
scheduled in channel 1
Flow id 11 scheduled 3total packets from 7
ATTACK PLACE 1: packet FORWARDED node=14 flow=8 packetID=1 t=8.13
ATTACK PLACE 2: retransmit FORWARDED node=15 flow=8 packetID=1 t=8.13
DP-FR DROP: node=8 flow=8 t=8.13
ATTACK PLACE 2: retransmit DROPPED node=8 flow=8 packetID=1 t=8.13
ATTACK PLACE 1: packet FORWARDED node=14 flow=8 packetID=2 t=8.17
ATTACK PLACE 2: retransmit FORWARDED node=15 flow=8 packetID=2 t=8.17
ATTACK PLACE 1: packet FORWARDED node=14 flow=8 packetID=3 t=8.21
ATTACK PLACE 2: retransmit FORWARDED node=15 flow=8 packetID=3 t=8.22
DP-FR DROP: node=7 flow=1 t=8.23
ATTACK PLACE 1: packet DROPPED node=7 flow=1 packetID=1 t=8.23
DP-FR DROP: node=7 flow=1 t=8.23
ATTACK PLACE 1: packet DROPPED node=7 flow=1 packetID=1 t=8.23
DP-FR FORWARD: node=7 flow=1 t=8.23
ATTACK PLACE 1: packet FORWARDED node=7 flow=1 packetID=1 t=8.23
DP-FR DROP: node=8 flow=1 t=8.23
ATTACK PLACE 2: retransmit DROPPED node=8 flow=1 packetID=1 t=8.23
ATTACK PLACE 1: packet FORWARDED node=15 flow=9 packetID=1 t=8.26
ATTACK PLACE 2: retransmit FORWARDED node=14 flow=9 packetID=1 t=8.26
ATTACK PLACE 2: retransmit FORWARDED node=14 flow=9 packetID=1 t=8.26
ATTACK PLACE 2: retransmit FORWARDED node=14 flow=9 packetID=1 t=8.26
ATTACK PLACE 2: retransmit FORWARDED node=14 flow=9 packetID=1 t=8.26
Retransmission packet dropped for flow id 9packet ID: 1
ATTACK PLACE 1: packet FORWARDED node=15 flow=9 packetID=2 t=8.30
ATTACK PLACE 2: retransmit FORWARDED node=14 flow=9 packetID=2 t=8.30
ATTACK PLACE 2: retransmit FORWARDED node=14 flow=9 packetID=2 t=8.30
ATTACK PLACE 2: retransmit FORWARDED node=14 flow=9 packetID=2 t=8.31
ATTACK PLACE 2: retransmit FORWARDED node=14 flow=9 packetID=2 t=8.31
Retransmission packet dropped for flow id 9packet ID: 2
DP-FR FORWARD: node=8 flow=2 t=8.36
ATTACK PLACE 1: packet FORWARDED node=8 flow=2 packetID=1 t=8.36
DP-FR FORWARD: node=9 flow=2 t=8.36
ATTACK PLACE 2: retransmit FORWARDED node=9 flow=2 packetID=1 t=8.36
DP-FR DROP: node=10 flow=2 t=8.36
ATTACK PLACE 2: retransmit DROPPED node=10 flow=2 packetID=1 t=8.36
DP-FR DROP: node=8 flow=2 t=8.40
ATTACK PLACE 1: packet DROPPED node=8 flow=2 packetID=2 t=8.40
DP-FR DROP: node=8 flow=2 t=8.40
ATTACK PLACE 1: packet DROPPED node=8 flow=2 packetID=2 t=8.40
DP-FR FORWARD: node=8 flow=2 t=8.40
ATTACK PLACE 1: packet FORWARDED node=8 flow=2 packetID=2 t=8.40
DP-FR DROP: node=9 flow=2 t=8.40
ATTACK PLACE 2: retransmit DROPPED node=9 flow=2 packetID=2 t=8.40
DP-FR FORWARD: node=8 flow=2 t=8.44
ATTACK PLACE 1: packet FORWARDED node=8 flow=2 packetID=3 t=8.44
DP-FR FORWARD: node=9 flow=3 t=8.49
ATTACK PLACE 1: packet FORWARDED node=9 flow=3 packetID=1 t=8.49
DP-FR DROP: node=10 flow=3 t=8.49
ATTACK PLACE 2: retransmit DROPPED node=10 flow=3 packetID=1 t=8.49
DP-FR FORWARD: node=7 flow=11 t=8.51
ATTACK PLACE 1: packet FORWARDED node=7 flow=11 packetID=1 t=8.51
ATTACK PLACE 2: retransmit FORWARDED node=14 flow=11 packetID=1 t=8.52
ATTACK PLACE 2: retransmit FORWARDED node=15 flow=11 packetID=1 t=8.52
DP-FR FORWARD: node=8 flow=11 t=8.52
ATTACK PLACE 2: retransmit FORWARDED node=8 flow=11 packetID=1 t=8.52
DP-FR FORWARD: node=9 flow=11 t=8.52
ATTACK PLACE 2: retransmit FORWARDED node=9 flow=11 packetID=1 t=8.52
Flow ID 11received  Packet ID: 1Totally received 1packets at destination 10 at 8.52
DP-FR FORWARD: node=9 flow=3 t=8.53
ATTACK PLACE 1: packet FORWARDED node=9 flow=3 packetID=2 t=8.53
DP-FR DROP: node=7 flow=11 t=8.54
ATTACK PLACE 1: packet DROPPED node=7 flow=11 packetID=2 t=8.54
DP-FR DROP: node=7 flow=11 t=8.54
ATTACK PLACE 1: packet DROPPED node=7 flow=11 packetID=2 t=8.54
DP-FR DROP: node=7 flow=11 t=8.54
ATTACK PLACE 1: packet DROPPED node=7 flow=11 packetID=2 t=8.54
DP-FR DROP: node=7 flow=11 t=8.54
ATTACK PLACE 1: packet DROPPED node=7 flow=11 packetID=2 t=8.54
Intial transmission packet dropped for flow id 11packet ID: 2
DP-FR DROP: node=7 flow=11 t=8.58
ATTACK PLACE 1: packet DROPPED node=7 flow=11 packetID=3 t=8.58
DP-FR FORWARD: node=7 flow=11 t=8.58
ATTACK PLACE 1: packet FORWARDED node=7 flow=11 packetID=3 t=8.58
DP-FR DROP: node=8 flow=11 t=8.58
ATTACK PLACE 2: retransmit DROPPED node=8 flow=11 packetID=3 t=8.58
DP-FR FORWARD: node=11 flow=5 t=8.74
ATTACK PLACE 1: packet FORWARDED node=11 flow=5 packetID=1 t=8.74
DP-FR DROP: node=10 flow=5 t=8.74
ATTACK PLACE 2: retransmit DROPPED node=10 flow=5 packetID=1 t=8.74
DP-FR DROP: node=11 flow=5 t=8.79
ATTACK PLACE 1: packet DROPPED node=11 flow=5 packetID=2 t=8.79
DP-FR DROP: node=11 flow=5 t=8.79
ATTACK PLACE 1: packet DROPPED node=11 flow=5 packetID=2 t=8.79
DP-FR DROP: node=11 flow=5 t=8.79
ATTACK PLACE 1: packet DROPPED node=11 flow=5 packetID=2 t=8.79
DP-FR DROP: node=11 flow=5 t=8.79
ATTACK PLACE 1: packet DROPPED node=11 flow=5 packetID=2 t=8.79
Intial transmission packet dropped for flow id 5packet ID: 2
DP-FR FORWARD: node=11 flow=5 t=8.83
ATTACK PLACE 1: packet FORWARDED node=11 flow=5 packetID=3 t=8.83
[PDQ4] t=9.00 flow0_source=6 flow0_dest=9 direct_source_to_dest_lifetime=0.00 | source's_live_neighbor_lifetimes: 5(ll=3.16228e+07) 
average_latency 3.41 ms
[LW-CP-Det] Controller 0 SUSPECTED — S4:1 S5:1 S6:1
[SHIELD-GH][CP] Controller 0 grey-hole flow rule detected | S4=1 S5=1 S6=1 | Tc=0.00 | truth=MALICIOUS | t=9.00
[LW-CP-Det] Controller 1 SUSPECTED — S4:1 S5:1 S6:1
[SHIELD-GH][CP] Controller 1 grey-hole flow rule detected | S4=1 S5=1 S6=1 | Tc=0.00 | truth=MALICIOUS | t=9.00
[DX3-rcv0fallback] node=6 window=7 t=9.00 flagged=0
[MATD-DEBUG] node=7 maxspeed_kmh=90 speed_mps=25.00 t=9.00
[DQ5] node=7 window=7 t=9.00 R_i=0.46
[LW-DP-Det] Node 7 t=9.00 tau_f_eff=0.75 SUSPECTED — S1:1 S2:1 S3:0 corrPDR=0.40 variance=0.07
[DQ3] node=7 t=9.00 S_total=1.00 R_i=0.46 score=0.82 y_hat=1
[RQ1] node=7 t=9.00 y_hat=1
[RQ3] node=7 t=9.00 enable_matd=0 obs_pdr=0.30 corr_pdr=0.30
[NQ1/NQ2] node=7 t=9.00 rcv=10 response=REQUIRE_ZKP should_isolate=0 isolated=0
[NQ7/NQ12] node=7 t=9.00 lambda=7 lambda1=2 lambda2=5 Ri_decayed=0.46 statistical_gate=1 zkp_gate_enabled=1 zkp_cached=1 zkp_proof=PASS
[ZQ2/ZQ3] node=7 t=9.00 zkp_cum_received=55 zkp_cum_forwarded=22
[MATD-DEBUG] node=8 maxspeed_kmh=90 speed_mps=25.00 t=9.00
[DQ5] node=8 window=7 t=9.00 R_i=0.37
[LW-DP-Det] Node 8 t=9.00 tau_f_eff=0.75 SUSPECTED — S1:1 S2:0 S3:0 corrPDR=0.32 variance=0.04
[DQ3] node=8 t=9.00 S_total=1.00 R_i=0.37 score=0.85 y_hat=1
[RQ1] node=8 t=9.00 y_hat=1
[RQ3] node=8 t=9.00 enable_matd=0 obs_pdr=0.36 corr_pdr=0.36
[NQ1/NQ2] node=8 t=9.00 rcv=11 response=REQUIRE_ZKP should_isolate=0 isolated=0
[NQ7/NQ12] node=8 t=9.00 lambda=7 lambda1=2 lambda2=5 Ri_decayed=0.37 statistical_gate=1 zkp_gate_enabled=1 zkp_cached=1 zkp_proof=PASS
[ZQ2/ZQ3] node=8 t=9.00 zkp_cum_received=47 zkp_cum_forwarded=15
[MATD-DEBUG] node=9 maxspeed_kmh=90 speed_mps=25.00 t=9.00
[DQ5] node=9 window=7 t=9.00 R_i=0.39
[LW-DP-Det] Node 9 t=9.00 tau_f_eff=0.75 SUSPECTED — S1:1 S2:0 S3:0 corrPDR=0.30 variance=0.06
[DQ3] node=9 t=9.00 S_total=1.00 R_i=0.39 score=0.84 y_hat=1
[RQ1] node=9 t=9.00 y_hat=1
[RQ3] node=9 t=9.00 enable_matd=0 obs_pdr=0.67 corr_pdr=0.67
[NQ1/NQ2] node=9 t=9.00 rcv=6 response=REQUIRE_ZKP should_isolate=0 isolated=0
[NQ7/NQ12] node=9 t=9.00 lambda=7 lambda1=2 lambda2=5 Ri_decayed=0.39 statistical_gate=1 zkp_gate_enabled=1 zkp_cached=1 zkp_proof=PASS
[ZQ2/ZQ3] node=9 t=9.00 zkp_cum_received=43 zkp_cum_forwarded=13
[MATD-DEBUG] node=10 maxspeed_kmh=90 speed_mps=25.00 t=9.00
[DQ5] node=10 window=7 t=9.00 R_i=0.42
[LW-DP-Det] Node 10 t=9.00 tau_f_eff=0.75 SUSPECTED — S1:1 S2:0 S3:0 corrPDR=0.33 variance=0.10
[DQ3] node=10 t=9.00 S_total=1.00 R_i=0.42 score=0.83 y_hat=1
[RQ1] node=10 t=9.00 y_hat=1
[RQ3] node=10 t=9.00 enable_matd=0 obs_pdr=0.00 corr_pdr=0.00
[NQ1/NQ2] node=10 t=9.00 rcv=5 response=REQUIRE_ZKP should_isolate=0 isolated=0
[NQ7/NQ12] node=10 t=9.00 lambda=7 lambda1=2 lambda2=5 Ri_decayed=0.42 statistical_gate=1 zkp_gate_enabled=1 zkp_cached=1 zkp_proof=PASS
[ZQ2/ZQ3] node=10 t=9.00 zkp_cum_received=55 zkp_cum_forwarded=18
[NQ2-rcv] node=11 t=9.00 rcv=6
[MATD-DEBUG] node=11 maxspeed_kmh=90 speed_mps=25.00 t=9.00
[DQ5] node=11 window=7 t=9.00 R_i=0.40
[LW-DP-Det] Node 11 t=9.00 tau_f_eff=0.75 SUSPECTED — S1:1 S2:0 S3:0 corrPDR=0.39 variance=0.06
[DQ3] node=11 t=9.00 S_total=1.00 R_i=0.40 score=0.84 y_hat=1
[RQ1] node=11 t=9.00 y_hat=1
[RQ3] node=11 t=9.00 enable_matd=0 obs_pdr=0.33 corr_pdr=0.33
[NQ1/NQ2] node=11 t=9.00 rcv=6 response=REQUIRE_ZKP should_isolate=0 isolated=0
[NQ7/NQ12] node=11 t=9.00 lambda=7 lambda1=2 lambda2=5 Ri_decayed=0.40 statistical_gate=1 zkp_gate_enabled=1 zkp_cached=1 zkp_proof=PASS
[ZQ2/ZQ3] node=11 t=9.00 zkp_cum_received=51 zkp_cum_forwarded=20
[MATD-DEBUG] node=14 maxspeed_kmh=90 speed_mps=25.00 t=9.00
[NQ5] node=14 t=9.00 rcv=6 obs_pdr=1.00 corr_pdr=1.00
[DX2] node=14 t=9.00 S_total=0.00 R_i=0.79 score=0.08 y_hat=0
[RQ1] node=14 t=9.00 y_hat=0
[RQ3] node=14 t=9.00 enable_matd=0 obs_pdr=1.00 corr_pdr=1.00
[MATD-DEBUG] node=15 maxspeed_kmh=90 speed_mps=25.00 t=9.00
[NQ5] node=15 t=9.00 rcv=6 obs_pdr=1.00 corr_pdr=1.00
[DX2] node=15 t=9.00 S_total=0.00 R_i=0.78 score=0.09 y_hat=0
[RQ1] node=15 t=9.00 y_hat=0
[RQ3] node=15 t=9.00 enable_matd=0 obs_pdr=1.00 corr_pdr=1.00
=== SHIELD-GH DETECTION METRICS (node-level) ===
  Node TP=5 TN=10 FP=0 FN=1
  M1a Detection Accuracy: 93.75%
  M1b MCC: 0.87
  M2  False Positive Rate: 0.00%
================================================
average packet delivery ratio is 8.60
average jitter is 29.42
average load balance is 96.07
TP=1.00 TN=0.00 FP=14.00 FN=0.00
M1a Detection Accuracy: 6.67%
M1b MCC: 0.00
M2 False Positive Rate: 100.00%
M4a Detection Latency: 0.00 ms
M4b Mitigation Response Time: 0.00 ms
=== Per Node PDR ===
Node 0 | LocalPDR=0.00% (Fwd=0/Rcv=0) | E2E_PDR=0.00% (0/0) | RelayPDR=6.67% (Fwd=1/Rcv=15)
Node 1 | LocalPDR=0.00% (Fwd=0/Rcv=0) | E2E_PDR=0.00% (0/0) | RelayPDR=6.67% (Fwd=1/Rcv=15)
Node 2 | LocalPDR=0.00% (Fwd=0/Rcv=0) | E2E_PDR=0.00% (0/0) | RelayPDR=6.67% (Fwd=1/Rcv=15)
Node 3 | LocalPDR=0.00% (Fwd=0/Rcv=0) | E2E_PDR=0.00% (0/0) | RelayPDR=6.67% (Fwd=1/Rcv=15)
Node 4 | LocalPDR=0.00% (Fwd=0/Rcv=0) | E2E_PDR=0.00% (0/0) | RelayPDR=6.67% (Fwd=1/Rcv=15)
Node 5 | LocalPDR=0.00% (Fwd=0/Rcv=0) | E2E_PDR=0.00% (0/0) | RelayPDR=6.67% (Fwd=1/Rcv=15)
Node 6 | LocalPDR=0.00% (Fwd=0/Rcv=0) | E2E_PDR=0.00% (0/0) | RelayPDR=6.67% (Fwd=1/Rcv=15) [DP-ATTACKER] [CP-ATTACKER]
Node 7 | LocalPDR=30.00% (Fwd=3/Rcv=10) | E2E_PDR=25.00% (1/4) | RelayPDR=0.00% (Fwd=0/Rcv=8) [DP-ATTACKER] [CP-ATTACKER]
Node 8 | LocalPDR=36.36% (Fwd=4/Rcv=11) | E2E_PDR=0.00% (0/3) | RelayPDR=8.33% (Fwd=1/Rcv=12) [DP-ATTACKER] [CP-ATTACKER]
Node 9 | LocalPDR=66.67% (Fwd=4/Rcv=6) | E2E_PDR=0.00% (0/2) | RelayPDR=7.69% (Fwd=1/Rcv=13) [DP-ATTACKER]
Node 10 | LocalPDR=0.00% (Fwd=0/Rcv=5) | E2E_PDR=0.00% (0/0) | RelayPDR=0.00% (Fwd=0/Rcv=11) [DP-ATTACKER] [CP-ATTACKER]
Node 11 | LocalPDR=33.33% (Fwd=2/Rcv=6) | E2E_PDR=0.00% (0/3) | RelayPDR=11.11% (Fwd=1/Rcv=9) [DP-ATTACKER] [CP-ATTACKER]
Node 12 | LocalPDR=0.00% (Fwd=0/Rcv=0) | E2E_PDR=0.00% (0/0) | RelayPDR=7.69% (Fwd=1/Rcv=13)
Node 13 | LocalPDR=0.00% (Fwd=0/Rcv=0) | E2E_PDR=0.00% (0/0) | RelayPDR=6.67% (Fwd=1/Rcv=15)
Node 14 | LocalPDR=100.00% (Fwd=6/Rcv=6) | E2E_PDR=0.00% (0/3) | RelayPDR=11.11% (Fwd=1/Rcv=9) [CP-ATTACKER]
Node 15 | LocalPDR=100.00% (Fwd=6/Rcv=6) | E2E_PDR=0.00% (0/0) | RelayPDR=6.67% (Fwd=1/Rcv=15) [CP-ATTACKER]
Node 16 | LocalPDR=0.00% (Fwd=0/Rcv=0) | E2E_PDR=0.00% (0/0) | RelayPDR=0.00% (Fwd=0/Rcv=0)
Node 17 | LocalPDR=0.00% (Fwd=0/Rcv=0) | E2E_PDR=0.00% (0/0) | RelayPDR=0.00% (Fwd=0/Rcv=0)
Node 18 | LocalPDR=0.00% (Fwd=0/Rcv=0) | E2E_PDR=0.00% (0/0) | RelayPDR=0.00% (Fwd=0/Rcv=0)
Node 19 | LocalPDR=0.00% (Fwd=0/Rcv=0) | E2E_PDR=0.00% (0/0) | RelayPDR=0.00% (Fwd=0/Rcv=0)
Node 20 | LocalPDR=0.00% (Fwd=0/Rcv=0) | E2E_PDR=0.00% (0/0) | RelayPDR=0.00% (Fwd=0/Rcv=0)
Node 21 | LocalPDR=0.00% (Fwd=0/Rcv=0) | E2E_PDR=0.00% (0/0) | RelayPDR=0.00% (Fwd=0/Rcv=0)
Node 22 | LocalPDR=0.00% (Fwd=0/Rcv=0) | E2E_PDR=0.00% (0/0) | RelayPDR=0.00% (Fwd=0/Rcv=0)
Node 23 | LocalPDR=0.00% (Fwd=0/Rcv=0) | E2E_PDR=0.00% (0/0) | RelayPDR=0.00% (Fwd=0/Rcv=0)
Node 24 | LocalPDR=0.00% (Fwd=0/Rcv=0) | E2E_PDR=0.00% (0/0) | RelayPDR=0.00% (Fwd=0/Rcv=0)
Node 25 | LocalPDR=0.00% (Fwd=0/Rcv=0) | E2E_PDR=0.00% (0/0) | RelayPDR=0.00% (Fwd=0/Rcv=0)
Node 26 | LocalPDR=0.00% (Fwd=0/Rcv=0) | E2E_PDR=0.00% (0/0) | RelayPDR=0.00% (Fwd=0/Rcv=0)
Node 27 | LocalPDR=0.00% (Fwd=0/Rcv=0) | E2E_PDR=0.00% (0/0) | RelayPDR=0.00% (Fwd=0/Rcv=0)
Node 28 | LocalPDR=0.00% (Fwd=0/Rcv=0) | E2E_PDR=0.00% (0/0) | RelayPDR=0.00% (Fwd=0/Rcv=0)
Node 29 | LocalPDR=0.00% (Fwd=0/Rcv=0) | E2E_PDR=0.00% (0/0) | RelayPDR=0.00% (Fwd=0/Rcv=0)
Node 30 | LocalPDR=0.00% (Fwd=0/Rcv=0) | E2E_PDR=0.00% (0/0) | RelayPDR=0.00% (Fwd=0/Rcv=0)
Node 31 | LocalPDR=0.00% (Fwd=0/Rcv=0) | E2E_PDR=0.00% (0/0) | RelayPDR=0.00% (Fwd=0/Rcv=0)
Node 32 | LocalPDR=0.00% (Fwd=0/Rcv=0) | E2E_PDR=0.00% (0/0) | RelayPDR=0.00% (Fwd=0/Rcv=0)
Node 33 | LocalPDR=0.00% (Fwd=0/Rcv=0) | E2E_PDR=0.00% (0/0) | RelayPDR=0.00% (Fwd=0/Rcv=0)
Node 34 | LocalPDR=0.00% (Fwd=0/Rcv=0) | E2E_PDR=0.00% (0/0) | RelayPDR=0.00% (Fwd=0/Rcv=0)
Node 35 | LocalPDR=0.00% (Fwd=0/Rcv=0) | E2E_PDR=0.00% (0/0) | RelayPDR=0.00% (Fwd=0/Rcv=0)
Node 36 | LocalPDR=0.00% (Fwd=0/Rcv=0) | E2E_PDR=0.00% (0/0) | RelayPDR=0.00% (Fwd=0/Rcv=0)
Node 37 | LocalPDR=0.00% (Fwd=0/Rcv=0) | E2E_PDR=0.00% (0/0) | RelayPDR=0.00% (Fwd=0/Rcv=0)
Node 38 | LocalPDR=0.00% (Fwd=0/Rcv=0) | E2E_PDR=0.00% (0/0) | RelayPDR=0.00% (Fwd=0/Rcv=0)
Node 39 | LocalPDR=0.00% (Fwd=0/Rcv=0) | E2E_PDR=0.00% (0/0) | RelayPDR=0.00% (Fwd=0/Rcv=0)
Node 40 | LocalPDR=0.00% (Fwd=0/Rcv=0) | E2E_PDR=0.00% (0/0) | RelayPDR=0.00% (Fwd=0/Rcv=0)
Node 41 | LocalPDR=0.00% (Fwd=0/Rcv=0) | E2E_PDR=0.00% (0/0) | RelayPDR=0.00% (Fwd=0/Rcv=0)
Node 42 | LocalPDR=0.00% (Fwd=0/Rcv=0) | E2E_PDR=0.00% (0/0) | RelayPDR=0.00% (Fwd=0/Rcv=0)
Node 43 | LocalPDR=0.00% (Fwd=0/Rcv=0) | E2E_PDR=0.00% (0/0) | RelayPDR=0.00% (Fwd=0/Rcv=0)
Node 44 | LocalPDR=0.00% (Fwd=0/Rcv=0) | E2E_PDR=0.00% (0/0) | RelayPDR=0.00% (Fwd=0/Rcv=0)
Node 45 | LocalPDR=0.00% (Fwd=0/Rcv=0) | E2E_PDR=0.00% (0/0) | RelayPDR=0.00% (Fwd=0/Rcv=0)
Node 46 | LocalPDR=0.00% (Fwd=0/Rcv=0) | E2E_PDR=0.00% (0/0) | RelayPDR=0.00% (Fwd=0/Rcv=0)
Node 47 | LocalPDR=0.00% (Fwd=0/Rcv=0) | E2E_PDR=0.00% (0/0) | RelayPDR=0.00% (Fwd=0/Rcv=0)
Node 48 | LocalPDR=0.00% (Fwd=0/Rcv=0) | E2E_PDR=0.00% (0/0) | RelayPDR=0.00% (Fwd=0/Rcv=0)
Node 49 | LocalPDR=0.00% (Fwd=0/Rcv=0) | E2E_PDR=0.00% (0/0) | RelayPDR=0.00% (Fwd=0/Rcv=0)
Node 50 | LocalPDR=0.00% (Fwd=0/Rcv=0) | E2E_PDR=0.00% (0/0) | RelayPDR=0.00% (Fwd=0/Rcv=0)
Node 51 | LocalPDR=0.00% (Fwd=0/Rcv=0) | E2E_PDR=0.00% (0/0) | RelayPDR=0.00% (Fwd=0/Rcv=0)
Node 52 | LocalPDR=0.00% (Fwd=0/Rcv=0) | E2E_PDR=0.00% (0/0) | RelayPDR=0.00% (Fwd=0/Rcv=0)
Node 53 | LocalPDR=0.00% (Fwd=0/Rcv=0) | E2E_PDR=0.00% (0/0) | RelayPDR=0.00% (Fwd=0/Rcv=0)
Node 54 | LocalPDR=0.00% (Fwd=0/Rcv=0) | E2E_PDR=0.00% (0/0) | RelayPDR=0.00% (Fwd=0/Rcv=0)
Node 55 | LocalPDR=0.00% (Fwd=0/Rcv=0) | E2E_PDR=0.00% (0/0) | RelayPDR=0.00% (Fwd=0/Rcv=0)
Node 56 | LocalPDR=0.00% (Fwd=0/Rcv=0) | E2E_PDR=0.00% (0/0) | RelayPDR=0.00% (Fwd=0/Rcv=0)
Node 57 | LocalPDR=0.00% (Fwd=0/Rcv=0) | E2E_PDR=0.00% (0/0) | RelayPDR=0.00% (Fwd=0/Rcv=0)
Node 58 | LocalPDR=0.00% (Fwd=0/Rcv=0) | E2E_PDR=0.00% (0/0) | RelayPDR=0.00% (Fwd=0/Rcv=0)
Node 59 | LocalPDR=0.00% (Fwd=0/Rcv=0) | E2E_PDR=0.00% (0/0) | RelayPDR=0.00% (Fwd=0/Rcv=0)
Node 60 | LocalPDR=0.00% (Fwd=0/Rcv=0) | E2E_PDR=0.00% (0/0) | RelayPDR=0.00% (Fwd=0/Rcv=0)
Node 61 | LocalPDR=0.00% (Fwd=0/Rcv=0) | E2E_PDR=0.00% (0/0) | RelayPDR=0.00% (Fwd=0/Rcv=0)
Node 62 | LocalPDR=0.00% (Fwd=0/Rcv=0) | E2E_PDR=0.00% (0/0) | RelayPDR=0.00% (Fwd=0/Rcv=0)
Node 63 | LocalPDR=0.00% (Fwd=0/Rcv=0) | E2E_PDR=0.00% (0/0) | RelayPDR=0.00% (Fwd=0/Rcv=0)
Node 64 | LocalPDR=0.00% (Fwd=0/Rcv=0) | E2E_PDR=0.00% (0/0) | RelayPDR=0.00% (Fwd=0/Rcv=0)
Node 65 | LocalPDR=0.00% (Fwd=0/Rcv=0) | E2E_PDR=0.00% (0/0) | RelayPDR=0.00% (Fwd=0/Rcv=0)
Node 66 | LocalPDR=0.00% (Fwd=0/Rcv=0) | E2E_PDR=0.00% (0/0) | RelayPDR=0.00% (Fwd=0/Rcv=0)
Node 67 | LocalPDR=0.00% (Fwd=0/Rcv=0) | E2E_PDR=0.00% (0/0) | RelayPDR=0.00% (Fwd=0/Rcv=0)
Node 68 | LocalPDR=0.00% (Fwd=0/Rcv=0) | E2E_PDR=0.00% (0/0) | RelayPDR=0.00% (Fwd=0/Rcv=0)
Node 69 | LocalPDR=0.00% (Fwd=0/Rcv=0) | E2E_PDR=0.00% (0/0) | RelayPDR=0.00% (Fwd=0/Rcv=0)
Node 70 | LocalPDR=0.00% (Fwd=0/Rcv=0) | E2E_PDR=0.00% (0/0) | RelayPDR=0.00% (Fwd=0/Rcv=0)
Node 71 | LocalPDR=0.00% (Fwd=0/Rcv=0) | E2E_PDR=0.00% (0/0) | RelayPDR=0.00% (Fwd=0/Rcv=0)
Node 72 | LocalPDR=0.00% (Fwd=0/Rcv=0) | E2E_PDR=0.00% (0/0) | RelayPDR=0.00% (Fwd=0/Rcv=0)
Node 73 | LocalPDR=0.00% (Fwd=0/Rcv=0) | E2E_PDR=0.00% (0/0) | RelayPDR=0.00% (Fwd=0/Rcv=0)
Node 74 | LocalPDR=0.00% (Fwd=0/Rcv=0) | E2E_PDR=0.00% (0/0) | RelayPDR=0.00% (Fwd=0/Rcv=0)
Node 75 | LocalPDR=0.00% (Fwd=0/Rcv=0) | E2E_PDR=0.00% (0/0) | RelayPDR=0.00% (Fwd=0/Rcv=0)
Node 76 | LocalPDR=0.00% (Fwd=0/Rcv=0) | E2E_PDR=0.00% (0/0) | RelayPDR=0.00% (Fwd=0/Rcv=0)
Node 77 | LocalPDR=0.00% (Fwd=0/Rcv=0) | E2E_PDR=0.00% (0/0) | RelayPDR=0.00% (Fwd=0/Rcv=0)
Node 78 | LocalPDR=0.00% (Fwd=0/Rcv=0) | E2E_PDR=0.00% (0/0) | RelayPDR=0.00% (Fwd=0/Rcv=0)
Node 79 | LocalPDR=0.00% (Fwd=0/Rcv=0) | E2E_PDR=0.00% (0/0) | RelayPDR=0.00% (Fwd=0/Rcv=0)
Node 80 | LocalPDR=0.00% (Fwd=0/Rcv=0) | E2E_PDR=0.00% (0/0) | RelayPDR=0.00% (Fwd=0/Rcv=0)
Node 81 | LocalPDR=0.00% (Fwd=0/Rcv=0) | E2E_PDR=0.00% (0/0) | RelayPDR=0.00% (Fwd=0/Rcv=0)
Node 82 | LocalPDR=0.00% (Fwd=0/Rcv=0) | E2E_PDR=0.00% (0/0) | RelayPDR=0.00% (Fwd=0/Rcv=0)
Node 83 | LocalPDR=0.00% (Fwd=0/Rcv=0) | E2E_PDR=0.00% (0/0) | RelayPDR=0.00% (Fwd=0/Rcv=0)
Node 84 | LocalPDR=0.00% (Fwd=0/Rcv=0) | E2E_PDR=0.00% (0/0) | RelayPDR=0.00% (Fwd=0/Rcv=0)
Node 85 | LocalPDR=0.00% (Fwd=0/Rcv=0) | E2E_PDR=0.00% (0/0) | RelayPDR=0.00% (Fwd=0/Rcv=0)
Node 86 | LocalPDR=0.00% (Fwd=0/Rcv=0) | E2E_PDR=0.00% (0/0) | RelayPDR=0.00% (Fwd=0/Rcv=0)
Node 87 | LocalPDR=0.00% (Fwd=0/Rcv=0) | E2E_PDR=0.00% (0/0) | RelayPDR=0.00% (Fwd=0/Rcv=0)
Node 88 | LocalPDR=0.00% (Fwd=0/Rcv=0) | E2E_PDR=0.00% (0/0) | RelayPDR=0.00% (Fwd=0/Rcv=0)
Node 89 | LocalPDR=0.00% (Fwd=0/Rcv=0) | E2E_PDR=0.00% (0/0) | RelayPDR=0.00% (Fwd=0/Rcv=0)
Node 90 | LocalPDR=0.00% (Fwd=0/Rcv=0) | E2E_PDR=0.00% (0/0) | RelayPDR=0.00% (Fwd=0/Rcv=0)
Node 91 | LocalPDR=0.00% (Fwd=0/Rcv=0) | E2E_PDR=0.00% (0/0) | RelayPDR=0.00% (Fwd=0/Rcv=0)
Node 92 | LocalPDR=0.00% (Fwd=0/Rcv=0) | E2E_PDR=0.00% (0/0) | RelayPDR=0.00% (Fwd=0/Rcv=0)
Node 93 | LocalPDR=0.00% (Fwd=0/Rcv=0) | E2E_PDR=0.00% (0/0) | RelayPDR=0.00% (Fwd=0/Rcv=0)
Node 94 | LocalPDR=0.00% (Fwd=0/Rcv=0) | E2E_PDR=0.00% (0/0) | RelayPDR=0.00% (Fwd=0/Rcv=0)
Node 95 | LocalPDR=0.00% (Fwd=0/Rcv=0) | E2E_PDR=0.00% (0/0) | RelayPDR=0.00% (Fwd=0/Rcv=0)
Node 96 | LocalPDR=0.00% (Fwd=0/Rcv=0) | E2E_PDR=0.00% (0/0) | RelayPDR=0.00% (Fwd=0/Rcv=0)
Node 97 | LocalPDR=0.00% (Fwd=0/Rcv=0) | E2E_PDR=0.00% (0/0) | RelayPDR=0.00% (Fwd=0/Rcv=0)
Node 98 | LocalPDR=0.00% (Fwd=0/Rcv=0) | E2E_PDR=0.00% (0/0) | RelayPDR=0.00% (Fwd=0/Rcv=0)
Node 99 | LocalPDR=0.00% (Fwd=0/Rcv=0) | E2E_PDR=0.00% (0/0) | RelayPDR=0.00% (Fwd=0/Rcv=0)
Node 100 | LocalPDR=0.00% (Fwd=0/Rcv=0) | E2E_PDR=0.00% (0/0) | RelayPDR=0.00% (Fwd=0/Rcv=0)
Node 101 | LocalPDR=0.00% (Fwd=0/Rcv=0) | E2E_PDR=0.00% (0/0) | RelayPDR=0.00% (Fwd=0/Rcv=0)
Node 102 | LocalPDR=0.00% (Fwd=0/Rcv=0) | E2E_PDR=0.00% (0/0) | RelayPDR=0.00% (Fwd=0/Rcv=0)
Node 103 | LocalPDR=0.00% (Fwd=0/Rcv=0) | E2E_PDR=0.00% (0/0) | RelayPDR=0.00% (Fwd=0/Rcv=0)
Node 104 | LocalPDR=0.00% (Fwd=0/Rcv=0) | E2E_PDR=0.00% (0/0) | RelayPDR=0.00% (Fwd=0/Rcv=0)
Node 105 | LocalPDR=0.00% (Fwd=0/Rcv=0) | E2E_PDR=0.00% (0/0) | RelayPDR=0.00% (Fwd=0/Rcv=0)
Node 106 | LocalPDR=0.00% (Fwd=0/Rcv=0) | E2E_PDR=0.00% (0/0) | RelayPDR=0.00% (Fwd=0/Rcv=0)
Node 107 | LocalPDR=0.00% (Fwd=0/Rcv=0) | E2E_PDR=0.00% (0/0) | RelayPDR=0.00% (Fwd=0/Rcv=0)
Node 108 | LocalPDR=0.00% (Fwd=0/Rcv=0) | E2E_PDR=0.00% (0/0) | RelayPDR=0.00% (Fwd=0/Rcv=0)
Node 109 | LocalPDR=0.00% (Fwd=0/Rcv=0) | E2E_PDR=0.00% (0/0) | RelayPDR=0.00% (Fwd=0/Rcv=0)
Node 110 | LocalPDR=0.00% (Fwd=0/Rcv=0) | E2E_PDR=0.00% (0/0) | RelayPDR=0.00% (Fwd=0/Rcv=0)
Node 111 | LocalPDR=0.00% (Fwd=0/Rcv=0) | E2E_PDR=0.00% (0/0) | RelayPDR=0.00% (Fwd=0/Rcv=0)
Node 112 | LocalPDR=0.00% (Fwd=0/Rcv=0) | E2E_PDR=0.00% (0/0) | RelayPDR=0.00% (Fwd=0/Rcv=0)
Node 113 | LocalPDR=0.00% (Fwd=0/Rcv=0) | E2E_PDR=0.00% (0/0) | RelayPDR=0.00% (Fwd=0/Rcv=0)
Node 114 | LocalPDR=0.00% (Fwd=0/Rcv=0) | E2E_PDR=0.00% (0/0) | RelayPDR=0.00% (Fwd=0/Rcv=0)
Node 115 | LocalPDR=0.00% (Fwd=0/Rcv=0) | E2E_PDR=0.00% (0/0) | RelayPDR=0.00% (Fwd=0/Rcv=0)
Node 116 | LocalPDR=0.00% (Fwd=0/Rcv=0) | E2E_PDR=0.00% (0/0) | RelayPDR=0.00% (Fwd=0/Rcv=0)
Node 117 | LocalPDR=0.00% (Fwd=0/Rcv=0) | E2E_PDR=0.00% (0/0) | RelayPDR=0.00% (Fwd=0/Rcv=0)
Node 118 | LocalPDR=0.00% (Fwd=0/Rcv=0) | E2E_PDR=0.00% (0/0) | RelayPDR=0.00% (Fwd=0/Rcv=0)
Node 119 | LocalPDR=0.00% (Fwd=0/Rcv=0) | E2E_PDR=0.00% (0/0) | RelayPDR=0.00% (Fwd=0/Rcv=0)
Node 120 | LocalPDR=0.00% (Fwd=0/Rcv=0) | E2E_PDR=0.00% (0/0) | RelayPDR=0.00% (Fwd=0/Rcv=0)
Node 121 | LocalPDR=0.00% (Fwd=0/Rcv=0) | E2E_PDR=0.00% (0/0) | RelayPDR=0.00% (Fwd=0/Rcv=0)
Node 122 | LocalPDR=0.00% (Fwd=0/Rcv=0) | E2E_PDR=0.00% (0/0) | RelayPDR=0.00% (Fwd=0/Rcv=0)
Node 123 | LocalPDR=0.00% (Fwd=0/Rcv=0) | E2E_PDR=0.00% (0/0) | RelayPDR=0.00% (Fwd=0/Rcv=0)
Node 124 | LocalPDR=0.00% (Fwd=0/Rcv=0) | E2E_PDR=0.00% (0/0) | RelayPDR=0.00% (Fwd=0/Rcv=0)
Node 125 | LocalPDR=0.00% (Fwd=0/Rcv=0) | E2E_PDR=0.00% (0/0) | RelayPDR=0.00% (Fwd=0/Rcv=0)
Node 126 | LocalPDR=0.00% (Fwd=0/Rcv=0) | E2E_PDR=0.00% (0/0) | RelayPDR=0.00% (Fwd=0/Rcv=0)
Node 127 | LocalPDR=0.00% (Fwd=0/Rcv=0) | E2E_PDR=0.00% (0/0) | RelayPDR=0.00% (Fwd=0/Rcv=0)
Node 128 | LocalPDR=0.00% (Fwd=0/Rcv=0) | E2E_PDR=0.00% (0/0) | RelayPDR=0.00% (Fwd=0/Rcv=0)
Node 129 | LocalPDR=0.00% (Fwd=0/Rcv=0) | E2E_PDR=0.00% (0/0) | RelayPDR=0.00% (Fwd=0/Rcv=0)
Node 130 | LocalPDR=0.00% (Fwd=0/Rcv=0) | E2E_PDR=0.00% (0/0) | RelayPDR=0.00% (Fwd=0/Rcv=0)
Node 131 | LocalPDR=0.00% (Fwd=0/Rcv=0) | E2E_PDR=0.00% (0/0) | RelayPDR=0.00% (Fwd=0/Rcv=0)
Node 132 | LocalPDR=0.00% (Fwd=0/Rcv=0) | E2E_PDR=0.00% (0/0) | RelayPDR=0.00% (Fwd=0/Rcv=0)
Node 133 | LocalPDR=0.00% (Fwd=0/Rcv=0) | E2E_PDR=0.00% (0/0) | RelayPDR=0.00% (Fwd=0/Rcv=0)
Node 134 | LocalPDR=0.00% (Fwd=0/Rcv=0) | E2E_PDR=0.00% (0/0) | RelayPDR=0.00% (Fwd=0/Rcv=0)
Node 135 | LocalPDR=0.00% (Fwd=0/Rcv=0) | E2E_PDR=0.00% (0/0) | RelayPDR=0.00% (Fwd=0/Rcv=0)
Node 136 | LocalPDR=0.00% (Fwd=0/Rcv=0) | E2E_PDR=0.00% (0/0) | RelayPDR=0.00% (Fwd=0/Rcv=0)
Node 137 | LocalPDR=0.00% (Fwd=0/Rcv=0) | E2E_PDR=0.00% (0/0) | RelayPDR=0.00% (Fwd=0/Rcv=0)
Node 138 | LocalPDR=0.00% (Fwd=0/Rcv=0) | E2E_PDR=0.00% (0/0) | RelayPDR=0.00% (Fwd=0/Rcv=0)
Node 139 | LocalPDR=0.00% (Fwd=0/Rcv=0) | E2E_PDR=0.00% (0/0) | RelayPDR=0.00% (Fwd=0/Rcv=0)
Node 140 | LocalPDR=0.00% (Fwd=0/Rcv=0) | E2E_PDR=0.00% (0/0) | RelayPDR=0.00% (Fwd=0/Rcv=0)
Node 141 | LocalPDR=0.00% (Fwd=0/Rcv=0) | E2E_PDR=0.00% (0/0) | RelayPDR=0.00% (Fwd=0/Rcv=0)
Node 142 | LocalPDR=0.00% (Fwd=0/Rcv=0) | E2E_PDR=0.00% (0/0) | RelayPDR=0.00% (Fwd=0/Rcv=0)
Node 143 | LocalPDR=0.00% (Fwd=0/Rcv=0) | E2E_PDR=0.00% (0/0) | RelayPDR=0.00% (Fwd=0/Rcv=0)
Node 144 | LocalPDR=0.00% (Fwd=0/Rcv=0) | E2E_PDR=0.00% (0/0) | RelayPDR=0.00% (Fwd=0/Rcv=0)
Node 145 | LocalPDR=0.00% (Fwd=0/Rcv=0) | E2E_PDR=0.00% (0/0) | RelayPDR=0.00% (Fwd=0/Rcv=0)
Node 146 | LocalPDR=0.00% (Fwd=0/Rcv=0) | E2E_PDR=0.00% (0/0) | RelayPDR=0.00% (Fwd=0/Rcv=0)
Node 147 | LocalPDR=0.00% (Fwd=0/Rcv=0) | E2E_PDR=0.00% (0/0) | RelayPDR=0.00% (Fwd=0/Rcv=0)
Node 148 | LocalPDR=0.00% (Fwd=0/Rcv=0) | E2E_PDR=0.00% (0/0) | RelayPDR=0.00% (Fwd=0/Rcv=0)
Node 149 | LocalPDR=0.00% (Fwd=0/Rcv=0) | E2E_PDR=0.00% (0/0) | RelayPDR=0.00% (Fwd=0/Rcv=0)
Node 150 | LocalPDR=0.00% (Fwd=0/Rcv=0) | E2E_PDR=0.00% (0/0) | RelayPDR=0.00% (Fwd=0/Rcv=0)
Node 151 | LocalPDR=0.00% (Fwd=0/Rcv=0) | E2E_PDR=0.00% (0/0) | RelayPDR=0.00% (Fwd=0/Rcv=0)
Node 152 | LocalPDR=0.00% (Fwd=0/Rcv=0) | E2E_PDR=0.00% (0/0) | RelayPDR=0.00% (Fwd=0/Rcv=0)
Node 153 | LocalPDR=0.00% (Fwd=0/Rcv=0) | E2E_PDR=0.00% (0/0) | RelayPDR=0.00% (Fwd=0/Rcv=0)
Node 154 | LocalPDR=0.00% (Fwd=0/Rcv=0) | E2E_PDR=0.00% (0/0) | RelayPDR=0.00% (Fwd=0/Rcv=0)
Node 155 | LocalPDR=0.00% (Fwd=0/Rcv=0) | E2E_PDR=0.00% (0/0) | RelayPDR=0.00% (Fwd=0/Rcv=0)
Node 156 | LocalPDR=0.00% (Fwd=0/Rcv=0) | E2E_PDR=0.00% (0/0) | RelayPDR=0.00% (Fwd=0/Rcv=0)
Node 157 | LocalPDR=0.00% (Fwd=0/Rcv=0) | E2E_PDR=0.00% (0/0) | RelayPDR=0.00% (Fwd=0/Rcv=0)
Node 158 | LocalPDR=0.00% (Fwd=0/Rcv=0) | E2E_PDR=0.00% (0/0) | RelayPDR=0.00% (Fwd=0/Rcv=0)
Node 159 | LocalPDR=0.00% (Fwd=0/Rcv=0) | E2E_PDR=0.00% (0/0) | RelayPDR=0.00% (Fwd=0/Rcv=0)
Node 160 | LocalPDR=0.00% (Fwd=0/Rcv=0) | E2E_PDR=0.00% (0/0) | RelayPDR=0.00% (Fwd=0/Rcv=0)
Node 161 | LocalPDR=0.00% (Fwd=0/Rcv=0) | E2E_PDR=0.00% (0/0) | RelayPDR=0.00% (Fwd=0/Rcv=0)
Node 162 | LocalPDR=0.00% (Fwd=0/Rcv=0) | E2E_PDR=0.00% (0/0) | RelayPDR=0.00% (Fwd=0/Rcv=0)
Node 163 | LocalPDR=0.00% (Fwd=0/Rcv=0) | E2E_PDR=0.00% (0/0) | RelayPDR=0.00% (Fwd=0/Rcv=0)
Node 164 | LocalPDR=0.00% (Fwd=0/Rcv=0) | E2E_PDR=0.00% (0/0) | RelayPDR=0.00% (Fwd=0/Rcv=0)
Node 165 | LocalPDR=0.00% (Fwd=0/Rcv=0) | E2E_PDR=0.00% (0/0) | RelayPDR=0.00% (Fwd=0/Rcv=0)
Node 166 | LocalPDR=0.00% (Fwd=0/Rcv=0) | E2E_PDR=0.00% (0/0) | RelayPDR=0.00% (Fwd=0/Rcv=0)
Node 167 | LocalPDR=0.00% (Fwd=0/Rcv=0) | E2E_PDR=0.00% (0/0) | RelayPDR=0.00% (Fwd=0/Rcv=0)
Node 168 | LocalPDR=0.00% (Fwd=0/Rcv=0) | E2E_PDR=0.00% (0/0) | RelayPDR=0.00% (Fwd=0/Rcv=0)
Node 169 | LocalPDR=0.00% (Fwd=0/Rcv=0) | E2E_PDR=0.00% (0/0) | RelayPDR=0.00% (Fwd=0/Rcv=0)
Node 170 | LocalPDR=0.00% (Fwd=0/Rcv=0) | E2E_PDR=0.00% (0/0) | RelayPDR=0.00% (Fwd=0/Rcv=0)
Node 171 | LocalPDR=0.00% (Fwd=0/Rcv=0) | E2E_PDR=0.00% (0/0) | RelayPDR=0.00% (Fwd=0/Rcv=0)
Node 172 | LocalPDR=0.00% (Fwd=0/Rcv=0) | E2E_PDR=0.00% (0/0) | RelayPDR=0.00% (Fwd=0/Rcv=0)
Node 173 | LocalPDR=0.00% (Fwd=0/Rcv=0) | E2E_PDR=0.00% (0/0) | RelayPDR=0.00% (Fwd=0/Rcv=0)
Node 174 | LocalPDR=0.00% (Fwd=0/Rcv=0) | E2E_PDR=0.00% (0/0) | RelayPDR=0.00% (Fwd=0/Rcv=0)
Node 175 | LocalPDR=0.00% (Fwd=0/Rcv=0) | E2E_PDR=0.00% (0/0) | RelayPDR=0.00% (Fwd=0/Rcv=0)
Node 176 | LocalPDR=0.00% (Fwd=0/Rcv=0) | E2E_PDR=0.00% (0/0) | RelayPDR=0.00% (Fwd=0/Rcv=0)
Node 177 | LocalPDR=0.00% (Fwd=0/Rcv=0) | E2E_PDR=0.00% (0/0) | RelayPDR=0.00% (Fwd=0/Rcv=0)
Node 178 | LocalPDR=0.00% (Fwd=0/Rcv=0) | E2E_PDR=0.00% (0/0) | RelayPDR=0.00% (Fwd=0/Rcv=0)
Node 179 | LocalPDR=0.00% (Fwd=0/Rcv=0) | E2E_PDR=0.00% (0/0) | RelayPDR=0.00% (Fwd=0/Rcv=0)
Node 180 | LocalPDR=0.00% (Fwd=0/Rcv=0) | E2E_PDR=0.00% (0/0) | RelayPDR=0.00% (Fwd=0/Rcv=0)
Node 181 | LocalPDR=0.00% (Fwd=0/Rcv=0) | E2E_PDR=0.00% (0/0) | RelayPDR=0.00% (Fwd=0/Rcv=0)
Node 182 | LocalPDR=0.00% (Fwd=0/Rcv=0) | E2E_PDR=0.00% (0/0) | RelayPDR=0.00% (Fwd=0/Rcv=0)
Node 183 | LocalPDR=0.00% (Fwd=0/Rcv=0) | E2E_PDR=0.00% (0/0) | RelayPDR=0.00% (Fwd=0/Rcv=0)
Node 184 | LocalPDR=0.00% (Fwd=0/Rcv=0) | E2E_PDR=0.00% (0/0) | RelayPDR=0.00% (Fwd=0/Rcv=0)
Node 185 | LocalPDR=0.00% (Fwd=0/Rcv=0) | E2E_PDR=0.00% (0/0) | RelayPDR=0.00% (Fwd=0/Rcv=0)
Node 186 | LocalPDR=0.00% (Fwd=0/Rcv=0) | E2E_PDR=0.00% (0/0) | RelayPDR=0.00% (Fwd=0/Rcv=0)
Node 187 | LocalPDR=0.00% (Fwd=0/Rcv=0) | E2E_PDR=0.00% (0/0) | RelayPDR=0.00% (Fwd=0/Rcv=0)
Node 188 | LocalPDR=0.00% (Fwd=0/Rcv=0) | E2E_PDR=0.00% (0/0) | RelayPDR=0.00% (Fwd=0/Rcv=0)
Node 189 | LocalPDR=0.00% (Fwd=0/Rcv=0) | E2E_PDR=0.00% (0/0) | RelayPDR=0.00% (Fwd=0/Rcv=0)
Node 190 | LocalPDR=0.00% (Fwd=0/Rcv=0) | E2E_PDR=0.00% (0/0) | RelayPDR=0.00% (Fwd=0/Rcv=0)
Node 191 | LocalPDR=0.00% (Fwd=0/Rcv=0) | E2E_PDR=0.00% (0/0) | RelayPDR=0.00% (Fwd=0/Rcv=0)
Node 192 | LocalPDR=0.00% (Fwd=0/Rcv=0) | E2E_PDR=0.00% (0/0) | RelayPDR=0.00% (Fwd=0/Rcv=0)
Node 193 | LocalPDR=0.00% (Fwd=0/Rcv=0) | E2E_PDR=0.00% (0/0) | RelayPDR=0.00% (Fwd=0/Rcv=0)
Node 194 | LocalPDR=0.00% (Fwd=0/Rcv=0) | E2E_PDR=0.00% (0/0) | RelayPDR=0.00% (Fwd=0/Rcv=0)
Node 195 | LocalPDR=0.00% (Fwd=0/Rcv=0) | E2E_PDR=0.00% (0/0) | RelayPDR=0.00% (Fwd=0/Rcv=0)
Node 196 | LocalPDR=0.00% (Fwd=0/Rcv=0) | E2E_PDR=0.00% (0/0) | RelayPDR=0.00% (Fwd=0/Rcv=0)
Node 197 | LocalPDR=0.00% (Fwd=0/Rcv=0) | E2E_PDR=0.00% (0/0) | RelayPDR=0.00% (Fwd=0/Rcv=0)
Node 198 | LocalPDR=0.00% (Fwd=0/Rcv=0) | E2E_PDR=0.00% (0/0) | RelayPDR=0.00% (Fwd=0/Rcv=0)
Node 199 | LocalPDR=0.00% (Fwd=0/Rcv=0) | E2E_PDR=0.00% (0/0) | RelayPDR=0.00% (Fwd=0/Rcv=0)
Node 200 | LocalPDR=0.00% (Fwd=0/Rcv=0) | E2E_PDR=0.00% (0/0) | RelayPDR=0.00% (Fwd=0/Rcv=0)
Node 201 | LocalPDR=0.00% (Fwd=0/Rcv=0) | E2E_PDR=0.00% (0/0) | RelayPDR=0.00% (Fwd=0/Rcv=0)
Node 202 | LocalPDR=0.00% (Fwd=0/Rcv=0) | E2E_PDR=0.00% (0/0) | RelayPDR=0.00% (Fwd=0/Rcv=0)
Node 203 | LocalPDR=0.00% (Fwd=0/Rcv=0) | E2E_PDR=0.00% (0/0) | RelayPDR=0.00% (Fwd=0/Rcv=0)
Node 204 | LocalPDR=0.00% (Fwd=0/Rcv=0) | E2E_PDR=0.00% (0/0) | RelayPDR=0.00% (Fwd=0/Rcv=0)
====================
written to file successfully
Retransmission packet dropped for flow id 8packet ID: 3
Retransmission packet dropped for flow id 8packet ID: 2
Retransmission packet dropped for flow id 5packet ID: 3
Retransmission packet dropped for flow id 3packet ID: 2
Retransmission packet dropped for flow id 2packet ID: 3
Intial transmission packet dropped for flow id 8packet ID: 1
Intial transmission packet dropped for flow id 8packet ID: 2
Intial transmission packet dropped for flow id 8packet ID: 3
Intial transmission packet dropped for flow id 11packet ID: 1
Intial transmission packet dropped for flow id 11packet ID: 2
Intial transmission packet dropped for flow id 11packet ID: 3
=== GREY HOLE DROP SUMMARY ===
Node 0 [BENIGN]   Dropped=0 Forwarded=0
Node 1 [BENIGN]   Dropped=0 Forwarded=0
Node 2 [BENIGN]   Dropped=0 Forwarded=0
Node 3 [BENIGN]   Dropped=0 Forwarded=0
Node 4 [BENIGN]   Dropped=0 Forwarded=0
Node 5 [BENIGN]   Dropped=0 Forwarded=0
Node 6 [ATTACKER] Dropped=0 Forwarded=0
Node 7 [ATTACKER] Dropped=54 Forwarded=0
Node 8 [ATTACKER] Dropped=40 Forwarded=0
Node 9 [ATTACKER] Dropped=39 Forwarded=0
Node 10 [ATTACKER] Dropped=48 Forwarded=0
Node 11 [ATTACKER] Dropped=44 Forwarded=0
Node 12 [BENIGN]   Dropped=0 Forwarded=0
Node 13 [BENIGN]   Dropped=0 Forwarded=0
Node 14 [BENIGN]   Dropped=0 Forwarded=0
Node 15 [BENIGN]   Dropped=0 Forwarded=0
==============================
=== SHIELD-GH CUMULATIVE DETECTION METRICS (all windows) ===
  Cum TP=39 TN=80 FP=0 FN=9 (n_evals=128)
  CUM M1a Detection Accuracy: 92.97%
  CUM M1b MCC: 0.85
  CUM M2  False Positive Rate: 0.00%
  --- Controller-plane (LW-CP-Det, M=4 controllers) ---
  CP TP=16 TN=16 FP=0 FN=0 (n_evals=32)
  CP MCC: 1.00
================================================================
=== SHIELD-GH PER-NODE CUMULATIVE CONFUSION MATRIX (all nodes) ===
  [RQ5/RQ8] node=0 cum_TP=0 cum_TN=8 cum_FP=0 cum_FN=0
  [RQ5/RQ8] node=1 cum_TP=0 cum_TN=8 cum_FP=0 cum_FN=0
  [RQ5/RQ8] node=2 cum_TP=0 cum_TN=8 cum_FP=0 cum_FN=0
  [RQ5/RQ8] node=3 cum_TP=0 cum_TN=8 cum_FP=0 cum_FN=0
  [RQ5/RQ8] node=4 cum_TP=0 cum_TN=8 cum_FP=0 cum_FN=0
  [RQ5/RQ8] node=5 cum_TP=0 cum_TN=8 cum_FP=0 cum_FN=0
  [RQ5/RQ8] node=6 cum_TP=0 cum_TN=0 cum_FP=0 cum_FN=8
  [RQ5/RQ8] node=7 cum_TP=8 cum_TN=0 cum_FP=0 cum_FN=0
  [RQ5/RQ8] node=8 cum_TP=8 cum_TN=0 cum_FP=0 cum_FN=0
  [RQ5/RQ8] node=9 cum_TP=8 cum_TN=0 cum_FP=0 cum_FN=0
  [RQ5/RQ8] node=10 cum_TP=7 cum_TN=0 cum_FP=0 cum_FN=1
  [RQ5/RQ8] node=11 cum_TP=8 cum_TN=0 cum_FP=0 cum_FN=0
  [RQ5/RQ8] node=12 cum_TP=0 cum_TN=8 cum_FP=0 cum_FN=0
  [RQ5/RQ8] node=13 cum_TP=0 cum_TN=8 cum_FP=0 cum_FN=0
  [RQ5/RQ8] node=14 cum_TP=0 cum_TN=8 cum_FP=0 cum_FN=0
  [RQ5/RQ8] node=15 cum_TP=0 cum_TN=8 cum_FP=0 cum_FN=0
================================================================
=== PDQ3 Per-Flow PDR ===
  [PDQ3] flow=0 source=6 dest=9 sent=3 delivered=0 PDR=0.00%
  [PDQ3] flow=1 source=7 dest=10 sent=0 delivered=0 PDR=0.00%
  [PDQ3] flow=2 source=8 dest=11 sent=2 delivered=0 PDR=0.00%
  [PDQ3] flow=3 source=9 dest=12 sent=0 delivered=0 PDR=0.00%
  [PDQ3] flow=4 source=10 dest=13 sent=2 delivered=0 PDR=0.00%
  [PDQ3] flow=5 source=11 dest=14 sent=2 delivered=0 PDR=0.00%
  [PDQ3] flow=6 source=12 dest=15 sent=0 delivered=0 PDR=0.00%
  [PDQ3] flow=7 source=13 dest=6 sent=2 delivered=0 PDR=0.00%
  [PDQ3] flow=8 source=14 dest=7 sent=0 delivered=0 PDR=0.00%
  [PDQ3] flow=9 source=15 dest=8 sent=2 delivered=0 PDR=0.00%
  [PDQ3] flow=10 source=6 dest=9 sent=1 delivered=0 PDR=0.00%
  [PDQ3] flow=11 source=7 dest=10 sent=1 delivered=1 PDR=100.00%
====================
=== CQ6 node_total_forwarded run totals ===
  [CQ6] node=0 cum_forwarded=0 cum_received=0
  [CQ6] node=1 cum_forwarded=0 cum_received=0
  [CQ6] node=2 cum_forwarded=0 cum_received=0
  [CQ6] node=3 cum_forwarded=0 cum_received=0
  [CQ6] node=4 cum_forwarded=0 cum_received=0
  [CQ6] node=5 cum_forwarded=0 cum_received=0
  [CQ6] node=6 cum_forwarded=0 cum_received=0
  [CQ6] node=7 cum_forwarded=22 cum_received=55
  [CQ6] node=8 cum_forwarded=15 cum_received=47
  [CQ6] node=9 cum_forwarded=13 cum_received=43
  [CQ6] node=10 cum_forwarded=18 cum_received=55
  [CQ6] node=11 cum_forwarded=20 cum_received=51
  [CQ6] node=12 cum_forwarded=16 cum_received=16
  [CQ6] node=13 cum_forwarded=0 cum_received=0
  [CQ6] node=14 cum_forwarded=28 cum_received=27
  [CQ6] node=15 cum_forwarded=22 cum_received=22

--- STDERR ---
























































































































































































































































































